#include "albums.h"

// GENERATED by build_albums.py — do not hand-edit.

const AlbumArt ALBUMS[] = {
  {
    "Hamilton",
    "LMM",
    {
    0xF776, 0xF6EE, 0xF6AE, 0xFEAA, 0xFE6B, 0xEE6F, 0xFE6A, 0xF669, 0xFE4B, 0xFE0A, 0xFE29, 0xFE08, 0xF62C, 0xF609, 0xF5EA, 0xF5E8,
    0xF5C9, 0xF5A9, 0xFDE7, 0xF5E7, 0xF5A7, 0xF587, 0xF5C9, 0xF5C7, 0xF587, 0xEDA8, 0xE5AA, 0xF567, 0xED67, 0xF565, 0xED45, 0xE568,
    0xE566, 0xE547, 0xE545, 0xED26, 0xE527, 0xE506, 0xED25, 0xECE5, 0xE505, 0xDD47, 0xDD26, 0xDD06, 0xDCE6, 0xDCE5, 0xDD26, 0xDCE6,
    0xDCE6, 0xD4E6, 0xC50D, 0xE4C5, 0xDCA5, 0xDCC5, 0xDCA5, 0xDCC6, 0xDCC5, 0xDCA6, 0xDCA5, 0xD4C7, 0xD4A6, 0xD4A6, 0xD4A5, 0xD4A5,
    0xD485, 0xDC85, 0xDC85, 0xD485, 0xDC65, 0xDC45, 0xD486, 0xD485, 0xD445, 0xD486, 0xCC66, 0xD465, 0xCC45, 0xCC25, 0xCCA6, 0xCC86,
    0xCC86, 0xCC85, 0xCC66, 0xCC65, 0xCC46, 0xC446, 0xCC45, 0xCC26, 0xCC25, 0xCC25, 0xC487, 0xC446, 0xC465, 0xC426, 0xC426, 0xC425,
    0xBC66, 0xBC25, 0xBC46, 0xA44B, 0xCC05, 0xCC05, 0xC405, 0xC3E5, 0xC405, 0xC405, 0xC3E5, 0xC3C5, 0xBC05, 0xBBE5, 0xBC05, 0xBBE5,
    0xBBE5, 0xBBC5, 0xBBC5, 0xB406, 0xB3E6, 0xBBE5, 0xB3E5, 0xBBC5, 0xB3C5, 0xABC6, 0xABC5, 0xBC05, 0xBBE5, 0xB3E5, 0xBBC5, 0xB3C5,
    0xBBA5, 0xBBA5, 0xB3A5, 0xB385, 0xB3A5, 0xB3A4, 0xB385, 0xABA5, 0xAB85, 0xAB85, 0xABA4, 0xAB84, 0xB365, 0xB365, 0xAB65, 0xAB64,
    0xAB65, 0xAB65, 0xAB64, 0xAB45, 0xAB44, 0xAB24, 0xAB04, 0xA3A5, 0xA385, 0xA365, 0xA364, 0xA345, 0xA325, 0xA344, 0xA324, 0x9B85,
    0x9B45, 0x8BAA, 0x9346, 0x9B24, 0x9325, 0xA305, 0xA304, 0x9B04, 0x9B04, 0xA2E4, 0x9AE4, 0x9304, 0x9304, 0x92E4, 0x9304, 0x92E4,
    0x82E5, 0x9AC4, 0x92C4, 0x92C4, 0x92C4, 0x92A4, 0x9284, 0x92A4, 0x9284, 0x8AC4, 0x8AC4, 0x8AA4, 0x8A84, 0x8A84, 0x8AC4, 0x8AA4,
    0x8284, 0x8A84, 0x8A84, 0x8284, 0x82A4, 0x8284, 0x8264, 0x7A84, 0x7285, 0x8A63, 0x8263, 0x8263, 0x8243, 0x8264, 0x8263, 0x8243,
    0x8243, 0x7A64, 0x7A63, 0x7A43, 0x7A43, 0x7263, 0x7243, 0x8223, 0x7A23, 0x7A23, 0x7223, 0x7223, 0x7223, 0x6A23, 0x7A03, 0x7203,
    0x6A03, 0x71E3, 0x71C3, 0x6A03, 0x69E3, 0x69C3, 0x61E3, 0x61C2, 0x51E4, 0x61A2, 0x6182, 0x5182, 0x3964, 0x3122, 0x20C2, 0x0841,
    0x0020, 0x0000, 0x0000, 0x0000, 0x0000, 0x0000, 0x0000, 0x0000, 0x0000, 0x0000, 0x0000, 0x0000, 0x0000, 0x0000, 0x0000, 0x0000,
    },
    {
    0xFF, 0xFF, 0xFF, 0xFF, 0xFF, 0xFF, 0xFF, 0xFF, 0xFF, 0xFF, 0xFF, 0xFF, 0xFF, 0xFF, 0xFF, 0xFF, 0xFF, 0xFF, 0xFF, 0xFF,
    0xFF, 0xFF, 0xFF, 0xFF, 0xFF, 0xFF, 0xFF, 0xFF, 0xFF, 0xFF, 0xFF, 0xFF, 0xFF, 0xFF, 0xFF, 0xFF, 0xFF, 0xFF, 0xFF, 0xFF,
    0xFF, 0xFF, 0xFF, 0xFF, 0xFF, 0xFF, 0xFF, 0xFF, 0xFF, 0xFF, 0xFF, 0xFF, 0xFF, 0xFF, 0xFF, 0xFF, 0xFF, 0xFF, 0xFF, 0xFF,
    0xFF, 0xFF, 0xFF, 0xFF, 0xFF, 0xFF, 0xFF, 0xFF, 0xFF, 0xFF, 0xFF, 0xFF, 0xFF, 0xFF, 0xFF, 0xFF, 0xFF, 0xFF, 0xFF, 0xFF,
    0xFF, 0xFF, 0xFF, 0xFF, 0xFF, 0xFF, 0xFF, 0xFF, 0xFF, 0xFF, 0xFF, 0xFF, 0xFF, 0xFF, 0xFF, 0xFF, 0xFF, 0xFF, 0xFF, 0xFF,
    0xFF, 0xFF, 0xFF, 0xFF, 0xFF, 0xFF, 0xFF, 0xFF, 0xFF, 0xFF, 0xFF, 0xFF, 0xFF, 0xFF, 0xFF, 0xFF, 0xFF, 0xFF, 0xFF, 0xFF,
    0xFF, 0xFF, 0xFF, 0xFF, 0xFF, 0xFF, 0xFF, 0xFF, 0xFF, 0xFF, 0xFF, 0xFF, 0xFF, 0xFF, 0xFF, 0xFF, 0xFF, 0xFF, 0xFF, 0xFF,
    0xFF, 0xFF, 0xFF, 0xFF, 0xFF, 0xFF, 0xFF, 0xFF, 0xFF, 0xFF, 0xFF, 0xFF, 0xFF, 0xFF, 0xFF, 0xFF, 0xFF, 0xFF, 0xFF, 0xFF,
    0xFF, 0xFF, 0xFF, 0xFF, 0xFF, 0xFF, 0xFF, 0xFF, 0xFF, 0xFF, 0xFF, 0xFF, 0xFF, 0xFF, 0xFF, 0xFF, 0xFF, 0xFF, 0xFF, 0xFF,
    0xFF, 0xFF, 0xFF, 0xFF, 0xFF, 0xFF, 0xFF, 0xFF, 0xFF, 0xFF, 0xFF, 0xFF, 0xFF, 0xFF, 0xFF, 0xFF, 0xFF, 0xFF, 0xFF, 0xFF,
    0xFF, 0xFF, 0xFF, 0xFF, 0xFF, 0xFF, 0xFF, 0xFF, 0xFF, 0xFF, 0xFF, 0xFF, 0xFF, 0xFF, 0xFF, 0xFF, 0xFF, 0xFF, 0xFF, 0xFF,
    0xFF, 0xFF, 0xFF, 0xFF, 0xFF, 0xFF, 0xFF, 0xFF, 0xFF, 0xFF, 0xFF, 0xFF, 0xFF, 0xFF, 0xFF, 0xFF, 0xFF, 0xFF, 0xFF, 0xFF,
    0xFF, 0xFF, 0xFF, 0xFF, 0xFF, 0xFF, 0xFF, 0xFF, 0xFF, 0xFF, 0xFF, 0xFF, 0xFF, 0xFF, 0xFF, 0xFF, 0xFF, 0xFF, 0xFF, 0xFF,
    0xFF, 0xFF, 0xFF, 0xFF, 0xFF, 0xFF, 0xFF, 0xFF, 0xFF, 0xFF, 0xFF, 0xFF, 0xFF, 0xFF, 0xFF, 0xFF, 0xFF, 0xFF, 0xFF, 0xFF,
    0xFF, 0xFF, 0xFF, 0xFF, 0xFF, 0xFF, 0xFF, 0xFF, 0xFF, 0xFF, 0xFF, 0xFF, 0xFF, 0xFF, 0xFF, 0xFF, 0xFF, 0xFF, 0xFF, 0xFF,
    0xFF, 0xFF, 0xFF, 0xFF, 0xFF, 0xFF, 0xFF, 0xFF, 0xFF, 0xFF, 0xFF, 0xFF, 0xFF, 0xFF, 0xFF, 0xFF, 0xFF, 0xFF, 0xFF, 0xFF,
    0xFF, 0xFF, 0xFF, 0xFF, 0xFF, 0xFF, 0xFF, 0xFF, 0xFF, 0xFF, 0xFF, 0xFF, 0xFF, 0xFF, 0xFF, 0xFF, 0xFF, 0xFF, 0xFF, 0xFF,
    0xFF, 0xFF, 0xFF, 0xFF, 0xFF, 0xFF, 0xFF, 0xFF, 0xFF, 0xFF, 0xFF, 0xFF, 0xFF, 0xFF, 0xFF, 0xFF, 0xFF, 0xFF, 0xFF, 0xFF,
    0xFF, 0xFF, 0xFF, 0xFF, 0xFF, 0xFF, 0xFF, 0xFF, 0xFF, 0xFF, 0xFF, 0xFF, 0xFF, 0xFF, 0xFF, 0xFF, 0xFF, 0xFF, 0xFF, 0xFF,
    0xFF, 0xFF, 0xFF, 0xFF, 0xFF, 0xFF, 0xFF, 0xFF, 0xFF, 0xFF, 0xFF, 0xFF, 0xFF, 0xFF, 0xFF, 0xFF, 0xFF, 0xFF, 0xFF, 0xFF,
    0xFF, 0xFF, 0xFF, 0xFF, 0xFF, 0xFF, 0xFF, 0xFF, 0xFF, 0xFF, 0xFF, 0xFF, 0xFF, 0xFF, 0xFF, 0xFF, 0xFF, 0xFF, 0xFF, 0xFF,
    0xFF, 0xFF, 0xFF, 0xFF, 0xFF, 0xFF, 0xFF, 0xFF, 0xFF, 0xFF, 0xFF, 0xFF, 0xFF, 0xFF, 0xFF, 0xFF, 0xFF, 0xFF, 0xFF, 0xFF,
    0xFF, 0xFF, 0xFF, 0xFF, 0xFF, 0xFF, 0xFF, 0xFF, 0xFF, 0xFF, 0xFF, 0xFF, 0xFF, 0xFF, 0xFF, 0xFF, 0xFF, 0xFF, 0xFF, 0xFF,
    0xFF, 0xFF, 0xFF, 0xFF, 0xFF, 0xFF, 0xFF, 0xFF, 0xFF, 0xFF, 0xFF, 0xFF, 0xFF, 0xFF, 0xFF, 0xFF, 0xFF, 0xFF, 0xFF, 0xFF,
    0xFF, 0xFF, 0xFF, 0xFF, 0xFF, 0xFF, 0xFF, 0xFF, 0xFF, 0xFF, 0xFF, 0xFF, 0xFF, 0xFF, 0xFF, 0xFF, 0xFF, 0xFF, 0xFF, 0xFF,
    0xFF, 0xFF, 0xFF, 0xFF, 0xFF, 0xFF, 0xFF, 0xFF, 0xFF, 0xFF, 0xFF, 0xFF, 0xFF, 0xFF, 0xFF, 0xFF, 0xFF, 0xFF, 0xFF, 0xFF,
    0xFF, 0xFF, 0xFF, 0xFF, 0xFF, 0xFF, 0xFF, 0xFF, 0xFF, 0xFF, 0xFF, 0xFF, 0xFF, 0xFF, 0xFF, 0xFF, 0xFF, 0xFF, 0xFF, 0xFF,
    0xFF, 0xFF, 0xFF, 0xFF, 0xFF, 0xFF, 0xFF, 0xFF, 0xFF, 0xFF, 0xFF, 0xFF, 0xFF, 0xFF, 0xFF, 0xFF, 0xFF, 0xFF, 0xFF, 0xFF,
    0xFF, 0xFF, 0xFF, 0xFF, 0xFF, 0xFF, 0xFF, 0xFF, 0xFF, 0xFF, 0xFF, 0xFF, 0xFF, 0xFF, 0xFF, 0xFF, 0xFF, 0xFF, 0xFF, 0xFF,
    0xFF, 0xFF, 0xFF, 0xFF, 0xFF, 0xFF, 0xFF, 0xFF, 0xFF, 0xFF, 0x0D, 0x0D, 0x09, 0x0E, 0x11, 0x19, 0x0D, 0x04, 0x04, 0x06,
    0x09, 0x0A, 0x08, 0x06, 0x08, 0x0E, 0x0D, 0x0E, 0x0E, 0x0D, 0x0A, 0xFF, 0xFF, 0xFF, 0xFF, 0xFF, 0xFF, 0xFF, 0xFF, 0xFF,
    0xFF, 0xFF, 0xFF, 0xFF, 0xFF, 0xFF, 0xFF, 0xFF, 0xFF, 0xFF, 0xFF, 0xFF, 0xFF, 0xFF, 0xFF, 0xFF, 0xFF, 0xFF, 0xFF, 0xFF,
    0xFF, 0xFF, 0xFF, 0xFF, 0xFF, 0xFF, 0xFF, 0xFF, 0xFF, 0xFF, 0xFF, 0xFF, 0xFF, 0xFF, 0xFF, 0xFF, 0xFF, 0xFF, 0xFF, 0xFF,
    0xFF, 0xFF, 0xFF, 0xFF, 0xFF, 0xFF, 0xFF, 0xFF, 0xFF, 0xFF, 0xFF, 0xFF, 0xFF, 0xFF, 0xFF, 0xFF, 0xFF, 0xFF, 0xFF, 0xFF,
    0xFF, 0xFF, 0xFF, 0xFF, 0xFF, 0xFF, 0xFF, 0xFF, 0xFF, 0xFF, 0xFF, 0xFF, 0xFF, 0xFF, 0xFF, 0xFF, 0xFF, 0xFF, 0xFF, 0xFF,
    0xFF, 0xFF, 0xFF, 0xFF, 0xFF, 0xFF, 0xFF, 0xFF, 0xFF, 0xFF, 0xFF, 0xFF, 0xFF, 0xFF, 0xFF, 0xFF, 0xFF, 0xFF, 0xFF, 0xFF,
    0xFF, 0xFF, 0xFF, 0xFF, 0xFF, 0xFF, 0xFF, 0xFF, 0xFF, 0xFF, 0xFF, 0xFF, 0xFF, 0xFF, 0xFF, 0xFF, 0xFF, 0xFF, 0xFF, 0xFF,
    0xFF, 0xFF, 0xFF, 0xFF, 0xFF, 0xFF, 0xFF, 0xFF, 0xFF, 0xFF, 0xFF, 0xFF, 0xFF, 0xFF, 0xFF, 0xFF, 0xFF, 0xFF, 0xFF, 0xFF,
    0xFF, 0xFF, 0xFF, 0xFF, 0xFF, 0xFF, 0xFF, 0xFF, 0xFF, 0xFF, 0xFF, 0xFF, 0xFF, 0xFF, 0xFF, 0xFF, 0xFF, 0xFF, 0xFF, 0xFF,
    0xFF, 0xFF, 0xFF, 0xFF, 0xFF, 0xFF, 0xFF, 0xFF, 0xFF, 0xFF, 0xFF, 0xFF, 0xFF, 0xFF, 0xFF, 0xFF, 0xFF, 0xFF, 0xFF, 0xFF,
    0xFF, 0xFF, 0xFF, 0xFF, 0xFF, 0xFF, 0xFF, 0xFF, 0xFF, 0xFF, 0xFF, 0xFF, 0xFF, 0xFF, 0xFF, 0xFF, 0xFF, 0xFF, 0xFF, 0xFF,
    0xFF, 0xFF, 0x09, 0x0A, 0x0B, 0x10, 0x0F, 0x13, 0x13, 0x17, 0x0F, 0x0D, 0x0D, 0x09, 0x0E, 0x19, 0x19, 0x08, 0x04, 0x03,
    0x0D, 0x06, 0x03, 0x06, 0x06, 0x09, 0x09, 0x09, 0x0D, 0x0D, 0x12, 0x19, 0x16, 0x19, 0x0E, 0x19, 0x1F, 0x29, 0x2E, 0xFF,
    0xFF, 0xFF, 0xFF, 0xFF, 0xFF, 0xFF, 0xFF, 0xFF, 0xFF, 0xFF, 0xFF, 0xFF, 0xFF, 0xFF, 0xFF, 0xFF, 0xFF, 0xFF, 0xFF, 0xFF,
    0xFF, 0xFF, 0xFF, 0xFF, 0xFF, 0xFF, 0xFF, 0xFF, 0xFF, 0xFF, 0xFF, 0xFF, 0xFF, 0xFF, 0xFF, 0xFF, 0xFF, 0xFF, 0xFF, 0xFF,
    0xFF, 0xFF, 0xFF, 0xFF, 0xFF, 0xFF, 0xFF, 0xFF, 0xFF, 0xFF, 0xFF, 0xFF, 0xFF, 0xFF, 0xFF, 0xFF, 0xFF, 0xFF, 0xFF, 0xFF,
    0xFF, 0xFF, 0xFF, 0xFF, 0xFF, 0xFF, 0xFF, 0xFF, 0xFF, 0xFF, 0xFF, 0xFF, 0xFF, 0xFF, 0xFF, 0xFF, 0xFF, 0xFF, 0xFF, 0xFF,
    0xFF, 0xFF, 0xFF, 0xFF, 0xFF, 0xFF, 0xFF, 0xFF, 0xFF, 0xFF, 0xFF, 0xFF, 0xFF, 0xFF, 0xFF, 0xFF, 0xFF, 0xFF, 0xFF, 0xFF,
    0xFF, 0xFF, 0xFF, 0xFF, 0xFF, 0xFF, 0xFF, 0xFF, 0xFF, 0xFF, 0xFF, 0xFF, 0xFF, 0xFF, 0xFF, 0xFF, 0xFF, 0xFF, 0xFF, 0xFF,
    0xFF, 0xFF, 0xFF, 0xFF, 0xFF, 0xFF, 0xFF, 0xFF, 0xFF, 0xFF, 0xFF, 0xFF, 0xFF, 0xFF, 0xFF, 0xFF, 0xFF, 0xFF, 0xFF, 0xFF,
    0xFF, 0xFF, 0xFF, 0xFF, 0xFF, 0xFF, 0xFF, 0xFF, 0xFF, 0xFF, 0xFF, 0xFF, 0xFF, 0xFF, 0xFF, 0xFF, 0xFF, 0xFF, 0xFF, 0xFF,
    0xFF, 0xFF, 0xFF, 0xFF, 0xFF, 0xFF, 0xFF, 0xFF, 0xFF, 0xFF, 0xFF, 0xFF, 0xFF, 0xFF, 0xFF, 0xFF, 0xFF, 0xFF, 0xFF, 0xFF,
    0xFF, 0xFF, 0xFF, 0xFF, 0xFF, 0xFF, 0xFF, 0xFF, 0xFF, 0xFF, 0xFF, 0xFF, 0xFF, 0xFF, 0xFF, 0xFF, 0x19, 0x0F, 0x12, 0x18,
    0x1F, 0x19, 0x0B, 0x0B, 0x13, 0x12, 0x12, 0x0B, 0x10, 0x19, 0x16, 0x0A, 0x0F, 0x0F, 0x0F, 0x0E, 0x16, 0x08, 0x04, 0x06,
    0x0F, 0x12, 0x06, 0x06, 0x0A, 0x09, 0x0E, 0x09, 0x13, 0x13, 0x0A, 0x0E, 0x19, 0x18, 0x16, 0x16, 0x1C, 0x1C, 0x19, 0x29,
    0x1C, 0x24, 0x2C, 0x24, 0x2C, 0xFF, 0xFF, 0xFF, 0xFF, 0xFF, 0xFF, 0xFF, 0xFF, 0xFF, 0xFF, 0xFF, 0xFF, 0xFF, 0xFF, 0xFF,
    0xFF, 0xFF, 0xFF, 0xFF, 0xFF, 0xFF, 0xFF, 0xFF, 0xFF, 0xFF, 0xFF, 0xFF, 0xFF, 0xFF, 0xFF, 0xFF, 0xFF, 0xFF, 0xFF, 0xFF,
    0xFF, 0xFF, 0xFF, 0xFF, 0xFF, 0xFF, 0xFF, 0xFF, 0xFF, 0xFF, 0xFF, 0xFF, 0xFF, 0xFF, 0xFF, 0xFF, 0xFF, 0xFF, 0xFF, 0xFF,
    0xFF, 0xFF, 0xFF, 0xFF, 0xFF, 0xFF, 0xFF, 0xFF, 0xFF, 0xFF, 0xFF, 0xFF, 0xFF, 0xFF, 0xFF, 0xFF, 0xFF, 0xFF, 0xFF, 0xFF,
    0xFF, 0xFF, 0xFF, 0xFF, 0xFF, 0xFF, 0xFF, 0xFF, 0xFF, 0xFF, 0xFF, 0xFF, 0xFF, 0xFF, 0xFF, 0xFF, 0xFF, 0xFF, 0xFF, 0xFF,
    0xFF, 0xFF, 0xFF, 0xFF, 0xFF, 0xFF, 0xFF, 0xFF, 0xFF, 0xFF, 0xFF, 0xFF, 0xFF, 0xFF, 0xFF, 0xFF, 0xFF, 0xFF, 0xFF, 0xFF,
    0xFF, 0xFF, 0xFF, 0xFF, 0xFF, 0xFF, 0xFF, 0xFF, 0xFF, 0xFF, 0xFF, 0xFF, 0xFF, 0xFF, 0xFF, 0xFF, 0xFF, 0xFF, 0xFF, 0xFF,
    0xFF, 0xFF, 0xFF, 0xFF, 0xFF, 0xFF, 0xFF, 0xFF, 0xFF, 0xFF, 0xFF, 0xFF, 0xFF, 0xFF, 0xFF, 0xFF, 0xFF, 0xFF, 0xFF, 0xFF,
    0xFF, 0xFF, 0xFF, 0xFF, 0xFF, 0xFF, 0xFF, 0xFF, 0xFF, 0xFF, 0xFF, 0xFF, 0xFF, 0xFF, 0xFF, 0xFF, 0xFF, 0xFF, 0xFF, 0xFF,
    0xFF, 0xFF, 0xFF, 0xFF, 0xFF, 0xFF, 0xFF, 0xFF, 0xFF, 0xFF, 0xFF, 0xFF, 0x0F, 0x0F, 0x0F, 0x13, 0x19, 0x10, 0x13, 0x11,
    0x16, 0x0A, 0x0A, 0x0A, 0x12, 0x0B, 0x10, 0x0A, 0x06, 0x0D, 0x09, 0x0A, 0x10, 0x10, 0x09, 0x16, 0x16, 0x16, 0x08, 0x06,
    0x0F, 0x0F, 0x13, 0x0F, 0x10, 0x11, 0x0F, 0x10, 0x19, 0x11, 0x13, 0x14, 0x18, 0x19, 0x16, 0x19, 0x1C, 0x29, 0x29, 0x1F,
    0x2A, 0x2B, 0x23, 0x25, 0x25, 0x24, 0x24, 0x2C, 0x2C, 0xFF, 0xFF, 0xFF, 0xFF, 0xFF, 0xFF, 0xFF, 0xFF, 0xFF, 0xFF, 0xFF,
    0xFF, 0xFF, 0xFF, 0xFF, 0xFF, 0xFF, 0xFF, 0xFF, 0xFF, 0xFF, 0xFF, 0xFF, 0xFF, 0xFF, 0xFF, 0xFF, 0xFF, 0xFF, 0xFF, 0xFF,
    0xFF, 0xFF, 0xFF, 0xFF, 0xFF, 0xFF, 0xFF, 0xFF, 0xFF, 0xFF, 0xFF, 0xFF, 0xFF, 0xFF, 0xFF, 0xFF, 0xFF, 0xFF, 0xFF, 0xFF,
    0xFF, 0xFF, 0xFF, 0xFF, 0xFF, 0xFF, 0xFF, 0xFF, 0xFF, 0xFF, 0xFF, 0xFF, 0xFF, 0xFF, 0xFF, 0xFF, 0xFF, 0xFF, 0xFF, 0xFF,
    0xFF, 0xFF, 0xFF, 0xFF, 0xFF, 0xFF, 0xFF, 0xFF, 0xFF, 0xFF, 0xFF, 0xFF, 0xFF, 0xFF, 0xFF, 0xFF, 0xFF, 0xFF, 0xFF, 0xFF,
    0xFF, 0xFF, 0xFF, 0xFF, 0xFF, 0xFF, 0xFF, 0xFF, 0xFF, 0xFF, 0xFF, 0xFF, 0xFF, 0xFF, 0xFF, 0xFF, 0xFF, 0xFF, 0xFF, 0xFF,
    0xFF, 0xFF, 0xFF, 0xFF, 0xFF, 0xFF, 0xFF, 0xFF, 0xFF, 0xFF, 0xFF, 0xFF, 0xFF, 0xFF, 0xFF, 0xFF, 0xFF, 0xFF, 0xFF, 0xFF,
    0xFF, 0xFF, 0xFF, 0xFF, 0xFF, 0xFF, 0xFF, 0xFF, 0xFF, 0xFF, 0xFF, 0xFF, 0xFF, 0xFF, 0xFF, 0xFF, 0xFF, 0xFF, 0xFF, 0xFF,
    0xFF, 0xFF, 0xFF, 0xFF, 0xFF, 0xFF, 0xFF, 0xFF, 0xFF, 0xFF, 0xFF, 0xFF, 0xFF, 0xFF, 0xFF, 0xFF, 0xFF, 0xFF, 0xFF, 0xFF,
    0xFF, 0xFF, 0xFF, 0xFF, 0xFF, 0xFF, 0xFF, 0xFF, 0x0D, 0x0F, 0x0B, 0x0A, 0x0B, 0x0F, 0x0B, 0x19, 0x16, 0x16, 0x16, 0x0E,
    0x0F, 0x13, 0x13, 0x0A, 0x0A, 0x0A, 0x12, 0x12, 0x09, 0x16, 0x09, 0x0A, 0x10, 0x09, 0x09, 0x19, 0x0E, 0x16, 0x16, 0x06,
    0x0F, 0x13, 0x0F, 0x11, 0x10, 0x0F, 0x0F, 0x0F, 0x18, 0x18, 0x11, 0x11, 0x11, 0x16, 0x09, 0x19, 0x21, 0x24, 0x37, 0x1C,
    0x2A, 0x21, 0x23, 0x24, 0x2C, 0x2C, 0x2B, 0x21, 0x2A, 0x2F, 0x2C, 0x3D, 0x46, 0xFF, 0xFF, 0xFF, 0xFF, 0xFF, 0xFF, 0xFF,
    0xFF, 0xFF, 0xFF, 0xFF, 0xFF, 0xFF, 0xFF, 0xFF, 0xFF, 0xFF, 0xFF, 0xFF, 0xFF, 0xFF, 0xFF, 0xFF, 0xFF, 0xFF, 0xFF, 0xFF,
    0xFF, 0xFF, 0xFF, 0xFF, 0xFF, 0xFF, 0xFF, 0xFF, 0xFF, 0xFF, 0xFF, 0xFF, 0xFF, 0xFF, 0xFF, 0xFF, 0xFF, 0xFF, 0xFF, 0xFF,
    0xFF, 0xFF, 0xFF, 0xFF, 0xFF, 0xFF, 0xFF, 0xFF, 0xFF, 0xFF, 0xFF, 0xFF, 0xFF, 0xFF, 0xFF, 0xFF, 0xFF, 0xFF, 0xFF, 0xFF,
    0xFF, 0xFF, 0xFF, 0xFF, 0xFF, 0xFF, 0xFF, 0xFF, 0xFF, 0xFF, 0xFF, 0xFF, 0xFF, 0xFF, 0xFF, 0xFF, 0xFF, 0xFF, 0xFF, 0xFF,
    0xFF, 0xFF, 0xFF, 0xFF, 0xFF, 0xFF, 0xFF, 0xFF, 0xFF, 0xFF, 0xFF, 0xFF, 0xFF, 0xFF, 0xFF, 0xFF, 0xFF, 0xFF, 0xFF, 0xFF,
    0xFF, 0xFF, 0xFF, 0xFF, 0xFF, 0xFF, 0xFF, 0xFF, 0xFF, 0xFF, 0xFF, 0xFF, 0xFF, 0xFF, 0xFF, 0xFF, 0xFF, 0xFF, 0xFF, 0xFF,
    0xFF, 0xFF, 0xFF, 0xFF, 0xFF, 0xFF, 0xFF, 0xFF, 0xFF, 0xFF, 0xFF, 0xFF, 0xFF, 0xFF, 0xFF, 0xFF, 0xFF, 0xFF, 0xFF, 0xFF,
    0xFF, 0xFF, 0xFF, 0xFF, 0xFF, 0xFF, 0xFF, 0xFF, 0xFF, 0xFF, 0xFF, 0xFF, 0xFF, 0xFF, 0xFF, 0xFF, 0xFF, 0xFF, 0xFF, 0xFF,
    0xFF, 0xFF, 0xFF, 0xFF, 0xFF, 0x0F, 0x12, 0x0D, 0x0D, 0x0B, 0x0B, 0x0A, 0x13, 0x0F, 0x0B, 0x10, 0x16, 0x16, 0x10, 0x11,
    0x14, 0x0F, 0x14, 0x10, 0x0F, 0x0A, 0x0A, 0x12, 0x0F, 0x0B, 0x0B, 0x17, 0x0F, 0x12, 0x13, 0x18, 0x11, 0x16, 0x19, 0x19,
    0x10, 0x11, 0x13, 0x13, 0x19, 0x19, 0x17, 0x13, 0x1C, 0x1C, 0x19, 0x14, 0x11, 0x19, 0x10, 0x18, 0x24, 0x37, 0x29, 0x17,
    0x1C, 0x21, 0x24, 0x29, 0x2A, 0x25, 0x22, 0x24, 0x2E, 0x3D, 0x3B, 0x35, 0x46, 0x49, 0x3D, 0x2C, 0xFF, 0xFF, 0xFF, 0xFF,
    0xFF, 0xFF, 0xFF, 0xFF, 0xFF, 0xFF, 0xFF, 0xFF, 0xFF, 0xFF, 0xFF, 0xFF, 0xFF, 0xFF, 0xFF, 0xFF, 0xFF, 0xFF, 0xFF, 0xFF,
    0xFF, 0xFF, 0xFF, 0xFF, 0xFF, 0xFF, 0xFF, 0xFF, 0xFF, 0xFF, 0xFF, 0xFF, 0xFF, 0xFF, 0xFF, 0xFF, 0xFF, 0xFF, 0xFF, 0xFF,
    0xFF, 0xFF, 0xFF, 0xFF, 0xFF, 0xFF, 0xFF, 0xFF, 0xFF, 0xFF, 0xFF, 0xFF, 0xFF, 0xFF, 0xFF, 0xFF, 0xFF, 0xFF, 0xFF, 0xFF,
    0xFF, 0xFF, 0xFF, 0xFF, 0xFF, 0xFF, 0xFF, 0xFF, 0xFF, 0xFF, 0xFF, 0xFF, 0xFF, 0xFF, 0xFF, 0xFF, 0xFF, 0xFF, 0xFF, 0xFF,
    0xFF, 0xFF, 0xFF, 0xFF, 0xFF, 0xFF, 0xFF, 0xFF, 0xFF, 0xFF, 0xFF, 0xFF, 0xFF, 0xFF, 0xFF, 0xFF, 0xFF, 0xFF, 0xFF, 0xFF,
    0xFF, 0xFF, 0xFF, 0xFF, 0xFF, 0xFF, 0xFF, 0xFF, 0xFF, 0xFF, 0xFF, 0xFF, 0xFF, 0xFF, 0xFF, 0xFF, 0xFF, 0xFF, 0xFF, 0xFF,
    0xFF, 0xFF, 0xFF, 0xFF, 0xFF, 0xFF, 0xFF, 0xFF, 0xFF, 0xFF, 0xFF, 0xFF, 0xFF, 0xFF, 0xFF, 0xFF, 0xFF, 0xFF, 0xFF, 0xFF,
    0xFF, 0xFF, 0xFF, 0xFF, 0xFF, 0xFF, 0xFF, 0xFF, 0xFF, 0xFF, 0xFF, 0xFF, 0xFF, 0xFF, 0xFF, 0xFF, 0xFF, 0xFF, 0xFF, 0xFF,
    0xFF, 0xFF, 0x11, 0x19, 0x0F, 0x0B, 0x0B, 0x12, 0x0B, 0x12, 0x0F, 0x0F, 0x0B, 0x13, 0x0B, 0x0F, 0x10, 0x19, 0x19, 0x14,
    0x17, 0x18, 0x0F, 0x0F, 0x0F, 0x13, 0x0B, 0x13, 0x0F, 0x12, 0x0A, 0x19, 0x13, 0x12, 0x13, 0x11, 0x10, 0x1B, 0x18, 0x1B,
    0x12, 0x10, 0x13, 0x13, 0x19, 0x11, 0x16, 0x10, 0x1C, 0x19, 0x11, 0x1C, 0x1C, 0x1C, 0x1C, 0x19, 0x23, 0x2B, 0x19, 0x13,
    0x23, 0x1C, 0x19, 0x2A, 0x2A, 0x2A, 0x2B, 0x22, 0x24, 0x39, 0x3B, 0x37, 0x40, 0x49, 0x3C, 0x3E, 0x48, 0x4A, 0x39, 0xFF,
    0xFF, 0xFF, 0xFF, 0xFF, 0xFF, 0xFF, 0xFF, 0xFF, 0xFF, 0xFF, 0xFF, 0xFF, 0xFF, 0xFF, 0xFF, 0xFF, 0xFF, 0xFF, 0xFF, 0xFF,
    0xFF, 0xFF, 0xFF, 0xFF, 0xFF, 0xFF, 0xFF, 0xFF, 0xFF, 0xFF, 0xFF, 0xFF, 0xFF, 0xFF, 0xFF, 0xFF, 0xFF, 0xFF, 0xFF, 0xFF,
    0xFF, 0xFF, 0xFF, 0xFF, 0xFF, 0xFF, 0xFF, 0xFF, 0xFF, 0xFF, 0xFF, 0xFF, 0xFF, 0xFF, 0xFF, 0xFF, 0xFF, 0xFF, 0xFF, 0xFF,
    0xFF, 0xFF, 0xFF, 0xFF, 0xFF, 0xFF, 0xFF, 0xFF, 0xFF, 0xFF, 0xFF, 0xFF, 0xFF, 0xFF, 0xFF, 0xFF, 0xFF, 0xFF, 0xFF, 0xFF,
    0xFF, 0xFF, 0xFF, 0xFF, 0xFF, 0xFF, 0xFF, 0xFF, 0xFF, 0xFF, 0xFF, 0xFF, 0xFF, 0xFF, 0xFF, 0xFF, 0xFF, 0xFF, 0xFF, 0xFF,
    0xFF, 0xFF, 0xFF, 0xFF, 0xFF, 0xFF, 0xFF, 0xFF, 0xFF, 0xFF, 0xFF, 0xFF, 0xFF, 0xFF, 0xFF, 0xFF, 0xFF, 0xFF, 0xFF, 0xFF,
    0xFF, 0xFF, 0xFF, 0xFF, 0xFF, 0xFF, 0xFF, 0xFF, 0xFF, 0xFF, 0xFF, 0xFF, 0xFF, 0xFF, 0xFF, 0xFF, 0xFF, 0xFF, 0xFF, 0xFF,
    0xFF, 0xFF, 0xFF, 0xFF, 0xFF, 0xFF, 0xFF, 0xFF, 0xFF, 0xFF, 0xFF, 0xFF, 0xFF, 0xFF, 0xFF, 0xFF, 0xFF, 0xFF, 0xFF, 0x0B,
    0x18, 0x0F, 0x10, 0x0F, 0x0E, 0x09, 0x0D, 0x0F, 0x0B, 0x13, 0x19, 0x0F, 0x12, 0x0B, 0x12, 0x0F, 0x11, 0x19, 0x16, 0x18,
    0x11, 0x18, 0x12, 0x14, 0x13, 0x13, 0x0A, 0x0F, 0x0F, 0x12, 0x0B, 0x14, 0x11, 0x0F, 0x13, 0x18, 0x1B, 0x10, 0x19, 0x10,
    0x3B, 0x19, 0x13, 0x10, 0x1F, 0x19, 0x11, 0x1C, 0x19, 0x19, 0x1F, 0x11, 0x19, 0x1F, 0x1F, 0x1F, 0x23, 0x1B, 0x20, 0x20,
    0x2B, 0x1B, 0x20, 0x18, 0x22, 0x29, 0x37, 0x2C, 0x25, 0x2C, 0x3D, 0x3D, 0x39, 0x46, 0x54, 0x4A, 0x53, 0x51, 0x3E, 0x47,
    0x39, 0x46, 0xFF, 0xFF, 0xFF, 0xFF, 0xFF, 0xFF, 0xFF, 0xFF, 0xFF, 0xFF, 0xFF, 0xFF, 0xFF, 0xFF, 0xFF, 0xFF, 0xFF, 0xFF,
    0xFF, 0xFF, 0xFF, 0xFF, 0xFF, 0xFF, 0xFF, 0xFF, 0xFF, 0xFF, 0xFF, 0xFF, 0xFF, 0xFF, 0xFF, 0xFF, 0xFF, 0xFF, 0xFF, 0xFF,
    0xFF, 0xFF, 0xFF, 0xFF, 0xFF, 0xFF, 0xFF, 0xFF, 0xFF, 0xFF, 0xFF, 0xFF, 0xFF, 0xFF, 0xFF, 0xFF, 0xFF, 0xFF, 0xFF, 0xFF,
    0xFF, 0xFF, 0xFF, 0xFF, 0xFF, 0xFF, 0xFF, 0xFF, 0xFF, 0xFF, 0xFF, 0xFF, 0xFF, 0xFF, 0xFF, 0xFF, 0xFF, 0xFF, 0xFF, 0xFF,
    0xFF, 0xFF, 0xFF, 0xFF, 0xFF, 0xFF, 0xFF, 0xFF, 0xFF, 0xFF, 0xFF, 0xFF, 0xFF, 0xFF, 0xFF, 0xFF, 0xFF, 0xFF, 0xFF, 0xFF,
    0xFF, 0xFF, 0xFF, 0xFF, 0xFF, 0xFF, 0xFF, 0xFF, 0xFF, 0xFF, 0xFF, 0xFF, 0xFF, 0xFF, 0xFF, 0xFF, 0xFF, 0xFF, 0xFF, 0xFF,
    0xFF, 0xFF, 0xFF, 0xFF, 0xFF, 0xFF, 0xFF, 0xFF, 0xFF, 0xFF, 0xFF, 0xFF, 0xFF, 0xFF, 0xFF, 0xFF, 0xFF, 0xFF, 0xFF, 0xFF,
    0xFF, 0xFF, 0xFF, 0xFF, 0xFF, 0xFF, 0xFF, 0xFF, 0xFF, 0xFF, 0xFF, 0xFF, 0xFF, 0xFF, 0xFF, 0xFF, 0xFF, 0x0B, 0x0B, 0x0B,
    0x0F, 0x0F, 0x0F, 0x0F, 0x0B, 0x0E, 0x0E, 0x0E, 0x0E, 0x10, 0x0D, 0x0A, 0x0B, 0x0B, 0x12, 0x0F, 0x18, 0x11, 0x11, 0x14,
    0x0F, 0x12, 0x12, 0x13, 0x0F, 0x0B, 0x13, 0x12, 0x0F, 0x0F, 0x10, 0x10, 0x0F, 0x13, 0x0F, 0x19, 0x18, 0x0A, 0x0A, 0x19,
    0xE8, 0x1F, 0x12, 0x19, 0x1F, 0x11, 0x17, 0x18, 0x11, 0x1B, 0x1C, 0x19, 0x19, 0x16, 0x1F, 0x21, 0x20, 0x25, 0x2C, 0x21,
    0x22, 0x2B, 0x2F, 0x22, 0x24, 0x30, 0x30, 0x25, 0x28, 0x2E, 0x37, 0x3C, 0x3C, 0x4D, 0x4C, 0x46, 0x4C, 0x3D, 0x52, 0x53,
    0x56, 0x4A, 0x56, 0x4A, 0xFF, 0xFF, 0xFF, 0xFF, 0xFF, 0xFF, 0xFF, 0xFF, 0xFF, 0xFF, 0xFF, 0xFF, 0xFF, 0xFF, 0xFF, 0xFF,
    0xFF, 0xFF, 0xFF, 0xFF, 0xFF, 0xFF, 0xFF, 0xFF, 0xFF, 0xFF, 0xFF, 0xFF, 0xFF, 0xFF, 0xFF, 0xFF, 0xFF, 0xFF, 0xFF, 0xFF,
    0xFF, 0xFF, 0xFF, 0xFF, 0xFF, 0xFF, 0xFF, 0xFF, 0xFF, 0xFF, 0xFF, 0xFF, 0xFF, 0xFF, 0xFF, 0xFF, 0xFF, 0xFF, 0xFF, 0xFF,
    0xFF, 0xFF, 0xFF, 0xFF, 0xFF, 0xFF, 0xFF, 0xFF, 0xFF, 0xFF, 0xFF, 0xFF, 0xFF, 0xFF, 0xFF, 0xFF, 0xFF, 0xFF, 0xFF, 0xFF,
    0xFF, 0xFF, 0xFF, 0xFF, 0xFF, 0xFF, 0xFF, 0xFF, 0xFF, 0xFF, 0xFF, 0xFF, 0xFF, 0xFF, 0xFF, 0xFF, 0xFF, 0xFF, 0xFF, 0xFF,
    0xFF, 0xFF, 0xFF, 0xFF, 0xFF, 0xFF, 0xFF, 0xFF, 0xFF, 0xFF, 0xFF, 0xFF, 0xFF, 0xFF, 0xFF, 0xFF, 0xFF, 0xFF, 0xFF, 0xFF,
    0xFF, 0xFF, 0xFF, 0xFF, 0xFF, 0xFF, 0xFF, 0xFF, 0xFF, 0xFF, 0xFF, 0xFF, 0xFF, 0xFF, 0xFF, 0xFF, 0xFF, 0xFF, 0xFF, 0xFF,
    0xFF, 0xFF, 0xFF, 0xFF, 0xFF, 0xFF, 0xFF, 0xFF, 0xFF, 0xFF, 0xFF, 0xFF, 0xFF, 0xFF, 0x0A, 0x0E, 0x0F, 0x12, 0x0B, 0x12,
    0x0B, 0x11, 0x16, 0x10, 0x0B, 0x0B, 0x0D, 0x10, 0x0B, 0x0F, 0x0B, 0x0B, 0x13, 0x0D, 0x0F, 0x0F, 0x10, 0x0D, 0x0F, 0x0F,
    0x0F, 0x0B, 0x13, 0x13, 0x0F, 0x12, 0x13, 0x12, 0x12, 0x0B, 0x0B, 0x0F, 0x12, 0x14, 0x19, 0x1B, 0x13, 0x0F, 0x06, 0x97,
    0xE8, 0x0A, 0x1B, 0x1F, 0x19, 0x1C, 0x19, 0x1B, 0x1C, 0x1C, 0x19, 0x19, 0x0E, 0x16, 0x1F, 0x2A, 0x1F, 0x2C, 0x22, 0x19,
    0x23, 0x24, 0x2F, 0x2B, 0x2D, 0x47, 0x35, 0x2A, 0x2B, 0x24, 0x2F, 0x4B, 0x40, 0x43, 0x49, 0x53, 0x58, 0x54, 0x3D, 0x53,
    0x54, 0x54, 0x4A, 0x54, 0x53, 0x3C, 0x40, 0xFF, 0xFF, 0xFF, 0xFF, 0xFF, 0xFF, 0xFF, 0xFF, 0xFF, 0xFF, 0xFF, 0xFF, 0xFF,
    0xFF, 0xFF, 0xFF, 0xFF, 0xFF, 0xFF, 0xFF, 0xFF, 0xFF, 0xFF, 0xFF, 0xFF, 0xFF, 0xFF, 0xFF, 0xFF, 0xFF, 0xFF, 0xFF, 0xFF,
    0xFF, 0xFF, 0xFF, 0xFF, 0xFF, 0xFF, 0xFF, 0xFF, 0xFF, 0xFF, 0xFF, 0xFF, 0xFF, 0xFF, 0xFF, 0xFF, 0xFF, 0xFF, 0xFF, 0xFF,
    0xFF, 0xFF, 0xFF, 0xFF, 0xFF, 0xFF, 0xFF, 0xFF, 0xFF, 0xFF, 0xFF, 0xFF, 0xFF, 0xFF, 0xFF, 0xFF, 0xFF, 0xFF, 0xFF, 0xFF,
    0xFF, 0xFF, 0xFF, 0xFF, 0xFF, 0xFF, 0xFF, 0xFF, 0xFF, 0xFF, 0xFF, 0xFF, 0xFF, 0xFF, 0xFF, 0xFF, 0xFF, 0xFF, 0xFF, 0xFF,
    0xFF, 0xFF, 0xFF, 0xFF, 0xFF, 0xFF, 0xFF, 0xFF, 0xFF, 0xFF, 0xFF, 0xFF, 0xFF, 0xFF, 0xFF, 0xFF, 0xFF, 0xFF, 0xFF, 0xFF,
    0xFF, 0xFF, 0xFF, 0xFF, 0xFF, 0xFF, 0xFF, 0xFF, 0xFF, 0xFF, 0xFF, 0xFF, 0xFF, 0xFF, 0xFF, 0xFF, 0xFF, 0xFF, 0xFF, 0xFF,
    0xFF, 0xFF, 0xFF, 0xFF, 0xFF, 0xFF, 0xFF, 0xFF, 0xFF, 0xFF, 0xFF, 0xFF, 0x16, 0x08, 0x09, 0x0A, 0x0A, 0x0F, 0x0B, 0x12,
    0x13, 0x0B, 0x0A, 0x0A, 0x0B, 0x0F, 0x0D, 0x0E, 0x0F, 0x10, 0x0B, 0x0B, 0x0F, 0x0B, 0x0F, 0x13, 0x0F, 0x0D, 0x0D, 0x0B,
    0x0A, 0x0B, 0x10, 0x11, 0x12, 0x12, 0x12, 0x12, 0x0B, 0x0B, 0x0F, 0x13, 0x14, 0x11, 0x11, 0x18, 0x19, 0x11, 0x06, 0xC8,
    0xE8, 0x06, 0x12, 0x1C, 0x1F, 0x11, 0x19, 0x1F, 0x21, 0x19, 0x16, 0x1F, 0x1F, 0x19, 0x1F, 0x21, 0x21, 0x25, 0x22, 0x20,
    0x24, 0x34, 0x38, 0x2B, 0x2B, 0x3C, 0x37, 0x3B, 0x31, 0x47, 0x43, 0x39, 0x46, 0x35, 0x40, 0x54, 0x3D, 0x3E, 0x4C, 0x54,
    0x4D, 0x54, 0x55, 0x58, 0x54, 0x54, 0x39, 0x3E, 0x38, 0xFF, 0xFF, 0xFF, 0xFF, 0xFF, 0xFF, 0xFF, 0xFF, 0xFF, 0xFF, 0xFF,
    0xFF, 0xFF, 0xFF, 0xFF, 0xFF, 0xFF, 0xFF, 0xFF, 0xFF, 0xFF, 0xFF, 0xFF, 0xFF, 0xFF, 0xFF, 0xFF, 0xFF, 0xFF, 0xFF, 0xFF,
    0xFF, 0xFF, 0xFF, 0xFF, 0xFF, 0xFF, 0xFF, 0xFF, 0xFF, 0xFF, 0xFF, 0xFF, 0xFF, 0xFF, 0xFF, 0xFF, 0xFF, 0xFF, 0xFF, 0xFF,
    0xFF, 0xFF, 0xFF, 0xFF, 0xFF, 0xFF, 0xFF, 0xFF, 0xFF, 0xFF, 0xFF, 0xFF, 0xFF, 0xFF, 0xFF, 0xFF, 0xFF, 0xFF, 0xFF, 0xFF,
    0xFF, 0xFF, 0xFF, 0xFF, 0xFF, 0xFF, 0xFF, 0xFF, 0xFF, 0xFF, 0xFF, 0xFF, 0xFF, 0xFF, 0xFF, 0xFF, 0xFF, 0xFF, 0xFF, 0xFF,
    0xFF, 0xFF, 0xFF, 0xFF, 0xFF, 0xFF, 0xFF, 0xFF, 0xFF, 0xFF, 0xFF, 0xFF, 0xFF, 0xFF, 0xFF, 0xFF, 0xFF, 0xFF, 0xFF, 0xFF,
    0xFF, 0xFF, 0xFF, 0xFF, 0xFF, 0xFF, 0xFF, 0xFF, 0xFF, 0xFF, 0xFF, 0xFF, 0xFF, 0xFF, 0xFF, 0xFF, 0xFF, 0xFF, 0xFF, 0xFF,
    0xFF, 0xFF, 0xFF, 0xFF, 0xFF, 0xFF, 0xFF, 0xFF, 0xFF, 0xFF, 0x09, 0x08, 0x08, 0x0C, 0x04, 0x09, 0x06, 0x0A, 0x0B, 0x0D,
    0x0F, 0x0F, 0x0B, 0x13, 0x0B, 0x0D, 0x0E, 0x0E, 0x0E, 0x11, 0x16, 0x0E, 0x10, 0x0F, 0x0F, 0x10, 0x10, 0x10, 0x10, 0x0F,
    0x0A, 0x0A, 0x0B, 0x0F, 0x12, 0x12, 0x14, 0x12, 0x12, 0x13, 0x19, 0x10, 0x0F, 0x14, 0x11, 0x0F, 0x14, 0x11, 0x06, 0xE8,
    0xFC, 0xE8, 0x31, 0x18, 0x1F, 0x1F, 0x1F, 0x16, 0x11, 0x19, 0x1F, 0x1F, 0x29, 0x1C, 0x1F, 0x2A, 0x2A, 0x23, 0x24, 0x2C,
    0x2C, 0x2B, 0x2B, 0x2B, 0x2E, 0x37, 0x39, 0x39, 0x4A, 0x46, 0x56, 0x4C, 0x46, 0x40, 0x40, 0x48, 0x58, 0x3C, 0x4A, 0x58,
    0x4C, 0x4A, 0x55, 0x4A, 0x4A, 0x54, 0x3C, 0x3C, 0x3E, 0x3E, 0x3C, 0xFF, 0xFF, 0xFF, 0xFF, 0xFF, 0xFF, 0xFF, 0xFF, 0xFF,
    0xFF, 0xFF, 0xFF, 0xFF, 0xFF, 0xFF, 0xFF, 0xFF, 0xFF, 0xFF, 0xFF, 0xFF, 0xFF, 0xFF, 0xFF, 0xFF, 0xFF, 0xFF, 0xFF, 0xFF,
    0xFF, 0xFF, 0xFF, 0xFF, 0xFF, 0xFF, 0xFF, 0xFF, 0xFF, 0xFF, 0xFF, 0xFF, 0xFF, 0xFF, 0xFF, 0xFF, 0xFF, 0xFF, 0xFF, 0xFF,
    0xFF, 0xFF, 0xFF, 0xFF, 0xFF, 0xFF, 0xFF, 0xFF, 0xFF, 0xFF, 0xFF, 0xFF, 0xFF, 0xFF, 0xFF, 0xFF, 0xFF, 0xFF, 0xFF, 0xFF,
    0xFF, 0xFF, 0xFF, 0xFF, 0xFF, 0xFF, 0xFF, 0xFF, 0xFF, 0xFF, 0xFF, 0xFF, 0xFF, 0xFF, 0xFF, 0xFF, 0xFF, 0xFF, 0xFF, 0xFF,
    0xFF, 0xFF, 0xFF, 0xFF, 0xFF, 0xFF, 0xFF, 0xFF, 0xFF, 0xFF, 0xFF, 0xFF, 0xFF, 0xFF, 0xFF, 0xFF, 0xFF, 0xFF, 0xFF, 0xFF,
    0xFF, 0xFF, 0xFF, 0xFF, 0xFF, 0xFF, 0xFF, 0xFF, 0xFF, 0xFF, 0xFF, 0xFF, 0xFF, 0xFF, 0xFF, 0xFF, 0xFF, 0xFF, 0xFF, 0xFF,
    0xFF, 0xFF, 0xFF, 0xFF, 0xFF, 0xFF, 0xFF, 0xFF, 0x06, 0x0A, 0x04, 0x04, 0x0D, 0x0E, 0x0C, 0x09, 0x06, 0x08, 0x09, 0x0C,
    0x0E, 0x0B, 0x0B, 0x0D, 0x0A, 0x0D, 0x10, 0x0E, 0x0E, 0x10, 0x10, 0x10, 0x0E, 0x0B, 0x0D, 0x0D, 0x0B, 0x0B, 0x0E, 0x09,
    0x0B, 0x0B, 0x12, 0x0B, 0x0B, 0x13, 0x12, 0x0B, 0x0B, 0x0B, 0x0F, 0x0F, 0x0F, 0x13, 0x12, 0x13, 0x10, 0x0B, 0x3B, 0xEF,
    0xF3, 0xFF, 0xEE, 0x2E, 0x1B, 0x1C, 0x1F, 0x19, 0x16, 0x19, 0x21, 0x21, 0x1F, 0x29, 0x29, 0x24, 0x2B, 0x1F, 0x29, 0x2C,
    0x25, 0x25, 0x2B, 0x38, 0x25, 0x35, 0x36, 0x34, 0x48, 0x4A, 0x4B, 0x43, 0x41, 0x4C, 0x4B, 0x46, 0x57, 0x43, 0x49, 0x64,
    0x4A, 0x54, 0x54, 0x49, 0x57, 0x57, 0x3D, 0x49, 0x48, 0x49, 0x37, 0x4C, 0x49, 0xFF, 0xFF, 0xFF, 0xFF, 0xFF, 0xFF, 0xFF,
    0xFF, 0xFF, 0xFF, 0xFF, 0xFF, 0xFF, 0xFF, 0xFF, 0xFF, 0xFF, 0xFF, 0xFF, 0xFF, 0xFF, 0xFF, 0xFF, 0xFF, 0xFF, 0xFF, 0xFF,
    0xFF, 0xFF, 0xFF, 0xFF, 0xFF, 0xFF, 0xFF, 0xFF, 0xFF, 0xFF, 0xFF, 0xFF, 0xFF, 0xFF, 0xFF, 0xFF, 0xFF, 0xFF, 0xFF, 0xFF,
    0xFF, 0xFF, 0xFF, 0xFF, 0xFF, 0xFF, 0xFF, 0xFF, 0xFF, 0xFF, 0xFF, 0xFF, 0xFF, 0xFF, 0xFF, 0xFF, 0xFF, 0xFF, 0xFF, 0xFF,
    0xFF, 0xFF, 0xFF, 0xFF, 0xFF, 0xFF, 0xFF, 0xFF, 0xFF, 0xFF, 0xFF, 0xFF, 0xFF, 0xFF, 0xFF, 0xFF, 0xFF, 0xFF, 0xFF, 0xFF,
    0xFF, 0xFF, 0xFF, 0xFF, 0xFF, 0xFF, 0xFF, 0xFF, 0xFF, 0xFF, 0xFF, 0xFF, 0xFF, 0xFF, 0xFF, 0xFF, 0xFF, 0xFF, 0xFF, 0xFF,
    0xFF, 0xFF, 0xFF, 0xFF, 0xFF, 0xFF, 0xFF, 0xFF, 0xFF, 0xFF, 0xFF, 0xFF, 0xFF, 0xFF, 0xFF, 0xFF, 0xFF, 0xFF, 0xFF, 0xFF,
    0xFF, 0xFF, 0xFF, 0xFF, 0xFF, 0xFF, 0x06, 0x03, 0x06, 0x0A, 0x08, 0x02, 0x06, 0x08, 0x04, 0x04, 0x07, 0x0A, 0x0C, 0x0C,
    0x0E, 0x0F, 0x0D, 0x09, 0x08, 0x0E, 0x0E, 0x0E, 0x0E, 0x10, 0x0B, 0x11, 0x0F, 0x0B, 0x0B, 0x0E, 0x12, 0x14, 0x10, 0x09,
    0x0B, 0x12, 0x15, 0x12, 0x12, 0x12, 0x12, 0x12, 0x12, 0x0B, 0x14, 0x14, 0x10, 0x10, 0x0E, 0x09, 0x0D, 0x0A, 0xB0, 0xFD,
    0xF0, 0xF0, 0xF3, 0x60, 0x11, 0x1F, 0x1F, 0x16, 0x1F, 0x1F, 0x1F, 0x25, 0x21, 0x25, 0x1F, 0x1C, 0x23, 0x24, 0x22, 0x30,
    0x23, 0x35, 0x2A, 0x35, 0x35, 0x2D, 0x2D, 0x2C, 0x43, 0x40, 0x3D, 0x5D, 0x4A, 0x4C, 0x44, 0x4D, 0x52, 0x46, 0x58, 0x58,
    0x4A, 0x54, 0x69, 0x4A, 0x57, 0x58, 0x48, 0x4D, 0x37, 0x3E, 0x37, 0x39, 0x3C, 0x3C, 0x2C, 0xFF, 0xFF, 0xFF, 0xFF, 0xFF,
    0xFF, 0xFF, 0xFF, 0xFF, 0xFF, 0xFF, 0xFF, 0xFF, 0xFF, 0xFF, 0xFF, 0xFF, 0xFF, 0xFF, 0xFF, 0xFF, 0xFF, 0xFF, 0xFF, 0xFF,
    0xFF, 0xFF, 0xFF, 0xFF, 0xFF, 0xFF, 0xFF, 0xFF, 0xFF, 0xFF, 0xFF, 0xFF, 0xFF, 0xFF, 0xFF, 0xFF, 0xFF, 0xFF, 0xFF, 0xFF,
    0xFF, 0xFF, 0xFF, 0xFF, 0xFF, 0xFF, 0xFF, 0xFF, 0xFF, 0xFF, 0xFF, 0xFF, 0xFF, 0xFF, 0xFF, 0xFF, 0xFF, 0xFF, 0xFF, 0xFF,
    0xFF, 0xFF, 0xFF, 0xFF, 0xFF, 0xFF, 0xFF, 0xFF, 0xFF, 0xFF, 0xFF, 0xFF, 0xFF, 0xFF, 0xFF, 0xFF, 0xFF, 0xFF, 0xFF, 0xFF,
    0xFF, 0xFF, 0xFF, 0xFF, 0xFF, 0xFF, 0xFF, 0xFF, 0xFF, 0xFF, 0xFF, 0xFF, 0xFF, 0xFF, 0xFF, 0xFF, 0xFF, 0xFF, 0xFF, 0xFF,
    0xFF, 0xFF, 0xFF, 0xFF, 0xFF, 0xFF, 0xFF, 0xFF, 0xFF, 0xFF, 0xFF, 0xFF, 0xFF, 0xFF, 0xFF, 0xFF, 0xFF, 0xFF, 0xFF, 0xFF,
    0xFF, 0xFF, 0xFF, 0xFF, 0x01, 0x08, 0x0A, 0x0A, 0x0A, 0x0A, 0x06, 0x08, 0x04, 0x04, 0x04, 0x06, 0x06, 0x0E, 0x0C, 0x04,
    0x0E, 0x0A, 0x09, 0x0E, 0x09, 0x09, 0x0E, 0x0B, 0x0E, 0x0B, 0x0F, 0x19, 0x0E, 0x0F, 0x0F, 0x08, 0x0A, 0x0F, 0x0F, 0x0B,
    0x0B, 0x0E, 0x0F, 0x0B, 0x12, 0x14, 0x15, 0x12, 0x12, 0x12, 0x12, 0x0F, 0x0F, 0x12, 0x0F, 0x08, 0x0E, 0x0B, 0x3B, 0xEF,
    0xF3, 0xF7, 0xEF, 0x4E, 0x11, 0x1F, 0x1F, 0x1A, 0x1A, 0x29, 0x24, 0x25, 0x24, 0x2C, 0x29, 0x20, 0x25, 0x23, 0x1C, 0x1C,
    0x20, 0x24, 0x2A, 0x30, 0x38, 0x34, 0x40, 0x3E, 0x35, 0x35, 0x49, 0x5E, 0x5E, 0x54, 0x4D, 0x46, 0x4A, 0x4D, 0x48, 0x58,
    0x4A, 0x4A, 0x54, 0x4A, 0x4A, 0x59, 0x48, 0x48, 0x51, 0x49, 0x3D, 0x30, 0x3E, 0x3F, 0x37, 0x46, 0x5F, 0xFF, 0xFF, 0xFF,
    0xFF, 0xFF, 0xFF, 0xFF, 0xFF, 0xFF, 0xFF, 0xFF, 0xFF, 0xFF, 0xFF, 0xFF, 0xFF, 0xFF, 0xFF, 0xFF, 0xFF, 0xFF, 0xFF, 0xFF,
    0xFF, 0xFF, 0xFF, 0xFF, 0xFF, 0xFF, 0xFF, 0xFF, 0xFF, 0xFF, 0xFF, 0xFF, 0xFF, 0xFF, 0xFF, 0xFF, 0xFF, 0xFF, 0xFF, 0xFF,
    0xFF, 0xFF, 0xFF, 0xFF, 0xFF, 0xFF, 0xFF, 0xFF, 0xFF, 0xFF, 0xFF, 0xFF, 0xFF, 0xFF, 0xFF, 0xFF, 0xFF, 0xFF, 0xFF, 0xFF,
    0xFF, 0xFF, 0xFF, 0xFF, 0xFF, 0xFF, 0xFF, 0xFF, 0xFF, 0xFF, 0xFF, 0xFF, 0xFF, 0xFF, 0xFF, 0xFF, 0xFF, 0xFF, 0xFF, 0xFF,
    0xFF, 0xFF, 0xFF, 0xFF, 0xFF, 0xFF, 0xFF, 0xFF, 0xFF, 0xFF, 0xFF, 0xFF, 0xFF, 0xFF, 0xFF, 0xFF, 0xFF, 0xFF, 0xFF, 0xFF,
    0xFF, 0xFF, 0xFF, 0xFF, 0xFF, 0xFF, 0xFF, 0xFF, 0xFF, 0xFF, 0xFF, 0xFF, 0xFF, 0xFF, 0xFF, 0xFF, 0xFF, 0xFF, 0xFF, 0xFF,
    0xFF, 0xFF, 0x02, 0x02, 0x01, 0x04, 0x0A, 0x09, 0x09, 0x09, 0x06, 0x0E, 0x09, 0x0A, 0x06, 0x0A, 0x07, 0x06, 0x02, 0x0C,
    0x19, 0x0E, 0x0E, 0x06, 0x0B, 0x0F, 0x0E, 0x0E, 0x0E, 0x10, 0x13, 0x12, 0x0B, 0x0E, 0x10, 0x0A, 0x0B, 0x10, 0x0B, 0x09,
    0x09, 0x09, 0x09, 0x0A, 0x0B, 0x14, 0x14, 0x11, 0x0F, 0x13, 0x18, 0x13, 0x17, 0x13, 0x0F, 0x09, 0x08, 0x06, 0x62, 0xEF,
    0xF0, 0xFC, 0xEE, 0x3B, 0x1F, 0x1F, 0x1F, 0x1F, 0x1F, 0x1F, 0x29, 0x2C, 0x2C, 0x2A, 0x2A, 0x24, 0x2B, 0x22, 0x24, 0x24,
    0x2C, 0x25, 0x2C, 0x2B, 0x2D, 0x35, 0x3E, 0x2F, 0x3E, 0x3A, 0x47, 0x5F, 0x75, 0x69, 0x56, 0x4C, 0x59, 0x4B, 0x4B, 0x47,
    0x40, 0x56, 0x56, 0x55, 0x59, 0x46, 0x39, 0x43, 0x40, 0x49, 0x4A, 0x4B, 0x35, 0x30, 0x39, 0x46, 0x54, 0x3C, 0x56, 0xFF,
    0xFF, 0xFF, 0xFF, 0xFF, 0xFF, 0xFF, 0xFF, 0xFF, 0xFF, 0xFF, 0xFF, 0xFF, 0xFF, 0xFF, 0xFF, 0xFF, 0xFF, 0xFF, 0xFF, 0xFF,
    0xFF, 0xFF, 0xFF, 0xFF, 0xFF, 0xFF, 0xFF, 0xFF, 0xFF, 0xFF, 0xFF, 0xFF, 0xFF, 0xFF, 0xFF, 0xFF, 0xFF, 0xFF, 0xFF, 0xFF,
    0xFF, 0xFF, 0xFF, 0xFF, 0xFF, 0xFF, 0xFF, 0xFF, 0xFF, 0xFF, 0xFF, 0xFF, 0xFF, 0xFF, 0xFF, 0xFF, 0xFF, 0xFF, 0xFF, 0xFF,
    0xFF, 0xFF, 0xFF, 0xFF, 0xFF, 0xFF, 0xFF, 0xFF, 0xFF, 0xFF, 0xFF, 0xFF, 0xFF, 0xFF, 0xFF, 0xFF, 0xFF, 0xFF, 0xFF, 0xFF,
    0xFF, 0xFF, 0xFF, 0xFF, 0xFF, 0xFF, 0xFF, 0xFF, 0xFF, 0xFF, 0xFF, 0xFF, 0xFF, 0xFF, 0xFF, 0xFF, 0xFF, 0xFF, 0xFF, 0xFF,
    0xFF, 0xFF, 0xFF, 0xFF, 0xFF, 0xFF, 0xFF, 0xFF, 0xFF, 0xFF, 0xFF, 0xFF, 0xFF, 0xFF, 0xFF, 0xFF, 0xFF, 0xFF, 0xFF, 0xFF,
    0x02, 0x01, 0x04, 0x04, 0x04, 0x04, 0x08, 0x06, 0x08, 0x09, 0x09, 0x08, 0x06, 0x0A, 0x09, 0x0A, 0x0A, 0x13, 0x0C, 0x09,
    0x0F, 0x16, 0x0D, 0x06, 0x0B, 0x10, 0x09, 0x0E, 0x0E, 0x10, 0x0F, 0x0F, 0x12, 0x10, 0x10, 0x0E, 0x0E, 0x12, 0x0E, 0x04,
    0x0E, 0x0E, 0x0E, 0x0B, 0x12, 0x12, 0x10, 0x13, 0x11, 0x14, 0x15, 0x14, 0x18, 0x11, 0x19, 0x0E, 0x19, 0xE8, 0xFC, 0xF3,
    0xF3, 0xF3, 0xF0, 0xEF, 0x79, 0x11, 0x29, 0x1F, 0x1F, 0x21, 0x24, 0x2A, 0x29, 0x21, 0x24, 0x2C, 0x2B, 0x22, 0x29, 0x2C,
    0x2C, 0x23, 0x2C, 0x30, 0x2B, 0x3E, 0x41, 0x48, 0x56, 0x36, 0x42, 0x56, 0x66, 0x66, 0x5F, 0x54, 0x44, 0x4D, 0x4C, 0x4C,
    0x4B, 0x43, 0x40, 0x40, 0x4C, 0x53, 0x49, 0x4C, 0x39, 0x47, 0x47, 0x40, 0x43, 0x30, 0x37, 0x35, 0x39, 0x3C, 0x49, 0x3D,
    0x3C, 0xFF, 0xFF, 0xFF, 0xFF, 0xFF, 0xFF, 0xFF, 0xFF, 0xFF, 0xFF, 0xFF, 0xFF, 0xFF, 0xFF, 0xFF, 0xFF, 0xFF, 0xFF, 0xFF,
    0xFF, 0xFF, 0xFF, 0xFF, 0xFF, 0xFF, 0xFF, 0xFF, 0xFF, 0xFF, 0xFF, 0xFF, 0xFF, 0xFF, 0xFF, 0xFF, 0xFF, 0xFF, 0xFF, 0xFF,
    0xFF, 0xFF, 0xFF, 0xFF, 0xFF, 0xFF, 0xFF, 0xFF, 0xFF, 0xFF, 0xFF, 0xFF, 0xFF, 0xFF, 0xFF, 0xFF, 0xFF, 0xFF, 0xFF, 0xFF,
    0xFF, 0xFF, 0xFF, 0xFF, 0xFF, 0xFF, 0xFF, 0xFF, 0xFF, 0xFF, 0xFF, 0xFF, 0xFF, 0xFF, 0xFF, 0xFF, 0xFF, 0xFF, 0xFF, 0xFF,
    0xFF, 0xFF, 0xFF, 0xFF, 0xFF, 0xFF, 0xFF, 0xFF, 0xFF, 0xFF, 0xFF, 0xFF, 0xFF, 0xFF, 0xFF, 0xFF, 0xFF, 0xFF, 0xFF, 0xFF,
    0xFF, 0xFF, 0xFF, 0xFF, 0xFF, 0xFF, 0xFF, 0xFF, 0xFF, 0xFF, 0xFF, 0xFF, 0xFF, 0xFF, 0xFF, 0xFF, 0xFF, 0xFF, 0xFF, 0x04,
    0x01, 0x02, 0x07, 0x04, 0x08, 0x06, 0x04, 0x04, 0x08, 0x08, 0x04, 0x08, 0x06, 0x04, 0x06, 0x0A, 0x0E, 0x10, 0x08, 0x0D,
    0x13, 0x11, 0x0B, 0x10, 0x10, 0x10, 0x09, 0x0E, 0x09, 0x09, 0x0B, 0x10, 0x0F, 0x0F, 0x0B, 0x09, 0x0A, 0x0F, 0x09, 0x08,
    0x0B, 0x0B, 0x0E, 0x10, 0x0F, 0x0F, 0x0F, 0x12, 0x14, 0x10, 0x15, 0x12, 0x14, 0x18, 0x18, 0x11, 0x19, 0xED, 0xFD, 0xF1,
    0xFE, 0xF1, 0xFC, 0xC8, 0x11, 0x1B, 0x1F, 0x1F, 0x1C, 0x21, 0x21, 0x1F, 0x1C, 0x24, 0x21, 0x21, 0x21, 0x2C, 0x2F, 0x30,
    0x37, 0x2F, 0x25, 0x38, 0x39, 0x44, 0x41, 0x48, 0x59, 0x48, 0x34, 0x45, 0x71, 0x66, 0x54, 0x53, 0x48, 0x43, 0x4A, 0x4C,
    0x46, 0x4B, 0x54, 0x4A, 0x59, 0x4C, 0x4A, 0x58, 0x4A, 0x3E, 0x40, 0x40, 0x2F, 0x39, 0x37, 0x43, 0x39, 0x37, 0x49, 0x3B,
    0x3D, 0x46, 0xFF, 0xFF, 0xFF, 0xFF, 0xFF, 0xFF, 0xFF, 0xFF, 0xFF, 0xFF, 0xFF, 0xFF, 0xFF, 0xFF, 0xFF, 0xFF, 0xFF, 0xFF,
    0xFF, 0xFF, 0xFF, 0xFF, 0xFF, 0xFF, 0xFF, 0xFF, 0xFF, 0xFF, 0xFF, 0xFF, 0xFF, 0xFF, 0xFF, 0xFF, 0xFF, 0xFF, 0xFF, 0xFF,
    0xFF, 0xFF, 0xFF, 0xFF, 0xFF, 0xFF, 0xFF, 0xFF, 0xFF, 0xFF, 0xFF, 0xFF, 0xFF, 0xFF, 0xFF, 0xFF, 0xFF, 0xFF, 0xFF, 0xFF,
    0xFF, 0xFF, 0xFF, 0xFF, 0xFF, 0xFF, 0xFF, 0xFF, 0xFF, 0xFF, 0xFF, 0xFF, 0xFF, 0xFF, 0xFF, 0xFF, 0xFF, 0xFF, 0xFF, 0xFF,
    0xFF, 0xFF, 0xFF, 0xFF, 0xFF, 0xFF, 0xFF, 0xFF, 0xFF, 0xFF, 0xFF, 0xFF, 0xFF, 0xFF, 0xFF, 0xFF, 0xFF, 0xFF, 0xFF, 0xFF,
    0xFF, 0xFF, 0xFF, 0xFF, 0xFF, 0xFF, 0xFF, 0xFF, 0xFF, 0xFF, 0xFF, 0xFF, 0xFF, 0xFF, 0xFF, 0xFF, 0xFF, 0x03, 0x04, 0x02,
    0x01, 0x04, 0x06, 0x04, 0x04, 0x08, 0x02, 0x04, 0x08, 0x04, 0x08, 0x08, 0x08, 0x08, 0x06, 0x07, 0x0A, 0x09, 0x04, 0x0F,
    0x18, 0x0E, 0x0E, 0x13, 0x0F, 0x16, 0x0A, 0x09, 0x09, 0x09, 0x0E, 0x0E, 0x10, 0x0E, 0x06, 0x0A, 0x0A, 0x0A, 0x04, 0x08,
    0x0B, 0x12, 0x0B, 0x12, 0x0E, 0x10, 0x0F, 0x0F, 0x13, 0x12, 0x14, 0x13, 0x17, 0x18, 0x11, 0x16, 0x0A, 0x3B, 0xEE, 0xF5,
    0xF3, 0xF6, 0xF5, 0xEE, 0x3B, 0x1C, 0x19, 0x19, 0x21, 0x1F, 0x21, 0x21, 0x21, 0x24, 0x24, 0x21, 0x2C, 0x39, 0x2E, 0x24,
    0x35, 0x2C, 0x25, 0x35, 0x34, 0x44, 0x35, 0x3C, 0x4A, 0x48, 0x45, 0x44, 0x69, 0x68, 0x50, 0x4B, 0x46, 0x4A, 0x56, 0x46,
    0x36, 0x47, 0x58, 0x54, 0x4D, 0x57, 0x57, 0x57, 0x53, 0x47, 0x4C, 0x3C, 0x46, 0x49, 0x37, 0x46, 0x37, 0x37, 0x46, 0x3D,
    0x3C, 0x2C, 0x3D, 0x50, 0xFF, 0xFF, 0xFF, 0xFF, 0xFF, 0xFF, 0xFF, 0xFF, 0xFF, 0xFF, 0xFF, 0xFF, 0xFF, 0xFF, 0xFF, 0xFF,
    0xFF, 0xFF, 0xFF, 0xFF, 0xFF, 0xFF, 0xFF, 0xFF, 0xFF, 0xFF, 0xFF, 0xFF, 0xFF, 0xFF, 0xFF, 0xFF, 0xFF, 0xFF, 0xFF, 0xFF,
    0xFF, 0xFF, 0xFF, 0xFF, 0xFF, 0xFF, 0xFF, 0xFF, 0xFF, 0xFF, 0xFF, 0xFF, 0xFF, 0xFF, 0xFF, 0xFF, 0xFF, 0xFF, 0xFF, 0xFF,
    0xFF, 0xFF, 0xFF, 0xFF, 0xFF, 0xFF, 0xFF, 0xFF, 0xFF, 0xFF, 0xFF, 0xFF, 0xFF, 0xFF, 0xFF, 0xFF, 0xFF, 0xFF, 0xFF, 0xFF,
    0xFF, 0xFF, 0xFF, 0xFF, 0xFF, 0xFF, 0xFF, 0xFF, 0xFF, 0xFF, 0xFF, 0xFF, 0xFF, 0xFF, 0xFF, 0xFF, 0xFF, 0xFF, 0xFF, 0xFF,
    0xFF, 0xFF, 0xFF, 0xFF, 0xFF, 0xFF, 0xFF, 0xFF, 0xFF, 0xFF, 0xFF, 0xFF, 0xFF, 0xFF, 0xFF, 0xFF, 0x04, 0x08, 0x04, 0x02,
    0x04, 0x04, 0x04, 0x04, 0x04, 0x04, 0x02, 0x08, 0x08, 0x04, 0x08, 0x09, 0x08, 0x04, 0x09, 0x07, 0x0A, 0x04, 0x07, 0x0B,
    0x10, 0x09, 0x0E, 0x0F, 0x0A, 0x09, 0x0E, 0x09, 0x09, 0x08, 0x08, 0x09, 0x0E, 0x0B, 0x0B, 0x0F, 0x0F, 0x0E, 0x04, 0x0E,
    0x0F, 0x0F, 0x0A, 0x0F, 0x0E, 0x0B, 0x10, 0x10, 0x0F, 0x12, 0x0F, 0x0F, 0x1B, 0x1B, 0x18, 0x0F, 0x19, 0x0A, 0x79, 0xFC,
    0xF3, 0xF7, 0xF6, 0xFD, 0x73, 0x11, 0x21, 0x1F, 0x1F, 0x19, 0x1C, 0x21, 0x2C, 0x2C, 0x2C, 0x24, 0x2C, 0x2A, 0x2A, 0x2C,
    0x2B, 0x2B, 0x2D, 0x25, 0x2C, 0x3A, 0x39, 0x57, 0x4A, 0x36, 0x43, 0x47, 0x66, 0x68, 0x5F, 0x5C, 0x4C, 0x48, 0x44, 0x39,
    0x48, 0x4C, 0x49, 0x52, 0x4A, 0x4C, 0x4D, 0x4C, 0x51, 0x4B, 0x48, 0x37, 0x3D, 0x49, 0x4F, 0x37, 0x2C, 0x39, 0x39, 0x3D,
    0x31, 0x30, 0x3B, 0x3C, 0x25, 0xFF, 0xFF, 0xFF, 0xFF, 0xFF, 0xFF, 0xFF, 0xFF, 0xFF, 0xFF, 0xFF, 0xFF, 0xFF, 0xFF, 0xFF,
    0xFF, 0xFF, 0xFF, 0xFF, 0xFF, 0xFF, 0xFF, 0xFF, 0xFF, 0xFF, 0xFF, 0xFF, 0xFF, 0xFF, 0xFF, 0xFF, 0xFF, 0xFF, 0xFF, 0xFF,
    0xFF, 0xFF, 0xFF, 0xFF, 0xFF, 0xFF, 0xFF, 0xFF, 0xFF, 0xFF, 0xFF, 0xFF, 0xFF, 0xFF, 0xFF, 0xFF, 0xFF, 0xFF, 0xFF, 0xFF,
    0xFF, 0xFF, 0xFF, 0xFF, 0xFF, 0xFF, 0xFF, 0xFF, 0xFF, 0xFF, 0xFF, 0xFF, 0xFF, 0xFF, 0xFF, 0xFF, 0xFF, 0xFF, 0xFF, 0xFF,
    0xFF, 0xFF, 0xFF, 0xFF, 0xFF, 0xFF, 0xFF, 0xFF, 0xFF, 0xFF, 0xFF, 0xFF, 0xFF, 0xFF, 0xFF, 0xFF, 0xFF, 0xFF, 0xFF, 0xFF,
    0xFF, 0xFF, 0xFF, 0xFF, 0xFF, 0xFF, 0xFF, 0xFF, 0xFF, 0xFF, 0xFF, 0xFF, 0xFF, 0xFF, 0x04, 0x01, 0x01, 0x03, 0x08, 0x02,
    0x02, 0x01, 0x02, 0x04, 0x04, 0x04, 0x04, 0x06, 0x04, 0x08, 0x09, 0x0E, 0x04, 0x08, 0x0E, 0x06, 0x08, 0x08, 0x08, 0x10,
    0x16, 0x0E, 0x0D, 0x0D, 0x09, 0x0E, 0x16, 0x09, 0x0D, 0x09, 0x0E, 0x0E, 0x09, 0x07, 0x06, 0x0A, 0x0B, 0x10, 0x09, 0x09,
    0x0E, 0x0E, 0x0E, 0x10, 0x0E, 0x09, 0x13, 0x10, 0x14, 0x14, 0x19, 0x11, 0x1C, 0x1C, 0x13, 0x18, 0x19, 0x0B, 0x5A, 0xFD,
    0xF4, 0xF7, 0xF5, 0xFA, 0xB0, 0x11, 0x21, 0x1C, 0x21, 0x1F, 0x1F, 0x1F, 0x21, 0x2E, 0x2C, 0x25, 0x24, 0x2B, 0x3C, 0x37,
    0x2A, 0x25, 0x2D, 0x2C, 0x4A, 0x4D, 0x43, 0x4A, 0x41, 0x39, 0x2C, 0x44, 0x59, 0x3D, 0x66, 0x58, 0x57, 0x58, 0x46, 0x43,
    0x4A, 0x40, 0x3E, 0x43, 0x47, 0x44, 0x58, 0x52, 0x5F, 0x53, 0x39, 0x49, 0x39, 0x37, 0x3E, 0x49, 0x30, 0x37, 0x37, 0x49,
    0x2A, 0x31, 0x31, 0x37, 0x2C, 0x49, 0x4E, 0xFF, 0xFF, 0xFF, 0xFF, 0xFF, 0xFF, 0xFF, 0xFF, 0xFF, 0xFF, 0xFF, 0xFF, 0xFF,
    0xFF, 0xFF, 0xFF, 0xFF, 0xFF, 0xFF, 0xFF, 0xFF, 0xFF, 0xFF, 0xFF, 0xFF, 0xFF, 0xFF, 0xFF, 0xFF, 0xFF, 0xFF, 0xFF, 0xFF,
    0xFF, 0xFF, 0xFF, 0xFF, 0xFF, 0xFF, 0xFF, 0xFF, 0xFF, 0xFF, 0xFF, 0xFF, 0xFF, 0xFF, 0xFF, 0xFF, 0xFF, 0xFF, 0xFF, 0xFF,
    0xFF, 0xFF, 0xFF, 0xFF, 0xFF, 0xFF, 0xFF, 0xFF, 0xFF, 0xFF, 0xFF, 0xFF, 0xFF, 0xFF, 0xFF, 0xFF, 0xFF, 0xFF, 0xFF, 0xFF,
    0xFF, 0xFF, 0xFF, 0xFF, 0xFF, 0xFF, 0xFF, 0xFF, 0xFF, 0xFF, 0xFF, 0xFF, 0xFF, 0xFF, 0xFF, 0xFF, 0xFF, 0xFF, 0xFF, 0xFF,
    0xFF, 0xFF, 0xFF, 0xFF, 0xFF, 0xFF, 0xFF, 0xFF, 0xFF, 0xFF, 0xFF, 0xFF, 0xFF, 0x03, 0x03, 0x01, 0x01, 0x04, 0x0C, 0x02,
    0x01, 0x01, 0x02, 0x04, 0x02, 0x04, 0x08, 0x06, 0x09, 0x08, 0x0E, 0x08, 0x04, 0x08, 0x0B, 0x0C, 0x0C, 0x04, 0x09, 0x0B,
    0x16, 0x0D, 0x0D, 0x0E, 0x09, 0x0E, 0x0C, 0x09, 0x09, 0x0C, 0x0E, 0x09, 0x08, 0x03, 0x04, 0x03, 0x0B, 0x09, 0x08, 0x08,
    0x09, 0x0F, 0x0E, 0x0F, 0x0F, 0x0A, 0x0B, 0x13, 0x14, 0x18, 0x10, 0x11, 0x19, 0x18, 0x18, 0x18, 0x1B, 0x12, 0x73, 0xFF,
    0xF4, 0xF8, 0xF5, 0xFF, 0xE3, 0x11, 0x21, 0x21, 0x20, 0x29, 0x21, 0x24, 0x29, 0x2A, 0x2A, 0x30, 0x25, 0x25, 0x3D, 0x3D,
    0x2D, 0x22, 0x24, 0x35, 0x46, 0x58, 0x3C, 0x57, 0x58, 0x38, 0x46, 0x4C, 0x56, 0x52, 0x48, 0x65, 0x65, 0x4D, 0x4D, 0x42,
    0x40, 0x49, 0x4A, 0x44, 0x38, 0x42, 0x48, 0x3D, 0x50, 0x55, 0x55, 0x53, 0x40, 0x3D, 0x4A, 0x44, 0x2D, 0x2F, 0x37, 0x3B,
    0x3B, 0x2E, 0x3B, 0x2C, 0x2C, 0x3B, 0x50, 0x62, 0xFF, 0xFF, 0xFF, 0xFF, 0xFF, 0xFF, 0xFF, 0xFF, 0xFF, 0xFF, 0xFF, 0xFF,
    0xFF, 0xFF, 0xFF, 0xFF, 0xFF, 0xFF, 0xFF, 0xFF, 0xFF, 0xFF, 0xFF, 0xFF, 0xFF, 0xFF, 0xFF, 0xFF, 0xFF, 0xFF, 0xFF, 0xFF,
    0xFF, 0xFF, 0xFF, 0xFF, 0xFF, 0xFF, 0xFF, 0xFF, 0xFF, 0xFF, 0xFF, 0xFF, 0xFF, 0xFF, 0xFF, 0xFF, 0xFF, 0xFF, 0xFF, 0xFF,
    0xFF, 0xFF, 0xFF, 0xFF, 0xFF, 0xFF, 0xFF, 0xFF, 0xFF, 0xFF, 0xFF, 0xFF, 0xFF, 0xFF, 0xFF, 0xFF, 0xFF, 0xFF, 0xFF, 0xFF,
    0xFF, 0xFF, 0xFF, 0xFF, 0xFF, 0xFF, 0xFF, 0xFF, 0xFF, 0xFF, 0xFF, 0xFF, 0xFF, 0xFF, 0xFF, 0xFF, 0xFF, 0xFF, 0xFF, 0xFF,
    0xFF, 0xFF, 0xFF, 0xFF, 0xFF, 0xFF, 0xFF, 0xFF, 0xFF, 0xFF, 0xFF, 0x02, 0x04, 0x03, 0x04, 0x01, 0x01, 0x03, 0x04, 0x01,
    0x01, 0x04, 0x02, 0x04, 0x04, 0x01, 0x04, 0x09, 0x09, 0x04, 0x08, 0x04, 0x08, 0x09, 0x0E, 0x0C, 0x08, 0x03, 0x0A, 0x10,
    0x0E, 0x17, 0x06, 0x0E, 0x0E, 0x08, 0x08, 0x0C, 0x09, 0x0C, 0x08, 0x0A, 0x0A, 0x06, 0x04, 0x04, 0x0F, 0x0E, 0x04, 0x09,
    0x0E, 0x0E, 0x10, 0x0E, 0x0E, 0x0F, 0x10, 0x10, 0x14, 0x1B, 0x11, 0x10, 0x19, 0x18, 0x1C, 0x19, 0x1C, 0x1B, 0x3B, 0xEF,
    0xF6, 0xF3, 0xF5, 0xFC, 0xC8, 0x15, 0x1F, 0x1C, 0x21, 0x21, 0x21, 0x24, 0x23, 0x24, 0x29, 0x2C, 0x25, 0x25, 0x25, 0x37,
    0x2A, 0x24, 0x35, 0x23, 0x2C, 0x36, 0x49, 0x4C, 0x46, 0x48, 0x54, 0x5C, 0x53, 0x5B, 0x52, 0x65, 0x6A, 0x59, 0x4C, 0x48,
    0x3E, 0x49, 0x46, 0x42, 0x39, 0x3D, 0x46, 0x54, 0x46, 0x3D, 0x4A, 0x4A, 0x4C, 0x3E, 0x4B, 0x39, 0x2D, 0x22, 0x2B, 0x37,
    0x2C, 0x2A, 0x37, 0x24, 0x22, 0x3B, 0x50, 0x5D, 0x5A, 0x3B, 0xFF, 0xFF, 0xFF, 0xFF, 0xFF, 0xFF, 0xFF, 0xFF, 0xFF, 0xFF,
    0xFF, 0xFF, 0xFF, 0xFF, 0xFF, 0xFF, 0xFF, 0xFF, 0xFF, 0xFF, 0xFF, 0xFF, 0xFF, 0xFF, 0xFF, 0xFF, 0xFF, 0xFF, 0xFF, 0xFF,
    0xFF, 0xFF, 0xFF, 0xFF, 0xFF, 0xFF, 0xFF, 0xFF, 0xFF, 0xFF, 0xFF, 0xFF, 0xFF, 0xFF, 0xFF, 0xFF, 0xFF, 0xFF, 0xFF, 0xFF,
    0xFF, 0xFF, 0xFF, 0xFF, 0xFF, 0xFF, 0xFF, 0xFF, 0xFF, 0xFF, 0xFF, 0xFF, 0xFF, 0xFF, 0xFF, 0xFF, 0xFF, 0xFF, 0xFF, 0xFF,
    0xFF, 0xFF, 0xFF, 0xFF, 0xFF, 0xFF, 0xFF, 0xFF, 0xFF, 0xFF, 0xFF, 0xFF, 0xFF, 0xFF, 0xFF, 0xFF, 0xFF, 0xFF, 0xFF, 0xFF,
    0xFF, 0xFF, 0xFF, 0xFF, 0xFF, 0xFF, 0xFF, 0xFF, 0xFF, 0xFF, 0x08, 0x04, 0x04, 0x04, 0x02, 0x01, 0x03, 0x01, 0x01, 0x01,
    0x01, 0x02, 0x02, 0x04, 0x04, 0x02, 0x04, 0x08, 0x09, 0x0C, 0x04, 0x08, 0x08, 0x08, 0x0D, 0x03, 0x03, 0x03, 0x07, 0x09,
    0x0D, 0x0E, 0x09, 0x08, 0x0E, 0x0E, 0x0E, 0x16, 0x0F, 0x09, 0x0C, 0x09, 0x09, 0x04, 0x06, 0x0A, 0x08, 0x08, 0x04, 0x0E,
    0x0E, 0x09, 0x0F, 0x0E, 0x08, 0x0B, 0x11, 0x11, 0x11, 0x11, 0x09, 0x0E, 0x16, 0x16, 0x11, 0x19, 0x1C, 0x1C, 0x0B, 0xED,
    0xFE, 0xF4, 0xF5, 0xFE, 0xEB, 0x0F, 0x1F, 0x1C, 0x24, 0x21, 0x1F, 0x1F, 0x24, 0x2A, 0x2C, 0x2C, 0x35, 0x22, 0x2A, 0x2C,
    0x2A, 0x24, 0x21, 0x24, 0x2C, 0x2C, 0x4A, 0x48, 0x4C, 0x44, 0x45, 0x4C, 0x4C, 0x3D, 0x49, 0x46, 0x58, 0x4C, 0x4C, 0x4A,
    0x40, 0x2C, 0x39, 0x2C, 0x4B, 0x3D, 0x46, 0x4C, 0x46, 0x49, 0x51, 0x51, 0x49, 0x3D, 0x3D, 0x37, 0x39, 0x29, 0x37, 0x2C,
    0x3B, 0x2A, 0x3C, 0x35, 0x28, 0x49, 0x50, 0x4E, 0x4F, 0x4E, 0x5A, 0xFF, 0xFF, 0xFF, 0xFF, 0xFF, 0xFF, 0xFF, 0xFF, 0xFF,
    0xFF, 0xFF, 0xFF, 0xFF, 0xFF, 0xFF, 0xFF, 0xFF, 0xFF, 0xFF, 0xFF, 0xFF, 0xFF, 0xFF, 0xFF, 0xFF, 0xFF, 0xFF, 0xFF, 0xFF,
    0xFF, 0xFF, 0xFF, 0xFF, 0xFF, 0xFF, 0xFF, 0xFF, 0xFF, 0xFF, 0xFF, 0xFF, 0xFF, 0xFF, 0xFF, 0xFF, 0xFF, 0xFF, 0xFF, 0xFF,
    0xFF, 0xFF, 0xFF, 0xFF, 0xFF, 0xFF, 0xFF, 0xFF, 0xFF, 0xFF, 0xFF, 0xFF, 0xFF, 0xFF, 0xFF, 0xFF, 0xFF, 0xFF, 0xFF, 0xFF,
    0xFF, 0xFF, 0xFF, 0xFF, 0xFF, 0xFF, 0xFF, 0xFF, 0xFF, 0xFF, 0xFF, 0xFF, 0xFF, 0xFF, 0xFF, 0xFF, 0xFF, 0xFF, 0xFF, 0xFF,
    0xFF, 0xFF, 0xFF, 0xFF, 0xFF, 0xFF, 0xFF, 0xFF, 0xFF, 0x0C, 0x04, 0x03, 0x04, 0x04, 0x04, 0x01, 0x01, 0x01, 0x01, 0x01,
    0x01, 0x04, 0x01, 0x04, 0x04, 0x03, 0x06, 0x04, 0x09, 0x08, 0x08, 0x0E, 0x08, 0x08, 0x06, 0x07, 0x06, 0x06, 0x06, 0x0A,
    0x0A, 0x08, 0x09, 0x08, 0x08, 0x09, 0x09, 0x16, 0x09, 0x0A, 0x07, 0x08, 0x08, 0x04, 0x03, 0x06, 0x03, 0x06, 0x02, 0x09,
    0x0B, 0x0B, 0x0F, 0x10, 0x0F, 0x0B, 0x11, 0x11, 0x19, 0x0E, 0x09, 0x11, 0x19, 0x1F, 0x11, 0x1B, 0x23, 0x21, 0x0B, 0xE3,
    0xFA, 0xF1, 0xFA, 0xF4, 0xF1, 0x5A, 0x10, 0x21, 0x21, 0x24, 0x21, 0x2C, 0x24, 0x2A, 0x2C, 0x25, 0x2B, 0x24, 0x2C, 0x2C,
    0x21, 0x29, 0x29, 0x25, 0x2C, 0x40, 0x46, 0x49, 0x49, 0x47, 0x43, 0x56, 0x36, 0x3F, 0x48, 0x46, 0x53, 0x3C, 0x4D, 0x54,
    0x54, 0x47, 0x46, 0x39, 0x3E, 0x4B, 0x46, 0x4A, 0x3D, 0x4E, 0x3B, 0x50, 0x49, 0x3B, 0x3D, 0x3C, 0x37, 0x2A, 0x35, 0x2C,
    0x3D, 0x30, 0x3C, 0x40, 0x3B, 0x5A, 0x5A, 0x31, 0x3B, 0x5A, 0x3B, 0x3B, 0xFF, 0xFF, 0xFF, 0xFF, 0xFF, 0xFF, 0xFF, 0xFF,
    0xFF, 0xFF, 0xFF, 0xFF, 0xFF, 0xFF, 0xFF, 0xFF, 0xFF, 0xFF, 0xFF, 0xFF, 0xFF, 0xFF, 0xFF, 0xFF, 0xFF, 0xFF, 0xFF, 0xFF,
    0xFF, 0xFF, 0xFF, 0xFF, 0xFF, 0xFF, 0xFF, 0xFF, 0xFF, 0xFF, 0xFF, 0xFF, 0xFF, 0xFF, 0xFF, 0xFF, 0xFF, 0xFF, 0xFF, 0xFF,
    0xFF, 0xFF, 0xFF, 0xFF, 0xFF, 0xFF, 0xFF, 0xFF, 0xFF, 0xFF, 0xFF, 0xFF, 0xFF, 0xFF, 0xFF, 0xFF, 0xFF, 0xFF, 0xFF, 0xFF,
    0xFF, 0xFF, 0xFF, 0xFF, 0xFF, 0xFF, 0xFF, 0xFF, 0xFF, 0xFF, 0xFF, 0xFF, 0xFF, 0xFF, 0xFF, 0xFF, 0xFF, 0xFF, 0xFF, 0xFF,
    0xFF, 0xFF, 0xFF, 0xFF, 0xFF, 0xFF, 0xFF, 0x0E, 0x0C, 0x0C, 0x04, 0x04, 0x04, 0x04, 0x08, 0x03, 0x03, 0x04, 0x03, 0x04,
    0x01, 0x02, 0x02, 0x04, 0x02, 0x04, 0x06, 0x04, 0x08, 0x08, 0x04, 0x08, 0x08, 0x06, 0x09, 0x0E, 0x08, 0x03, 0x03, 0x07,
    0x06, 0x03, 0x08, 0x0E, 0x04, 0x0E, 0x0C, 0x0C, 0x0C, 0x06, 0x06, 0x06, 0x06, 0x0D, 0x06, 0x08, 0x08, 0x06, 0x04, 0x08,
    0x0E, 0x0B, 0x0F, 0x10, 0x14, 0x10, 0x10, 0x11, 0x19, 0x16, 0x16, 0x19, 0x1F, 0x1F, 0x19, 0x1B, 0x1B, 0x23, 0x0B, 0xB0,
    0xFC, 0xF0, 0xF7, 0xF0, 0xFC, 0xC8, 0x12, 0x2A, 0x21, 0x24, 0x23, 0x30, 0x2C, 0x25, 0x2C, 0x24, 0x30, 0x25, 0x25, 0x25,
    0x30, 0x29, 0x2E, 0x2C, 0x39, 0x35, 0x36, 0x43, 0x49, 0x43, 0x43, 0x57, 0x3A, 0x43, 0x57, 0x46, 0x3A, 0x2D, 0x36, 0x39,
    0x4C, 0x40, 0x49, 0x53, 0x3F, 0x49, 0x49, 0x52, 0x3D, 0x50, 0x37, 0x4A, 0x54, 0x5D, 0x50, 0x4F, 0x3B, 0x3B, 0x4A, 0x3D,
    0x3D, 0x39, 0x37, 0x3C, 0x4E, 0x3B, 0x3B, 0x3B, 0x3B, 0x32, 0x5A, 0x3B, 0x5A, 0x3B, 0xFF, 0xFF, 0xFF, 0xFF, 0xFF, 0xFF,
    0xFF, 0xFF, 0xFF, 0xFF, 0xFF, 0xFF, 0xFF, 0xFF, 0xFF, 0xFF, 0xFF, 0xFF, 0xFF, 0xFF, 0xFF, 0xFF, 0xFF, 0xFF, 0xFF, 0xFF,
    0xFF, 0xFF, 0xFF, 0xFF, 0xFF, 0xFF, 0xFF, 0xFF, 0xFF, 0xFF, 0xFF, 0xFF, 0xFF, 0xFF, 0xFF, 0xFF, 0xFF, 0xFF, 0xFF, 0xFF,
    0xFF, 0xFF, 0xFF, 0xFF, 0xFF, 0xFF, 0xFF, 0xFF, 0xFF, 0xFF, 0xFF, 0xFF, 0xFF, 0xFF, 0xFF, 0xFF, 0xFF, 0xFF, 0xFF, 0xFF,
    0xFF, 0xFF, 0xFF, 0xFF, 0xFF, 0xFF, 0xFF, 0xFF, 0xFF, 0xFF, 0xFF, 0xFF, 0xFF, 0xFF, 0xFF, 0xFF, 0xFF, 0xFF, 0xFF, 0xFF,
    0xFF, 0xFF, 0xFF, 0xFF, 0xFF, 0xFF, 0x09, 0x08, 0x0C, 0x02, 0x02, 0x01, 0x04, 0x02, 0x04, 0x03, 0x03, 0x03, 0x03, 0x04,
    0x01, 0x01, 0x04, 0x04, 0x02, 0x02, 0x04, 0x04, 0x04, 0x16, 0x08, 0x0E, 0x08, 0x08, 0x06, 0x08, 0x09, 0x16, 0x0C, 0x09,
    0x06, 0x09, 0x09, 0x09, 0x0E, 0x0E, 0x16, 0x0C, 0x08, 0x08, 0x06, 0x08, 0x09, 0x09, 0x06, 0x06, 0x07, 0x0A, 0x08, 0x08,
    0x08, 0x0E, 0x10, 0x0E, 0x11, 0x11, 0x0E, 0x10, 0x19, 0x17, 0x19, 0x11, 0x19, 0x10, 0x11, 0x1F, 0x1C, 0x1C, 0x11, 0x1F,
    0xEE, 0xFB, 0xF4, 0xF0, 0xFE, 0xC8, 0x10, 0x2A, 0x24, 0x24, 0x24, 0x2A, 0x29, 0x24, 0x23, 0x30, 0x3B, 0x2A, 0x24, 0x2C,
    0x37, 0x2C, 0x2B, 0x35, 0x39, 0x47, 0x43, 0x44, 0x3C, 0x35, 0x35, 0x43, 0x42, 0x47, 0x39, 0x37, 0x39, 0x4B, 0x3D, 0x37,
    0x37, 0x46, 0x40, 0x3E, 0x4D, 0x49, 0x3D, 0x3D, 0x4A, 0x52, 0x4A, 0x4A, 0x52, 0x5B, 0x55, 0x49, 0x3B, 0x3B, 0x3D, 0x3C,
    0x3B, 0x4F, 0x50, 0x5A, 0x3E, 0x3B, 0x3B, 0x1A, 0x1A, 0x32, 0x5A, 0x3B, 0x4F, 0x50, 0x4F, 0xFF, 0xFF, 0xFF, 0xFF, 0xFF,
    0xFF, 0xFF, 0xFF, 0xFF, 0xFF, 0xFF, 0xFF, 0xFF, 0xFF, 0xFF, 0xFF, 0xFF, 0xFF, 0xFF, 0xFF, 0xFF, 0xFF, 0xFF, 0xFF, 0xFF,
    0xFF, 0xFF, 0xFF, 0xFF, 0xFF, 0xFF, 0xFF, 0xFF, 0xFF, 0xFF, 0xFF, 0xFF, 0xFF, 0xFF, 0xFF, 0xFF, 0xFF, 0xFF, 0xFF, 0xFF,
    0xFF, 0xFF, 0xFF, 0xFF, 0xFF, 0xFF, 0xFF, 0xFF, 0xFF, 0xFF, 0xFF, 0xFF, 0xFF, 0xFF, 0xFF, 0xFF, 0xFF, 0xFF, 0xFF, 0xFF,
    0xFF, 0xFF, 0xFF, 0xFF, 0xFF, 0xFF, 0xFF, 0xFF, 0xFF, 0xFF, 0xFF, 0xFF, 0xFF, 0xFF, 0xFF, 0xFF, 0xFF, 0xFF, 0xFF, 0xFF,
    0xFF, 0xFF, 0xFF, 0xFF, 0xFF, 0x02, 0x04, 0x0C, 0x0C, 0x0C, 0x04, 0x03, 0x03, 0x04, 0x02, 0x04, 0x03, 0x03, 0x01, 0x03,
    0x02, 0x01, 0x02, 0x04, 0x01, 0x01, 0x04, 0x04, 0x04, 0x04, 0x08, 0x09, 0x06, 0x08, 0x04, 0x08, 0x09, 0x1A, 0x16, 0x06,
    0x0B, 0x0D, 0x09, 0x04, 0x0E, 0x09, 0x0E, 0x08, 0x0E, 0x03, 0x07, 0x09, 0x08, 0x08, 0x08, 0x03, 0x06, 0x06, 0x09, 0x08,
    0x08, 0x0F, 0x0E, 0x0E, 0x11, 0x10, 0x09, 0x11, 0x18, 0x1B, 0x1B, 0x1C, 0x11, 0x0F, 0x16, 0x16, 0x19, 0x11, 0x1B, 0x15,
    0xEB, 0xFE, 0xF0, 0xF1, 0xFE, 0xE8, 0x23, 0x24, 0x23, 0x21, 0x29, 0x24, 0x2A, 0x2A, 0x2F, 0x2C, 0x1F, 0x3B, 0x37, 0x2B,
    0x24, 0x2F, 0x24, 0x25, 0x35, 0x2B, 0x3E, 0x4C, 0x53, 0x46, 0x48, 0x38, 0x44, 0x36, 0x2B, 0x4E, 0x4F, 0x49, 0x3C, 0x2A,
    0x36, 0x37, 0x37, 0x39, 0x44, 0x40, 0x3C, 0x3D, 0x49, 0x53, 0x3D, 0x50, 0x4F, 0x55, 0x57, 0x43, 0x3C, 0x30, 0x24, 0x49,
    0x4F, 0x61, 0x52, 0x53, 0x2E, 0x2E, 0x50, 0x3B, 0x29, 0x3B, 0x5A, 0x5A, 0x31, 0x3B, 0x50, 0x5A, 0xFF, 0xFF, 0xFF, 0xFF,
    0xFF, 0xFF, 0xFF, 0xFF, 0xFF, 0xFF, 0xFF, 0xFF, 0xFF, 0xFF, 0xFF, 0xFF, 0xFF, 0xFF, 0xFF, 0xFF, 0xFF, 0xFF, 0xFF, 0xFF,
    0xFF, 0xFF, 0xFF, 0xFF, 0xFF, 0xFF, 0xFF, 0xFF, 0xFF, 0xFF, 0xFF, 0xFF, 0xFF, 0xFF, 0xFF, 0xFF, 0xFF, 0xFF, 0xFF, 0xFF,
    0xFF, 0xFF, 0xFF, 0xFF, 0xFF, 0xFF, 0xFF, 0xFF, 0xFF, 0xFF, 0xFF, 0xFF, 0xFF, 0xFF, 0xFF, 0xFF, 0xFF, 0xFF, 0xFF, 0xFF,
    0xFF, 0xFF, 0xFF, 0xFF, 0xFF, 0xFF, 0xFF, 0xFF, 0xFF, 0xFF, 0xFF, 0xFF, 0xFF, 0xFF, 0xFF, 0xFF, 0xFF, 0xFF, 0xFF, 0xFF,
    0xFF, 0xFF, 0xFF, 0xFF, 0x0C, 0x02, 0x02, 0x0C, 0x02, 0x05, 0x02, 0x03, 0x03, 0x0C, 0x0C, 0x0C, 0x0C, 0x03, 0x03, 0x03,
    0x04, 0x01, 0x02, 0x02, 0x01, 0x02, 0x04, 0x04, 0x04, 0x08, 0x08, 0x08, 0x08, 0x04, 0x03, 0x07, 0x06, 0x04, 0x09, 0x06,
    0x06, 0x08, 0x0E, 0x04, 0x04, 0x0E, 0x0C, 0x0C, 0x16, 0x03, 0x03, 0x0F, 0x0C, 0x0E, 0x19, 0x0D, 0x08, 0x06, 0x0A, 0x08,
    0x09, 0x10, 0x09, 0x0E, 0x11, 0x0F, 0x11, 0x19, 0x18, 0x1B, 0x1B, 0x1B, 0x1C, 0x19, 0x11, 0x11, 0x21, 0x24, 0x24, 0x1B,
    0xEB, 0xFF, 0xF1, 0xF7, 0xFD, 0xEF, 0x40, 0x1B, 0x25, 0x21, 0x21, 0x30, 0x24, 0x24, 0x30, 0x2C, 0x24, 0x2A, 0x37, 0x25,
    0x2C, 0x2B, 0x2B, 0x20, 0x2C, 0x2B, 0x24, 0x39, 0x48, 0x46, 0x47, 0x35, 0x3E, 0x38, 0x2D, 0x3D, 0x57, 0x25, 0x35, 0x2F,
    0x3E, 0x2A, 0x2F, 0x39, 0x39, 0x3C, 0x3D, 0x3B, 0x4E, 0x3D, 0x3B, 0x3D, 0x52, 0x5E, 0x49, 0x4A, 0x49, 0x3D, 0x52, 0x5C,
    0x3B, 0x3C, 0x21, 0x4E, 0x5A, 0x5A, 0x5A, 0x3B, 0x3B, 0x3B, 0x3B, 0x3B, 0x3B, 0x5A, 0x5B, 0x60, 0x5A, 0xFF, 0xFF, 0xFF,
    0xFF, 0xFF, 0xFF, 0xFF, 0xFF, 0xFF, 0xFF, 0xFF, 0xFF, 0xFF, 0xFF, 0xFF, 0xFF, 0xFF, 0xFF, 0xFF, 0xFF, 0xFF, 0xFF, 0xFF,
    0xFF, 0xFF, 0xFF, 0xFF, 0xFF, 0xFF, 0xFF, 0xFF, 0xFF, 0xFF, 0xFF, 0xFF, 0xFF, 0xFF, 0xFF, 0xFF, 0xFF, 0xFF, 0xFF, 0xFF,
    0xFF, 0xFF, 0xFF, 0xFF, 0xFF, 0xFF, 0xFF, 0xFF, 0xFF, 0xFF, 0xFF, 0xFF, 0xFF, 0xFF, 0xFF, 0xFF, 0xFF, 0xFF, 0xFF, 0xFF,
    0xFF, 0xFF, 0xFF, 0xFF, 0xFF, 0xFF, 0xFF, 0xFF, 0xFF, 0xFF, 0xFF, 0xFF, 0xFF, 0xFF, 0xFF, 0xFF, 0xFF, 0xFF, 0xFF, 0xFF,
    0xFF, 0xFF, 0x03, 0x0C, 0x03, 0x04, 0x02, 0x02, 0x02, 0x01, 0x01, 0x01, 0x03, 0x03, 0x0C, 0x04, 0x08, 0x03, 0x03, 0x03,
    0x01, 0x02, 0x02, 0x05, 0x02, 0x08, 0x04, 0x04, 0x04, 0x08, 0x06, 0x04, 0x04, 0x08, 0x08, 0x08, 0x04, 0x09, 0x09, 0x07,
    0x06, 0x08, 0x07, 0x08, 0x04, 0x08, 0x08, 0x02, 0x02, 0x03, 0x03, 0x07, 0x16, 0x0E, 0x0E, 0x0D, 0x08, 0x0A, 0x0B, 0x08,
    0x0E, 0x0E, 0x0C, 0x10, 0x19, 0x11, 0x19, 0x18, 0x18, 0x1B, 0x22, 0x1F, 0x19, 0x1C, 0x1C, 0x23, 0x2C, 0x2C, 0x24, 0x15,
    0xE3, 0xFE, 0xF5, 0xF7, 0xF7, 0xF0, 0x7B, 0x20, 0x2B, 0x24, 0x24, 0x2C, 0x35, 0x2C, 0x2C, 0x37, 0x2C, 0x2B, 0x25, 0x2C,
    0x25, 0x1C, 0x21, 0x24, 0x25, 0x34, 0x37, 0x3D, 0x4C, 0x43, 0x35, 0x43, 0x30, 0x43, 0x39, 0x50, 0x3D, 0x39, 0x39, 0x30,
    0x3E, 0x29, 0x2B, 0x40, 0x39, 0x30, 0x2C, 0x50, 0x3D, 0x3D, 0x4F, 0x4F, 0x50, 0x52, 0x52, 0x3D, 0x4E, 0x3B, 0x50, 0x49,
    0x3B, 0x30, 0x5B, 0x5A, 0x50, 0x50, 0x3B, 0x4E, 0x31, 0x5A, 0x3B, 0x3B, 0x3B, 0x76, 0x5B, 0x5B, 0x5B, 0x3D, 0x49, 0xFF,
    0xFF, 0xFF, 0xFF, 0xFF, 0xFF, 0xFF, 0xFF, 0xFF, 0xFF, 0xFF, 0xFF, 0xFF, 0xFF, 0xFF, 0xFF, 0xFF, 0xFF, 0xFF, 0xFF, 0xFF,
    0xFF, 0xFF, 0xFF, 0xFF, 0xFF, 0xFF, 0xFF, 0xFF, 0xFF, 0xFF, 0xFF, 0xFF, 0xFF, 0xFF, 0xFF, 0xFF, 0xFF, 0xFF, 0xFF, 0xFF,
    0xFF, 0xFF, 0xFF, 0xFF, 0xFF, 0xFF, 0xFF, 0xFF, 0xFF, 0xFF, 0xFF, 0xFF, 0xFF, 0xFF, 0xFF, 0xFF, 0xFF, 0xFF, 0xFF, 0xFF,
    0xFF, 0xFF, 0xFF, 0xFF, 0xFF, 0xFF, 0xFF, 0xFF, 0xFF, 0xFF, 0xFF, 0xFF, 0xFF, 0xFF, 0xFF, 0xFF, 0xFF, 0xFF, 0xFF, 0xFF,
    0xFF, 0x07, 0x07, 0x08, 0x02, 0x0C, 0x04, 0x0C, 0x0C, 0x04, 0x01, 0x01, 0x03, 0x03, 0x08, 0x04, 0x04, 0x03, 0x03, 0x03,
    0x04, 0x04, 0x04, 0x02, 0x04, 0x0E, 0x08, 0x08, 0x04, 0x08, 0x04, 0x04, 0x03, 0x04, 0x08, 0x08, 0x0C, 0x09, 0x0E, 0x0A,
    0x07, 0x07, 0x06, 0x04, 0x08, 0x08, 0x09, 0x0C, 0x03, 0x04, 0x04, 0x03, 0x09, 0x0E, 0x09, 0x07, 0x0A, 0x0A, 0x0A, 0x0A,
    0x0F, 0x0E, 0x16, 0x18, 0x18, 0x11, 0x11, 0x1B, 0x18, 0x1C, 0x23, 0x1F, 0x1C, 0x11, 0x14, 0x1D, 0x1B, 0x20, 0x24, 0x15,
    0xB0, 0xFE, 0xF2, 0xFB, 0xF1, 0xFF, 0xE6, 0x15, 0x2C, 0x2B, 0x2B, 0x2B, 0x39, 0x35, 0x2B, 0x3E, 0x2A, 0x24, 0x21, 0x29,
    0x2B, 0x24, 0x21, 0x2C, 0x2C, 0x2A, 0x35, 0x2C, 0x3D, 0x37, 0x3E, 0x49, 0x3F, 0x46, 0x39, 0x49, 0x3D, 0x46, 0x46, 0x2B,
    0x2A, 0x24, 0x35, 0x48, 0x3E, 0x37, 0x37, 0x3B, 0x39, 0x3B, 0x4E, 0x4F, 0x5A, 0x50, 0x43, 0x46, 0x50, 0x50, 0x5C, 0x50,
    0x5E, 0x54, 0x61, 0x3B, 0x37, 0x4E, 0x3B, 0x3B, 0x2F, 0x3B, 0x3B, 0x3B, 0x4E, 0x50, 0x5B, 0x5B, 0x60, 0x5A, 0x2E, 0x4E,
    0xFF, 0xFF, 0xFF, 0xFF, 0xFF, 0xFF, 0xFF, 0xFF, 0xFF, 0xFF, 0xFF, 0xFF, 0xFF, 0xFF, 0xFF, 0xFF, 0xFF, 0xFF, 0xFF, 0xFF,
    0xFF, 0xFF, 0xFF, 0xFF, 0xFF, 0xFF, 0xFF, 0xFF, 0xFF, 0xFF, 0xFF, 0xFF, 0xFF, 0xFF, 0xFF, 0xFF, 0xFF, 0xFF, 0xFF, 0xFF,
    0xFF, 0xFF, 0xFF, 0xFF, 0xFF, 0xFF, 0xFF, 0xFF, 0xFF, 0xFF, 0xFF, 0xFF, 0xFF, 0xFF, 0xFF, 0xFF, 0xFF, 0xFF, 0xFF, 0xFF,
    0xFF, 0xFF, 0xFF, 0xFF, 0xFF, 0xFF, 0xFF, 0xFF, 0xFF, 0xFF, 0xFF, 0xFF, 0xFF, 0xFF, 0xFF, 0xFF, 0xFF, 0xFF, 0xFF, 0xFF,
    0x0A, 0x07, 0x0C, 0x08, 0x0C, 0x05, 0x0C, 0x05, 0x02, 0x03, 0x01, 0x04, 0x03, 0x04, 0x08, 0x03, 0x03, 0x03, 0x03, 0x03,
    0x04, 0x04, 0x04, 0x08, 0x08, 0x08, 0x04, 0x04, 0x09, 0x08, 0x02, 0x03, 0x04, 0x04, 0x08, 0x04, 0x08, 0x0E, 0x0A, 0x0A,
    0x0E, 0x16, 0x08, 0x0C, 0x0C, 0x0E, 0x0C, 0x0E, 0x03, 0x04, 0x08, 0x06, 0x09, 0x08, 0x06, 0x08, 0x0A, 0x0A, 0x0B, 0x12,
    0x10, 0x0F, 0x14, 0x1C, 0x18, 0x14, 0x18, 0x1C, 0x23, 0x23, 0x18, 0x29, 0x18, 0x29, 0x97, 0xB0, 0xB0, 0x60, 0x1B, 0x15,
    0xB0, 0xFD, 0xF1, 0xFF, 0xFA, 0xFA, 0xEF, 0x74, 0x2B, 0x30, 0x2D, 0x2D, 0x2B, 0x2D, 0x25, 0x2C, 0x25, 0x23, 0x29, 0x2A,
    0x24, 0x29, 0x21, 0x2C, 0x37, 0x37, 0x39, 0x2D, 0x46, 0x3D, 0x43, 0x4C, 0x39, 0x46, 0x3C, 0x39, 0x3D, 0x46, 0x42, 0x3C,
    0x29, 0x2C, 0x51, 0x3E, 0x3E, 0x30, 0x3C, 0x3B, 0x31, 0x50, 0x52, 0x5D, 0x5A, 0x4E, 0x46, 0x55, 0x3B, 0x5B, 0x5E, 0x60,
    0x6E, 0x37, 0x50, 0x50, 0x21, 0x3B, 0x3B, 0x32, 0x5B, 0x5B, 0x73, 0x60, 0x5A, 0x5B, 0x5B, 0x52, 0x5A, 0x5A, 0x4E, 0x5A,
    0x5A, 0xFF, 0xFF, 0xFF, 0xFF, 0xFF, 0xFF, 0xFF, 0xFF, 0xFF, 0xFF, 0xFF, 0xFF, 0xFF, 0xFF, 0xFF, 0xFF, 0xFF, 0xFF, 0xFF,
    0xFF, 0xFF, 0xFF, 0xFF, 0xFF, 0xFF, 0xFF, 0xFF, 0xFF, 0xFF, 0xFF, 0xFF, 0xFF, 0xFF, 0xFF, 0xFF, 0xFF, 0xFF, 0xFF, 0xFF,
    0xFF, 0xFF, 0xFF, 0xFF, 0xFF, 0xFF, 0xFF, 0xFF, 0xFF, 0xFF, 0xFF, 0xFF, 0xFF, 0xFF, 0xFF, 0xFF, 0xFF, 0xFF, 0xFF, 0xFF,
    0xFF, 0xFF, 0xFF, 0xFF, 0xFF, 0xFF, 0xFF, 0xFF, 0xFF, 0xFF, 0xFF, 0xFF, 0xFF, 0xFF, 0xFF, 0xFF, 0xFF, 0xFF, 0xFF, 0x09,
    0x0D, 0x04, 0x03, 0x08, 0x0C, 0x0C, 0x02, 0x02, 0x04, 0x01, 0x01, 0x03, 0x03, 0x03, 0x03, 0x07, 0x04, 0x03, 0x03, 0x03,
    0x02, 0x04, 0x01, 0x04, 0x04, 0x04, 0x04, 0x04, 0x09, 0x0C, 0x02, 0x04, 0x0C, 0x04, 0x08, 0x08, 0x07, 0x16, 0x0A, 0x0D,
    0x08, 0x08, 0x09, 0x0C, 0x0C, 0x05, 0x0C, 0x08, 0x02, 0x04, 0x06, 0x03, 0x07, 0x0D, 0x0D, 0x06, 0x06, 0x0A, 0x0B, 0x10,
    0x0E, 0x11, 0x18, 0x18, 0x18, 0x10, 0x1C, 0x1B, 0x1B, 0x1B, 0x20, 0x20, 0x50, 0xEE, 0xFC, 0xFF, 0xFC, 0xEF, 0xC8, 0x1C,
    0x74, 0xF8, 0xF4, 0xFA, 0xFF, 0xF5, 0xFC, 0xDD, 0x24, 0x2C, 0x2B, 0x35, 0x34, 0x25, 0x25, 0x2C, 0x2C, 0x2A, 0x3C, 0x2C,
    0x25, 0x2C, 0x37, 0x24, 0x37, 0x2C, 0x35, 0x35, 0x39, 0x3D, 0x46, 0x49, 0x31, 0x40, 0x39, 0x37, 0x3D, 0x3D, 0x39, 0x3D,
    0x37, 0x43, 0x30, 0x30, 0x37, 0x3E, 0x3E, 0x55, 0x49, 0x3D, 0x5B, 0x5B, 0x52, 0x37, 0x3B, 0x3B, 0x3B, 0x5D, 0x52, 0x50,
    0x5A, 0x4E, 0x5B, 0x5B, 0x5A, 0x5A, 0x5A, 0x5A, 0x5A, 0x5A, 0x5B, 0x5A, 0x3B, 0x62, 0x73, 0x62, 0x60, 0x5A, 0x60, 0x4E,
    0x52, 0x5A, 0xFF, 0xFF, 0xFF, 0xFF, 0xFF, 0xFF, 0xFF, 0xFF, 0xFF, 0xFF, 0xFF, 0xFF, 0xFF, 0xFF, 0xFF, 0xFF, 0xFF, 0xFF,
    0xFF, 0xFF, 0xFF, 0xFF, 0xFF, 0xFF, 0xFF, 0xFF, 0xFF, 0xFF, 0xFF, 0xFF, 0xFF, 0xFF, 0xFF, 0xFF, 0xFF, 0xFF, 0xFF, 0xFF,
    0xFF, 0xFF, 0xFF, 0xFF, 0xFF, 0xFF, 0xFF, 0xFF, 0xFF, 0xFF, 0xFF, 0xFF, 0xFF, 0xFF, 0xFF, 0xFF, 0xFF, 0xFF, 0xFF, 0xFF,
    0xFF, 0xFF, 0xFF, 0xFF, 0xFF, 0xFF, 0xFF, 0xFF, 0xFF, 0xFF, 0xFF, 0xFF, 0xFF, 0xFF, 0xFF, 0xFF, 0xFF, 0xFF, 0x09, 0x16,
    0x04, 0x04, 0x03, 0x09, 0x0C, 0x04, 0x02, 0x04, 0x03, 0x01, 0x03, 0x03, 0x03, 0x03, 0x03, 0x04, 0x04, 0x03, 0x03, 0x03,
    0x02, 0x04, 0x04, 0x04, 0x08, 0x04, 0x04, 0x0E, 0x08, 0x09, 0x04, 0x04, 0x04, 0x04, 0x04, 0x04, 0x09, 0x16, 0x09, 0x04,
    0x03, 0x06, 0x0E, 0x09, 0x09, 0x0C, 0x08, 0x04, 0x02, 0x08, 0x03, 0x03, 0x06, 0x0D, 0x0E, 0x07, 0x0A, 0x0A, 0x06, 0x10,
    0x0E, 0x10, 0x11, 0x13, 0x0F, 0x19, 0x1F, 0x1C, 0x1B, 0x23, 0x2B, 0x29, 0xEC, 0xFE, 0xF0, 0xF1, 0xF1, 0xF1, 0xFE, 0xE8,
    0x24, 0xEF, 0xFF, 0xF8, 0xFF, 0xF5, 0xF9, 0xE6, 0x21, 0x30, 0x2C, 0x37, 0x2C, 0x2C, 0x2B, 0x2D, 0x24, 0x3C, 0x2F, 0x2C,
    0x30, 0x2F, 0x2B, 0x35, 0x2C, 0x2B, 0x38, 0x2B, 0x2B, 0x3B, 0x3B, 0x3B, 0x4F, 0x52, 0x43, 0x30, 0x3B, 0x3B, 0x30, 0x39,
    0x37, 0x43, 0x42, 0x2C, 0x46, 0x46, 0x2A, 0x4E, 0x50, 0x50, 0x5A, 0x4F, 0x46, 0x37, 0x4E, 0x50, 0x3D, 0x3B, 0x50, 0x5B,
    0x5A, 0x74, 0x6C, 0x5F, 0x5B, 0x77, 0x7D, 0x3B, 0x4E, 0x49, 0x5B, 0x62, 0x62, 0x62, 0x5B, 0x5A, 0x60, 0x5A, 0x62, 0x60,
    0x62, 0x5A, 0x50, 0xFF, 0xFF, 0xFF, 0xFF, 0xFF, 0xFF, 0xFF, 0xFF, 0xFF, 0xFF, 0xFF, 0xFF, 0xFF, 0xFF, 0xFF, 0xFF, 0xFF,
    0xFF, 0xFF, 0xFF, 0xFF, 0xFF, 0xFF, 0xFF, 0xFF, 0xFF, 0xFF, 0xFF, 0xFF, 0xFF, 0xFF, 0xFF, 0xFF, 0xFF, 0xFF, 0xFF, 0xFF,
    0xFF, 0xFF, 0xFF, 0xFF, 0xFF, 0xFF, 0xFF, 0xFF, 0xFF, 0xFF, 0xFF, 0xFF, 0xFF, 0xFF, 0xFF, 0xFF, 0xFF, 0xFF, 0xFF, 0xFF,
    0xFF, 0xFF, 0xFF, 0xFF, 0xFF, 0xFF, 0xFF, 0xFF, 0xFF, 0xFF, 0xFF, 0xFF, 0xFF, 0xFF, 0xFF, 0xFF, 0xFF, 0x04, 0x08, 0x09,
    0x04, 0x03, 0x0F, 0x0E, 0x08, 0x08, 0x02, 0x04, 0x07, 0x03, 0x06, 0x0D, 0x03, 0x03, 0x03, 0x03, 0x03, 0x01, 0x01, 0x04,
    0x04, 0x04, 0x08, 0x08, 0x08, 0x04, 0x04, 0x09, 0x09, 0x09, 0x08, 0x04, 0x04, 0x0C, 0x04, 0x06, 0x0E, 0x11, 0x16, 0x03,
    0x07, 0x0E, 0x0E, 0x09, 0x0E, 0x0D, 0x0A, 0x07, 0x03, 0x0D, 0x03, 0x03, 0x06, 0x06, 0x0A, 0x0A, 0x0F, 0x0B, 0x0A, 0x10,
    0x10, 0x11, 0x18, 0x17, 0x13, 0x18, 0x19, 0x18, 0x20, 0x21, 0x1B, 0x98, 0xFC, 0xF1, 0xFF, 0xFF, 0xFF, 0xF4, 0xF6, 0xEF,
    0x3B, 0xED, 0xFF, 0xF5, 0xFF, 0xF8, 0xF7, 0xEE, 0x3D, 0x2C, 0x35, 0x38, 0x38, 0x36, 0x38, 0x2F, 0x2B, 0x25, 0x28, 0x35,
    0x46, 0x39, 0x2B, 0x35, 0x35, 0x35, 0x38, 0x2D, 0x2A, 0x3C, 0x4F, 0x2C, 0x46, 0x37, 0x2C, 0x2C, 0x31, 0x3B, 0x46, 0x3D,
    0x31, 0x3C, 0x3B, 0x2E, 0x37, 0x37, 0x2F, 0x4E, 0x4E, 0x60, 0x50, 0x2C, 0x37, 0x3C, 0x3C, 0x37, 0x3B, 0x3B, 0x5B, 0x5A,
    0x5A, 0x5D, 0x75, 0x5A, 0x4E, 0x5B, 0x2C, 0x3B, 0x5B, 0x4A, 0x5A, 0x62, 0x62, 0x62, 0x3B, 0x62, 0x60, 0x50, 0x5B, 0x62,
    0x5B, 0x3B, 0x60, 0x50, 0xFF, 0xFF, 0xFF, 0xFF, 0xFF, 0xFF, 0xFF, 0xFF, 0xFF, 0xFF, 0xFF, 0xFF, 0xFF, 0xFF, 0xFF, 0xFF,
    0xFF, 0xFF, 0xFF, 0xFF, 0xFF, 0xFF, 0xFF, 0xFF, 0xFF, 0xFF, 0xFF, 0xFF, 0xFF, 0xFF, 0xFF, 0xFF, 0xFF, 0xFF, 0xFF, 0xFF,
    0xFF, 0xFF, 0xFF, 0xFF, 0xFF, 0xFF, 0xFF, 0xFF, 0xFF, 0xFF, 0xFF, 0xFF, 0xFF, 0xFF, 0xFF, 0xFF, 0xFF, 0xFF, 0xFF, 0xFF,
    0xFF, 0xFF, 0xFF, 0xFF, 0xFF, 0xFF, 0xFF, 0xFF, 0xFF, 0xFF, 0xFF, 0xFF, 0xFF, 0xFF, 0xFF, 0xFF, 0x04, 0x03, 0x0E, 0x06,
    0x03, 0x03, 0x0E, 0x0E, 0x08, 0x0C, 0x02, 0x04, 0x03, 0x0C, 0x0C, 0x16, 0x09, 0x04, 0x03, 0x03, 0x03, 0x01, 0x03, 0x03,
    0x01, 0x03, 0x06, 0x06, 0x08, 0x04, 0x04, 0x16, 0x0E, 0x0C, 0x04, 0x04, 0x04, 0x04, 0x08, 0x06, 0x0A, 0x10, 0x08, 0x03,
    0x0D, 0x16, 0x16, 0x09, 0x0C, 0x0C, 0x07, 0x0D, 0x0E, 0x1C, 0x19, 0x08, 0x06, 0x07, 0x0A, 0x0E, 0x06, 0x0B, 0x0E, 0x0E,
    0x14, 0x18, 0x18, 0x18, 0x19, 0x21, 0x1F, 0x20, 0x23, 0x23, 0x15, 0x98, 0xF7, 0xF1, 0xFF, 0xFF, 0xFF, 0xF9, 0xF3, 0xFC,
    0x73, 0xE8, 0xFF, 0xF2, 0xFF, 0xFD, 0xF0, 0xFD, 0xE3, 0x33, 0x4A, 0x46, 0x43, 0x42, 0x48, 0x39, 0x30, 0x35, 0x2D, 0x2B,
    0x39, 0x4C, 0x42, 0x2C, 0x43, 0x47, 0x39, 0x43, 0x40, 0x39, 0x3C, 0x3D, 0x3D, 0x37, 0x37, 0x37, 0x3B, 0x3B, 0x39, 0x3C,
    0x3B, 0x4A, 0x3D, 0x47, 0x39, 0x39, 0x2A, 0x52, 0x5A, 0x5A, 0x5B, 0x49, 0x37, 0x39, 0x3D, 0x4E, 0x5A, 0x62, 0x5B, 0x5A,
    0x5B, 0x55, 0x5A, 0x5A, 0x5A, 0x52, 0x39, 0x3B, 0x5A, 0x5B, 0x5D, 0x5A, 0x62, 0x62, 0x3B, 0x62, 0x7B, 0x3D, 0x74, 0x62,
    0x5A, 0x5B, 0x60, 0x5A, 0x5A, 0xFF, 0xFF, 0xFF, 0xFF, 0xFF, 0xFF, 0xFF, 0xFF, 0xFF, 0xFF, 0xFF, 0xFF, 0xFF, 0xFF, 0xFF,
    0xFF, 0xFF, 0xFF, 0xFF, 0xFF, 0xFF, 0xFF, 0xFF, 0xFF, 0xFF, 0xFF, 0xFF, 0xFF, 0xFF, 0xFF, 0xFF, 0xFF, 0xFF, 0xFF, 0xFF,
    0xFF, 0xFF, 0xFF, 0xFF, 0xFF, 0xFF, 0xFF, 0xFF, 0xFF, 0xFF, 0xFF, 0xFF, 0xFF, 0xFF, 0xFF, 0xFF, 0xFF, 0xFF, 0xFF, 0xFF,
    0xFF, 0xFF, 0xFF, 0xFF, 0xFF, 0xFF, 0xFF, 0xFF, 0xFF, 0xFF, 0xFF, 0xFF, 0xFF, 0xFF, 0xFF, 0x03, 0x03, 0x09, 0x19, 0x0D,
    0x03, 0x03, 0x07, 0x0D, 0x0E, 0x04, 0x02, 0x05, 0x02, 0x01, 0x04, 0x04, 0x03, 0x01, 0x04, 0x02, 0x04, 0x01, 0x01, 0x03,
    0x03, 0x03, 0x06, 0x0D, 0x04, 0x06, 0x08, 0x16, 0x16, 0x09, 0x09, 0x08, 0x08, 0x03, 0x06, 0x0A, 0x10, 0x11, 0x06, 0x03,
    0x0D, 0x10, 0x0E, 0x09, 0x08, 0x0C, 0x08, 0x0C, 0x0C, 0x0E, 0x16, 0x08, 0x06, 0x0A, 0x10, 0x08, 0x04, 0x0B, 0x0B, 0x0F,
    0x14, 0x17, 0x18, 0x19, 0x1B, 0x21, 0x29, 0x1F, 0x24, 0x22, 0x1D, 0x76, 0xFC, 0xF1, 0xFF, 0xFF, 0xFF, 0xF9, 0xF2, 0xFF,
    0xEC, 0xE8, 0xFF, 0xF3, 0xFF, 0xFF, 0xF1, 0xF3, 0xEE, 0x2B, 0x3E, 0x48, 0x39, 0x34, 0x36, 0x36, 0x3E, 0x3F, 0x30, 0x43,
    0x4B, 0x39, 0x36, 0x38, 0x40, 0x46, 0x39, 0x4A, 0x3B, 0x4A, 0x37, 0x3C, 0x4A, 0x37, 0x37, 0x3C, 0x3D, 0x3D, 0x39, 0x2C,
    0x24, 0x2C, 0x2B, 0x38, 0x40, 0x43, 0x2C, 0x50, 0x62, 0x5A, 0x5B, 0x3B, 0x3D, 0x3D, 0x5B, 0x61, 0x61, 0x55, 0x3C, 0x24,
    0x24, 0x5A, 0x5B, 0x5D, 0x3B, 0x3B, 0x60, 0x5A, 0x60, 0x62, 0x62, 0x5B, 0x5B, 0x5A, 0x32, 0x74, 0x61, 0x74, 0x5A, 0x60,
    0x62, 0x5B, 0x5B, 0x62, 0x62, 0x5B, 0xFF, 0xFF, 0xFF, 0xFF, 0xFF, 0xFF, 0xFF, 0xFF, 0xFF, 0xFF, 0xFF, 0xFF, 0xFF, 0xFF,
    0xFF, 0xFF, 0xFF, 0xFF, 0xFF, 0xFF, 0xFF, 0xFF, 0xFF, 0xFF, 0xFF, 0xFF, 0xFF, 0xFF, 0xFF, 0xFF, 0xFF, 0xFF, 0xFF, 0xFF,
    0xFF, 0xFF, 0xFF, 0xFF, 0xFF, 0xFF, 0xFF, 0xFF, 0xFF, 0xFF, 0xFF, 0xFF, 0xFF, 0xFF, 0xFF, 0xFF, 0xFF, 0xFF, 0xFF, 0xFF,
    0xFF, 0xFF, 0xFF, 0xFF, 0xFF, 0xFF, 0xFF, 0xFF, 0xFF, 0xFF, 0xFF, 0xFF, 0xFF, 0xFF, 0x16, 0x0B, 0x07, 0x0D, 0x07, 0x07,
    0x07, 0x07, 0x0D, 0x0B, 0x0D, 0x07, 0x04, 0x05, 0x04, 0x02, 0x04, 0x01, 0x04, 0x03, 0x03, 0x01, 0x03, 0x01, 0x03, 0x04,
    0x03, 0x08, 0x06, 0x08, 0x08, 0x07, 0x16, 0x16, 0x0E, 0x0E, 0x09, 0x09, 0x06, 0x0D, 0x06, 0x0F, 0x19, 0x16, 0x0A, 0x07,
    0x0A, 0x0D, 0x16, 0x0D, 0x08, 0x0C, 0x0C, 0x04, 0x04, 0x09, 0x06, 0x03, 0x06, 0x08, 0x09, 0x0B, 0x06, 0x0F, 0x12, 0x13,
    0x14, 0x15, 0x18, 0x1C, 0x1C, 0x19, 0x1C, 0x25, 0x25, 0x26, 0x28, 0x3F, 0xEE, 0xFC, 0xF5, 0xFF, 0xFF, 0xFF, 0xFD, 0xFC,
    0xEF, 0xED, 0xFE, 0xF3, 0xFF, 0xFF, 0xF6, 0xFC, 0xEF, 0x4F, 0x35, 0x3A, 0x45, 0x35, 0x34, 0x34, 0x3E, 0x38, 0x36, 0x42,
    0x47, 0x3F, 0x2C, 0x36, 0x39, 0x2C, 0x3D, 0x3B, 0x3B, 0x3B, 0x3B, 0x3D, 0x46, 0x46, 0x3C, 0x3D, 0x3B, 0x37, 0x3D, 0x29,
    0x24, 0x38, 0x42, 0x39, 0x3F, 0x40, 0x37, 0x52, 0x5B, 0x5D, 0x5B, 0x5B, 0x3D, 0x4A, 0x50, 0x5A, 0x5A, 0x3B, 0x38, 0x2B,
    0x35, 0x4F, 0x4F, 0x3B, 0x3B, 0x46, 0x5D, 0x73, 0x5B, 0x50, 0x5E, 0x5E, 0x5A, 0x32, 0x73, 0x60, 0x5B, 0x62, 0x60, 0x62,
    0x76, 0x4E, 0x4E, 0x4F, 0x61, 0x60, 0x55, 0xFF, 0xFF, 0xFF, 0xFF, 0xFF, 0xFF, 0xFF, 0xFF, 0xFF, 0xFF, 0xFF, 0xFF, 0xFF,
    0xFF, 0xFF, 0xFF, 0xFF, 0xFF, 0xFF, 0xFF, 0xFF, 0xFF, 0xFF, 0xFF, 0xFF, 0xFF, 0xFF, 0xFF, 0xFF, 0xFF, 0xFF, 0xFF, 0xFF,
    0xFF, 0xFF, 0xFF, 0xFF, 0xFF, 0xFF, 0xFF, 0xFF, 0xFF, 0xFF, 0xFF, 0xFF, 0xFF, 0xFF, 0xFF, 0xFF, 0xFF, 0xFF, 0xFF, 0xFF,
    0xFF, 0xFF, 0xFF, 0xFF, 0xFF, 0xFF, 0xFF, 0xFF, 0xFF, 0xFF, 0xFF, 0xFF, 0xFF, 0x0C, 0x0C, 0x0A, 0x0F, 0x17, 0x0D, 0x09,
    0x08, 0x07, 0x0D, 0x0D, 0x07, 0x07, 0x04, 0x08, 0x03, 0x0C, 0x0C, 0x01, 0x01, 0x02, 0x03, 0x03, 0x01, 0x01, 0x01, 0x01,
    0x03, 0x04, 0x07, 0x03, 0x03, 0x0D, 0x16, 0x0E, 0x09, 0x09, 0x09, 0x0D, 0x0E, 0x0F, 0x12, 0x13, 0x13, 0x0F, 0x0F, 0x0A,
    0x0D, 0x13, 0x13, 0x0A, 0x0D, 0x09, 0x09, 0x09, 0x0C, 0x08, 0x04, 0x0A, 0x0A, 0x07, 0x0E, 0x0E, 0x0A, 0x10, 0x14, 0x15,
    0x20, 0x18, 0x14, 0x15, 0x1C, 0x24, 0x25, 0x23, 0x23, 0x22, 0x28, 0x1D, 0xDD, 0xFE, 0xF1, 0xFF, 0xFF, 0xFF, 0xFE, 0xFD,
    0xEF, 0xEF, 0xF7, 0xF7, 0xFF, 0xFF, 0xF7, 0xFC, 0xF3, 0x61, 0x25, 0x4B, 0x2D, 0x3E, 0x42, 0x2D, 0x28, 0x2D, 0x34, 0x41,
    0x44, 0x47, 0x38, 0x37, 0x3B, 0x3B, 0x3B, 0x3B, 0x3B, 0x3B, 0x3B, 0x49, 0x46, 0x43, 0x39, 0x3B, 0x3B, 0x2E, 0x3B, 0x3B,
    0x37, 0x47, 0x42, 0x42, 0x39, 0x39, 0x55, 0x75, 0x75, 0x5B, 0x52, 0x57, 0x3B, 0x55, 0x5B, 0x3B, 0x62, 0x52, 0x40, 0x2D,
    0x38, 0x49, 0x46, 0x50, 0x3B, 0x4E, 0x60, 0x5B, 0x5A, 0x5B, 0x5B, 0x5A, 0x5A, 0x62, 0x5A, 0x5A, 0x55, 0x49, 0x60, 0x62,
    0x62, 0x5A, 0x50, 0x5C, 0x61, 0x7D, 0x2E, 0x6C, 0xFF, 0xFF, 0xFF, 0xFF, 0xFF, 0xFF, 0xFF, 0xFF, 0xFF, 0xFF, 0xFF, 0xFF,
    0xFF, 0xFF, 0xFF, 0xFF, 0xFF, 0xFF, 0xFF, 0xFF, 0xFF, 0xFF, 0xFF, 0xFF, 0xFF, 0xFF, 0xFF, 0xFF, 0xFF, 0xFF, 0xFF, 0xFF,
    0xFF, 0xFF, 0xFF, 0xFF, 0xFF, 0xFF, 0xFF, 0xFF, 0xFF, 0xFF, 0xFF, 0xFF, 0xFF, 0xFF, 0xFF, 0xFF, 0xFF, 0xFF, 0xFF, 0xFF,
    0xFF, 0xFF, 0xFF, 0xFF, 0xFF, 0xFF, 0xFF, 0xFF, 0xFF, 0xFF, 0xFF, 0xFF, 0x16, 0x0C, 0x0C, 0x16, 0x1F, 0x16, 0x0D, 0x0A,
    0x16, 0x1F, 0x0E, 0x0D, 0x0D, 0x0D, 0x07, 0x03, 0x01, 0x0C, 0x04, 0x07, 0x03, 0x02, 0x04, 0x02, 0x02, 0x01, 0x03, 0x03,
    0x03, 0x03, 0x03, 0x03, 0x03, 0x08, 0x08, 0x08, 0x08, 0x0E, 0x0B, 0x0E, 0x0E, 0x0E, 0x11, 0x18, 0x17, 0x12, 0x0B, 0x16,
    0x0F, 0x13, 0x13, 0x12, 0x09, 0x09, 0x06, 0x04, 0x0E, 0x09, 0x03, 0x08, 0x0F, 0x0B, 0x09, 0x09, 0x0B, 0x12, 0x13, 0x1D,
    0x1C, 0x18, 0x15, 0x23, 0x20, 0x21, 0x24, 0x1B, 0x23, 0x22, 0x35, 0x1D, 0x61, 0xF3, 0xF4, 0xF8, 0xFF, 0xFF, 0xFF, 0xFA,
    0xF6, 0xFB, 0xF8, 0xFF, 0xFF, 0xFF, 0xFA, 0xF4, 0xFC, 0x9F, 0x1E, 0x4C, 0x43, 0x33, 0x3E, 0x2D, 0x28, 0x33, 0x36, 0x35,
    0x35, 0x35, 0x3E, 0x40, 0x3B, 0x3B, 0x3B, 0x2C, 0x3B, 0x3B, 0x3E, 0x3C, 0x39, 0x37, 0x3D, 0x3B, 0x30, 0x2E, 0x1F, 0x21,
    0x2C, 0x37, 0x39, 0x46, 0x46, 0x4A, 0x5F, 0x5A, 0x5B, 0x60, 0x49, 0x3D, 0x4E, 0x4E, 0x60, 0x5A, 0x50, 0x30, 0x3B, 0x3C,
    0x47, 0x41, 0x46, 0x5D, 0x5A, 0x5B, 0x75, 0x6D, 0x5B, 0x5A, 0x77, 0x73, 0x5A, 0x62, 0x61, 0x50, 0x5A, 0x4E, 0x5B, 0x62,
    0x62, 0x62, 0x61, 0x4A, 0x6F, 0x46, 0x2D, 0x5F, 0x65, 0xFF, 0xFF, 0xFF, 0xFF, 0xFF, 0xFF, 0xFF, 0xFF, 0xFF, 0xFF, 0xFF,
    0xFF, 0xFF, 0xFF, 0xFF, 0xFF, 0xFF, 0xFF, 0xFF, 0xFF, 0xFF, 0xFF, 0xFF, 0xFF, 0xFF, 0xFF, 0xFF, 0xFF, 0xFF, 0xFF, 0xFF,
    0xFF, 0xFF, 0xFF, 0xFF, 0xFF, 0xFF, 0xFF, 0xFF, 0xFF, 0xFF, 0xFF, 0xFF, 0xFF, 0xFF, 0xFF, 0xFF, 0xFF, 0xFF, 0xFF, 0xFF,
    0xFF, 0xFF, 0xFF, 0xFF, 0xFF, 0xFF, 0xFF, 0xFF, 0xFF, 0xFF, 0xFF, 0x0E, 0x1A, 0x1A, 0x16, 0x1F, 0x19, 0x0F, 0x09, 0x0D,
    0x11, 0x1F, 0x16, 0x0A, 0x0E, 0x0F, 0x0D, 0x04, 0x09, 0x19, 0x0D, 0x07, 0x0A, 0x06, 0x03, 0x03, 0x03, 0x03, 0x07, 0x04,
    0x04, 0x04, 0x07, 0x07, 0x04, 0x04, 0x0D, 0x0D, 0x08, 0x09, 0x0D, 0x0E, 0x0E, 0x1A, 0x1F, 0x11, 0x16, 0x0F, 0x13, 0x19,
    0x1C, 0x0F, 0x17, 0x14, 0x13, 0x0A, 0x07, 0x0F, 0x11, 0x13, 0x13, 0x0A, 0x0B, 0x0B, 0x0B, 0x12, 0x12, 0x15, 0x14, 0x1D,
    0x1C, 0x20, 0x1D, 0x1C, 0x23, 0x19, 0x1F, 0x20, 0x25, 0x27, 0x2B, 0x28, 0x28, 0xED, 0xFC, 0xF0, 0xF7, 0xFF, 0xFF, 0xFF,
    0xFF, 0xFB, 0xFF, 0xFF, 0xFF, 0xFF, 0xFF, 0xF1, 0xFF, 0xE6, 0x20, 0x41, 0x48, 0x38, 0x2D, 0x34, 0x33, 0x3A, 0x38, 0x25,
    0x35, 0x3E, 0x30, 0x3D, 0x52, 0x3B, 0x3D, 0x37, 0x39, 0x37, 0x30, 0x37, 0x39, 0x37, 0x37, 0x3D, 0x37, 0x2E, 0x29, 0x2C,
    0x2F, 0x2E, 0x3C, 0x2F, 0x37, 0x37, 0x55, 0x4F, 0x31, 0x4F, 0x3D, 0x4E, 0x31, 0x3C, 0x5C, 0x4E, 0x50, 0x51, 0x4E, 0x57,
    0x37, 0x3D, 0x46, 0x5A, 0x62, 0x6F, 0x57, 0x78, 0x4E, 0x52, 0x5A, 0x5A, 0x62, 0x74, 0x73, 0x52, 0x4F, 0x4E, 0x62, 0x5A,
    0x60, 0x60, 0x61, 0x53, 0x40, 0x4E, 0x4F, 0x3D, 0x4D, 0x37, 0xFF, 0xFF, 0xFF, 0xFF, 0xFF, 0xFF, 0xFF, 0xFF, 0xFF, 0xFF,
    0xFF, 0xFF, 0xFF, 0xFF, 0xFF, 0xFF, 0xFF, 0xFF, 0xFF, 0xFF, 0xFF, 0xFF, 0xFF, 0xFF, 0xFF, 0xFF, 0xFF, 0xFF, 0xFF, 0xFF,
    0xFF, 0xFF, 0xFF, 0xFF, 0xFF, 0xFF, 0xFF, 0xFF, 0xFF, 0xFF, 0xFF, 0xFF, 0xFF, 0xFF, 0xFF, 0xFF, 0xFF, 0xFF, 0xFF, 0xFF,
    0xFF, 0xFF, 0xFF, 0xFF, 0xFF, 0xFF, 0xFF, 0xFF, 0xFF, 0xFF, 0xFF, 0x29, 0x1A, 0x1A, 0x1A, 0x19, 0x19, 0x0D, 0x0E, 0x0A,
    0x13, 0x19, 0x16, 0x16, 0x0E, 0x0B, 0x0E, 0x09, 0x0E, 0x0F, 0x04, 0x01, 0x03, 0x07, 0x0A, 0x03, 0x06, 0x06, 0x06, 0x03,
    0x04, 0x03, 0x07, 0x0D, 0x06, 0x06, 0x0F, 0x16, 0x09, 0x0E, 0x0D, 0x16, 0x19, 0x11, 0x17, 0x13, 0x0E, 0x0D, 0x17, 0x18,
    0x1C, 0x11, 0x19, 0x11, 0x14, 0x11, 0x14, 0x1C, 0x17, 0x0D, 0x0B, 0x14, 0x12, 0x12, 0x12, 0x12, 0x15, 0x15, 0x15, 0x15,
    0x1B, 0x25, 0x22, 0x23, 0x23, 0x21, 0x29, 0x26, 0x28, 0x26, 0x28, 0x38, 0x26, 0x7F, 0xF0, 0xF3, 0xF4, 0xFA, 0xFF, 0xFF,
    0xFF, 0xFF, 0xFF, 0xFF, 0xFF, 0xFF, 0xFF, 0xF5, 0xFE, 0xED, 0x2B, 0x41, 0x4C, 0x30, 0x33, 0x34, 0x47, 0x36, 0x25, 0x25,
    0x39, 0x39, 0x37, 0x46, 0x49, 0x52, 0x50, 0x3B, 0x3C, 0x3C, 0x2C, 0x46, 0x3D, 0x37, 0x39, 0x39, 0x37, 0x2E, 0x1F, 0x37,
    0x21, 0x2B, 0x2C, 0x2E, 0x3C, 0x38, 0x49, 0x4F, 0x50, 0x4E, 0x3C, 0x50, 0x37, 0x56, 0x5A, 0x3C, 0x50, 0x5B, 0x50, 0x46,
    0x39, 0x3C, 0x51, 0x3B, 0x61, 0x5D, 0x61, 0x62, 0x60, 0x50, 0x3B, 0x5A, 0x97, 0x78, 0x75, 0x4D, 0x38, 0x50, 0x74, 0x60,
    0x4E, 0x4F, 0x39, 0x4B, 0x5C, 0x76, 0x49, 0x2B, 0x5F, 0x59, 0xFF, 0xFF, 0xFF, 0xFF, 0xFF, 0xFF, 0xFF, 0xFF, 0xFF, 0xFF,
    0xFF, 0xFF, 0xFF, 0xFF, 0xFF, 0xFF, 0xFF, 0xFF, 0xFF, 0xFF, 0xFF, 0xFF, 0xFF, 0xFF, 0xFF, 0xFF, 0xFF, 0xFF, 0xFF, 0xFF,
    0xFF, 0xFF, 0xFF, 0xFF, 0xFF, 0xFF, 0xFF, 0xFF, 0xFF, 0xFF, 0xFF, 0xFF, 0xFF, 0xFF, 0xFF, 0xFF, 0xFF, 0xFF, 0xFF, 0xFF,
    0xFF, 0xFF, 0xFF, 0xFF, 0xFF, 0xFF, 0xFF, 0xFF, 0xFF, 0xFF, 0x1F, 0x1F, 0x1A, 0x1A, 0x16, 0x19, 0x1F, 0x16, 0x1C, 0x0B,
    0x0F, 0x11, 0x16, 0x08, 0x0E, 0x0C, 0x04, 0x07, 0x09, 0x0E, 0x09, 0x04, 0x02, 0x08, 0x03, 0x04, 0x04, 0x07, 0x07, 0x03,
    0x03, 0x03, 0x07, 0x0D, 0x10, 0x0F, 0x10, 0x09, 0x16, 0x13, 0x19, 0x0E, 0x16, 0x19, 0x1C, 0x11, 0x11, 0x12, 0x12, 0x15,
    0x11, 0x11, 0x11, 0x11, 0x10, 0x10, 0x10, 0x11, 0x19, 0x0D, 0x06, 0x0A, 0x14, 0x12, 0x14, 0x12, 0x15, 0x15, 0x15, 0x15,
    0x1B, 0x23, 0x25, 0x25, 0x2A, 0x2A, 0x25, 0x26, 0x22, 0x28, 0x28, 0x2D, 0x44, 0x22, 0xE3, 0xFC, 0xF0, 0xFE, 0xFF, 0xFF,
    0xFF, 0xFF, 0xFF, 0xFF, 0xFF, 0xFF, 0xFF, 0xFA, 0xFF, 0xEF, 0x59, 0x3A, 0x39, 0x25, 0x38, 0x38, 0x37, 0x2B, 0x22, 0x2F,
    0x30, 0x2B, 0x3D, 0x54, 0x4F, 0x3B, 0x3B, 0x50, 0x3C, 0x35, 0x35, 0x37, 0x3D, 0x3B, 0x37, 0x4A, 0x2C, 0x2A, 0x29, 0x31,
    0x3C, 0x4A, 0x37, 0x54, 0x49, 0x49, 0x40, 0x35, 0x46, 0x3D, 0x4F, 0x5B, 0x50, 0x60, 0x62, 0x2C, 0x3D, 0x62, 0x52, 0x52,
    0x54, 0x45, 0x52, 0x5A, 0x49, 0x5D, 0x6C, 0x61, 0x5A, 0x5A, 0x7C, 0x5E, 0x62, 0x5A, 0x67, 0x4C, 0x49, 0x5A, 0x4E, 0x5C,
    0x74, 0x5A, 0x57, 0x46, 0x61, 0x74, 0x37, 0x40, 0x6D, 0x65, 0x70, 0xFF, 0xFF, 0xFF, 0xFF, 0xFF, 0xFF, 0xFF, 0xFF, 0xFF,
    0xFF, 0xFF, 0xFF, 0xFF, 0xFF, 0xFF, 0xFF, 0xFF, 0xFF, 0xFF, 0xFF, 0xFF, 0xFF, 0xFF, 0xFF, 0xFF, 0xFF, 0xFF, 0xFF, 0xFF,
    0xFF, 0xFF, 0xFF, 0xFF, 0xFF, 0xFF, 0xFF, 0xFF, 0xFF, 0xFF, 0xFF, 0xFF, 0xFF, 0xFF, 0xFF, 0xFF, 0xFF, 0xFF, 0xFF, 0xFF,
    0xFF, 0xFF, 0xFF, 0xFF, 0xFF, 0xFF, 0xFF, 0xFF, 0xFF, 0x1A, 0x1A, 0x1A, 0x1A, 0x1A, 0x16, 0x1C, 0x19, 0x17, 0x0F, 0x0F,
    0x11, 0x16, 0x0E, 0x07, 0x0E, 0x16, 0x0E, 0x04, 0x08, 0x0E, 0x0E, 0x09, 0x0C, 0x02, 0x03, 0x03, 0x04, 0x03, 0x03, 0x03,
    0x03, 0x03, 0x07, 0x16, 0x11, 0x0E, 0x19, 0x16, 0x16, 0x0F, 0x0F, 0x16, 0x16, 0x11, 0x19, 0x19, 0x1B, 0x18, 0x10, 0x11,
    0x19, 0x0F, 0x12, 0x11, 0x0F, 0x09, 0x0D, 0x1C, 0x1F, 0x19, 0x19, 0x11, 0x0A, 0x12, 0x12, 0x15, 0x1D, 0x15, 0x15, 0x15,
    0x1D, 0x33, 0x25, 0x23, 0x27, 0x2B, 0x29, 0x28, 0x26, 0x2D, 0x27, 0x41, 0x33, 0x27, 0x46, 0xEE, 0xFC, 0xF6, 0xFF, 0xFF,
    0xFF, 0xFF, 0xFF, 0xFF, 0xFF, 0xFF, 0xFF, 0xF5, 0xFC, 0xEE, 0x36, 0x2D, 0x3D, 0x2E, 0x43, 0x47, 0x39, 0x38, 0x2B, 0x35,
    0x39, 0x3C, 0x3D, 0x4A, 0x54, 0x37, 0x46, 0x4A, 0x3D, 0x39, 0x37, 0x3C, 0x3C, 0x3C, 0x37, 0x3B, 0x2C, 0x21, 0x2C, 0x30,
    0x37, 0x30, 0x4E, 0x5A, 0x49, 0x52, 0x46, 0x2D, 0x2D, 0x43, 0x5A, 0x5A, 0x5B, 0x5B, 0x62, 0x4A, 0x60, 0x60, 0x75, 0x52,
    0x39, 0x36, 0x54, 0x7D, 0x50, 0x50, 0x5B, 0x3B, 0x2E, 0x55, 0x5A, 0x5E, 0x67, 0x57, 0x57, 0x66, 0x40, 0x5A, 0x3B, 0x4E,
    0x62, 0x60, 0x5D, 0x5F, 0x60, 0x6C, 0x60, 0x60, 0x75, 0x6D, 0x89, 0x85, 0xFF, 0xFF, 0xFF, 0xFF, 0xFF, 0xFF, 0xFF, 0xFF,
    0xFF, 0xFF, 0xFF, 0xFF, 0xFF, 0xFF, 0xFF, 0xFF, 0xFF, 0xFF, 0xFF, 0xFF, 0xFF, 0xFF, 0xFF, 0xFF, 0xFF, 0xFF, 0xFF, 0xFF,
    0xFF, 0xFF, 0xFF, 0xFF, 0xFF, 0xFF, 0xFF, 0xFF, 0xFF, 0xFF, 0xFF, 0xFF, 0xFF, 0xFF, 0xFF, 0xFF, 0xFF, 0xFF, 0xFF, 0xFF,
    0xFF, 0xFF, 0xFF, 0xFF, 0xFF, 0xFF, 0xFF, 0xFF, 0x16, 0x16, 0x1A, 0x29, 0x1F, 0x16, 0x1F, 0x21, 0x17, 0x13, 0x0A, 0x1C,
    0x19, 0x11, 0x16, 0x08, 0x0E, 0x10, 0x11, 0x0E, 0x09, 0x08, 0x0E, 0x08, 0x0E, 0x03, 0x03, 0x03, 0x04, 0x0C, 0x06, 0x03,
    0x02, 0x03, 0x07, 0x10, 0x16, 0x11, 0x19, 0x10, 0x11, 0x19, 0x16, 0x16, 0x16, 0x16, 0x19, 0x18, 0x12, 0x14, 0x18, 0x1C,
    0x11, 0x10, 0x10, 0x11, 0x18, 0x10, 0x11, 0x11, 0x1F, 0x19, 0x19, 0x16, 0x03, 0x12, 0x12, 0x18, 0x1D, 0x15, 0x15, 0x15,
    0x15, 0x28, 0x25, 0x22, 0x26, 0x36, 0x2A, 0x1E, 0x27, 0x27, 0x28, 0x2D, 0x2B, 0x8A, 0xED, 0xEF, 0xF5, 0xF8, 0xFF, 0xFF,
    0xFF, 0xFF, 0xFF, 0xFF, 0xFF, 0xFF, 0xFF, 0xF2, 0xFC, 0xC8, 0x28, 0x55, 0x5E, 0x3B, 0x46, 0x4C, 0x39, 0x30, 0x38, 0x2C,
    0x35, 0x43, 0x3D, 0x4A, 0x4A, 0x46, 0x4C, 0x43, 0x39, 0x3C, 0x31, 0x37, 0x4A, 0x37, 0x2E, 0x29, 0x3B, 0x2C, 0x2B, 0x3C,
    0x3B, 0x37, 0x4E, 0x5A, 0x50, 0x62, 0x49, 0x25, 0x39, 0x3C, 0x3D, 0x4E, 0x54, 0x5E, 0x5B, 0x54, 0x61, 0x73, 0x5B, 0x54,
    0x2C, 0x50, 0x5B, 0x5B, 0x5B, 0x60, 0x5A, 0x32, 0x7D, 0x68, 0x5D, 0x6D, 0x5D, 0x6F, 0x68, 0x55, 0x50, 0x5A, 0x4E, 0x3B,
    0x4E, 0x5B, 0x61, 0x74, 0x76, 0x7B, 0x54, 0x61, 0x89, 0x83, 0x6E, 0x6C, 0x82, 0xFF, 0xFF, 0xFF, 0xFF, 0xFF, 0xFF, 0xFF,
    0xFF, 0xFF, 0xFF, 0xFF, 0xFF, 0xFF, 0xFF, 0xFF, 0xFF, 0xFF, 0xFF, 0xFF, 0xFF, 0xFF, 0xFF, 0xFF, 0xFF, 0xFF, 0xFF, 0xFF,
    0xFF, 0xFF, 0xFF, 0xFF, 0xFF, 0xFF, 0xFF, 0xFF, 0xFF, 0xFF, 0xFF, 0xFF, 0xFF, 0xFF, 0xFF, 0xFF, 0xFF, 0xFF, 0xFF, 0xFF,
    0xFF, 0xFF, 0xFF, 0xFF, 0xFF, 0xFF, 0xFF, 0x20, 0x29, 0x1F, 0x29, 0x29, 0x1F, 0x1F, 0x1F, 0x1C, 0x11, 0x18, 0x0D, 0x19,
    0x19, 0x11, 0x0D, 0x09, 0x0E, 0x10, 0x16, 0x0E, 0x09, 0x08, 0x0C, 0x0C, 0x09, 0x08, 0x03, 0x03, 0x07, 0x07, 0x03, 0x04,
    0x03, 0x07, 0x0A, 0x0B, 0x11, 0x14, 0x19, 0x16, 0x11, 0x1C, 0x19, 0x10, 0x19, 0x18, 0x18, 0x18, 0x14, 0x18, 0x1C, 0x19,
    0x11, 0x0E, 0x0D, 0x0B, 0x14, 0x19, 0x19, 0x11, 0x1F, 0x19, 0x11, 0x17, 0x0A, 0x12, 0x14, 0x23, 0x1B, 0x1D, 0x1D, 0x1D,
    0x1E, 0x23, 0x23, 0x2D, 0x2D, 0x35, 0x25, 0x1E, 0x26, 0x1E, 0x28, 0x2D, 0x28, 0xED, 0xFD, 0xF1, 0xF3, 0xFF, 0xFF, 0xFF,
    0xFF, 0xFF, 0xFF, 0xFF, 0xFF, 0xFF, 0xF7, 0xFC, 0xEF, 0x74, 0x3D, 0x57, 0x43, 0x43, 0x4B, 0x42, 0x39, 0x3D, 0x40, 0x30,
    0x3E, 0x3E, 0x53, 0x54, 0x46, 0x4A, 0x4C, 0x37, 0x3F, 0x3F, 0x2C, 0x2C, 0x46, 0x3B, 0x29, 0x2E, 0x1F, 0x2A, 0x30, 0x37,
    0x37, 0x3B, 0x5B, 0x50, 0x5A, 0x62, 0x49, 0x42, 0x30, 0x3C, 0x61, 0x5B, 0x54, 0x61, 0x5E, 0x60, 0x5B, 0x5B, 0x61, 0x54,
    0x3D, 0x55, 0x5B, 0x5E, 0x7F, 0x60, 0x32, 0x73, 0x77, 0x75, 0x60, 0x5A, 0x76, 0x74, 0x73, 0x62, 0x54, 0x51, 0x4E, 0x62,
    0x5E, 0x76, 0x61, 0x61, 0x75, 0x6C, 0x5F, 0x68, 0x8A, 0x7A, 0x61, 0x5C, 0x8A, 0xA0, 0xFF, 0xFF, 0xFF, 0xFF, 0xFF, 0xFF,
    0xFF, 0xFF, 0xFF, 0xFF, 0xFF, 0xFF, 0xFF, 0xFF, 0xFF, 0xFF, 0xFF, 0xFF, 0xFF, 0xFF, 0xFF, 0xFF, 0xFF, 0xFF, 0xFF, 0xFF,
    0xFF, 0xFF, 0xFF, 0xFF, 0xFF, 0xFF, 0xFF, 0xFF, 0xFF, 0xFF, 0xFF, 0xFF, 0xFF, 0xFF, 0xFF, 0xFF, 0xFF, 0xFF, 0xFF, 0xFF,
    0xFF, 0xFF, 0xFF, 0xFF, 0xFF, 0xFF, 0xFF, 0x13, 0x20, 0x1F, 0x3B, 0x1A, 0x29, 0x1F, 0x19, 0x19, 0x16, 0x18, 0x0D, 0x07,
    0x11, 0x16, 0x07, 0x0E, 0x16, 0x1C, 0x1C, 0x19, 0x19, 0x0C, 0x0C, 0x16, 0x0E, 0x0C, 0x03, 0x07, 0x06, 0x08, 0x04, 0x03,
    0x03, 0x0E, 0x0D, 0x19, 0x1F, 0x19, 0x18, 0x1F, 0x1C, 0x1B, 0x19, 0x1C, 0x19, 0x1C, 0x11, 0x11, 0x14, 0x17, 0x17, 0x11,
    0x0D, 0x13, 0x13, 0x14, 0x15, 0x1C, 0x19, 0x11, 0x16, 0x1A, 0x1C, 0x1C, 0x12, 0x12, 0x1D, 0x23, 0x20, 0x15, 0x1D, 0x1D,
    0x28, 0x1E, 0x28, 0x33, 0x44, 0x41, 0x2C, 0x34, 0x2D, 0x3A, 0x41, 0x1E, 0x1D, 0xED, 0xF6, 0xF1, 0xF3, 0xEF, 0xF1, 0xF6,
    0xFF, 0xFF, 0xFF, 0xFF, 0xFF, 0xFE, 0xF0, 0xFE, 0xED, 0x36, 0x3C, 0x36, 0x3E, 0x39, 0x34, 0x38, 0x35, 0x2B, 0x3C, 0x46,
    0x40, 0x3D, 0x65, 0x46, 0x49, 0x43, 0x39, 0x49, 0x3C, 0x49, 0x49, 0x21, 0x3B, 0x3D, 0x29, 0x31, 0x29, 0x29, 0x2C, 0x37,
    0x31, 0x4F, 0x5B, 0x50, 0x3B, 0x5A, 0x5E, 0x39, 0x3E, 0x50, 0x5B, 0x57, 0x61, 0x62, 0x6C, 0x62, 0x5D, 0x57, 0x5D, 0x5D,
    0x5E, 0x75, 0x6C, 0x68, 0x70, 0x3B, 0x73, 0x97, 0x73, 0x62, 0x62, 0x7B, 0x61, 0x62, 0x5B, 0x61, 0x70, 0x55, 0x7C, 0x92,
    0x77, 0x75, 0x55, 0x6C, 0x61, 0x92, 0x6E, 0x7E, 0x7F, 0x7D, 0x4F, 0x5D, 0x75, 0x7A, 0xFF, 0xFF, 0xFF, 0xFF, 0xFF, 0xFF,
    0xFF, 0xFF, 0xFF, 0xFF, 0xFF, 0xFF, 0xFF, 0xFF, 0xFF, 0xFF, 0xFF, 0xFF, 0xFF, 0xFF, 0xFF, 0xFF, 0xFF, 0xFF, 0xFF, 0xFF,
    0xFF, 0xFF, 0xFF, 0xFF, 0xFF, 0xFF, 0xFF, 0xFF, 0xFF, 0xFF, 0xFF, 0xFF, 0xFF, 0xFF, 0xFF, 0xFF, 0xFF, 0xFF, 0xFF, 0xFF,
    0xFF, 0xFF, 0xFF, 0xFF, 0xFF, 0xFF, 0x0D, 0x17, 0x21, 0x16, 0x1F, 0x2E, 0x29, 0x20, 0x20, 0x13, 0x1C, 0x10, 0x03, 0x0A,
    0x13, 0x0F, 0x09, 0x0E, 0x19, 0x16, 0x1C, 0x1F, 0x21, 0x1F, 0x0E, 0x09, 0x16, 0x0C, 0x07, 0x0E, 0x07, 0x03, 0x06, 0x03,
    0x03, 0x0D, 0x17, 0x19, 0x1F, 0x18, 0x15, 0x14, 0x1F, 0x1C, 0x20, 0x1C, 0x19, 0x19, 0x1C, 0x1B, 0x17, 0x0F, 0x0F, 0x10,
    0x0F, 0x0B, 0x17, 0x1B, 0x23, 0x1C, 0x24, 0x21, 0x1A, 0x1F, 0x1C, 0x1C, 0x18, 0x15, 0x1D, 0x1E, 0x23, 0x15, 0x1D, 0x1D,
    0x25, 0x2D, 0x36, 0x40, 0x40, 0x48, 0x30, 0x2D, 0x38, 0x43, 0x48, 0x26, 0xD5, 0xF4, 0xF5, 0xF7, 0xFC, 0xC8, 0xEE, 0xFF,
    0xF5, 0xFF, 0xFF, 0xFF, 0xFF, 0xFF, 0xF0, 0xFD, 0xED, 0x23, 0x35, 0x38, 0x2D, 0x5F, 0x43, 0x3A, 0x4C, 0x43, 0x48, 0x46,
    0x3C, 0x49, 0x58, 0x4A, 0x3C, 0x43, 0x39, 0x40, 0x43, 0x40, 0x3B, 0x1F, 0x3D, 0x50, 0x3C, 0x3C, 0x3B, 0x3B, 0x51, 0x39,
    0x46, 0x5A, 0x5A, 0x5B, 0x50, 0x5A, 0x5E, 0x43, 0x2A, 0x3B, 0x5A, 0x5B, 0x50, 0x60, 0x74, 0x5D, 0x75, 0x6D, 0x82, 0x6E,
    0x82, 0x72, 0x57, 0x89, 0x5A, 0x5A, 0x97, 0x76, 0x73, 0x62, 0x5E, 0x62, 0x61, 0x79, 0x81, 0x70, 0xA0, 0x88, 0x86, 0x93,
    0x7B, 0x66, 0x67, 0x54, 0x7B, 0x75, 0x7A, 0x74, 0x8C, 0x82, 0x6E, 0x68, 0x80, 0x70, 0x55, 0xFF, 0xFF, 0xFF, 0xFF, 0xFF,
    0xFF, 0xFF, 0xFF, 0xFF, 0xFF, 0xFF, 0xFF, 0xFF, 0xFF, 0xFF, 0xFF, 0xFF, 0xFF, 0xFF, 0xFF, 0xFF, 0xFF, 0xFF, 0xFF, 0xFF,
    0xFF, 0xFF, 0xFF, 0xFF, 0xFF, 0xFF, 0xFF, 0xFF, 0xFF, 0xFF, 0xFF, 0xFF, 0xFF, 0xFF, 0xFF, 0xFF, 0xFF, 0xFF, 0xFF, 0xFF,
    0xFF, 0xFF, 0xFF, 0xFF, 0xFF, 0x19, 0x1F, 0x2E, 0x1F, 0x16, 0x19, 0x1F, 0x19, 0x0B, 0x12, 0x12, 0x13, 0x13, 0x0D, 0x0D,
    0x07, 0x0A, 0x13, 0x0D, 0x19, 0x1F, 0x0F, 0x1C, 0x1F, 0x0E, 0x10, 0x16, 0x0E, 0x0E, 0x07, 0x08, 0x10, 0x0D, 0x07, 0x03,
    0x03, 0x07, 0x0D, 0x16, 0x19, 0x19, 0x19, 0x0F, 0x0D, 0x18, 0x15, 0x0F, 0x14, 0x14, 0x13, 0x18, 0x13, 0x13, 0x12, 0x12,
    0x12, 0x12, 0x14, 0x1B, 0x15, 0x1B, 0x23, 0x1C, 0x1F, 0x1C, 0x18, 0x23, 0x21, 0x1C, 0x1D, 0x1D, 0x1D, 0x1D, 0x1B, 0x26,
    0x28, 0x22, 0x25, 0x39, 0x2D, 0x38, 0x30, 0x26, 0x33, 0x26, 0x35, 0x51, 0xEF, 0xFC, 0xF5, 0xFB, 0xFB, 0xEF, 0xEF, 0xFD,
    0xFF, 0xFF, 0xFF, 0xFF, 0xFF, 0xFF, 0xF0, 0xFF, 0xEB, 0x35, 0x4F, 0x59, 0x41, 0x4C, 0x51, 0x4A, 0x64, 0x59, 0x53, 0x39,
    0x48, 0x49, 0x53, 0x52, 0x50, 0x49, 0x46, 0x49, 0x43, 0x3C, 0x31, 0x2A, 0x37, 0x49, 0x3D, 0x3B, 0x4A, 0x46, 0x4C, 0x4B,
    0x3D, 0x3B, 0x5A, 0x5B, 0x4F, 0x5D, 0x5B, 0x54, 0x4E, 0x3B, 0x5A, 0x5D, 0x4A, 0x68, 0x7B, 0x4E, 0x76, 0x79, 0x5B, 0x50,
    0x62, 0x70, 0x74, 0x73, 0x79, 0x62, 0x62, 0x76, 0x73, 0x62, 0x60, 0x5B, 0x6B, 0x77, 0x97, 0x88, 0x99, 0x99, 0x89, 0x87,
    0x5D, 0x6D, 0x6C, 0x5C, 0x7D, 0x85, 0x7F, 0x7D, 0x8D, 0x78, 0x8F, 0x68, 0x77, 0x6F, 0x8F, 0x89, 0xFF, 0xFF, 0xFF, 0xFF,
    0xFF, 0xFF, 0xFF, 0xFF, 0xFF, 0xFF, 0xFF, 0xFF, 0xFF, 0xFF, 0xFF, 0xFF, 0xFF, 0xFF, 0xFF, 0xFF, 0xFF, 0xFF, 0xFF, 0xFF,
    0xFF, 0xFF, 0xFF, 0xFF, 0xFF, 0xFF, 0xFF, 0xFF, 0xFF, 0xFF, 0xFF, 0xFF, 0xFF, 0xFF, 0xFF, 0xFF, 0xFF, 0xFF, 0xFF, 0xFF,
    0xFF, 0xFF, 0xFF, 0xFF, 0x1A, 0x19, 0x1F, 0x1F, 0x19, 0x20, 0x29, 0x1F, 0x1F, 0x16, 0x0D, 0x12, 0x15, 0x0A, 0x09, 0x0A,
    0x0A, 0x14, 0x18, 0x0E, 0x13, 0x19, 0x0E, 0x0D, 0x17, 0x16, 0x11, 0x0D, 0x16, 0x08, 0x04, 0x06, 0x10, 0x09, 0x08, 0x07,
    0x07, 0x07, 0x16, 0x16, 0x1F, 0x19, 0x19, 0x0F, 0x13, 0x13, 0x17, 0x10, 0x0F, 0x12, 0x14, 0x15, 0x12, 0x14, 0x12, 0x12,
    0x15, 0x14, 0x14, 0x1B, 0x15, 0x15, 0x23, 0x21, 0x1C, 0x1B, 0x20, 0x1B, 0x1C, 0x18, 0x23, 0x20, 0x22, 0x1C, 0x1E, 0x1D,
    0x22, 0x28, 0x28, 0x39, 0x3A, 0x28, 0x23, 0x22, 0x2D, 0x26, 0x3F, 0x2F, 0xEE, 0xFE, 0xF6, 0xFF, 0xF6, 0xFF, 0xF1, 0xF5,
    0xF6, 0xFF, 0xFA, 0xFF, 0xFF, 0xFF, 0xF1, 0xFC, 0xE6, 0x34, 0x40, 0x40, 0x58, 0x51, 0x3F, 0x49, 0x42, 0x43, 0x3E, 0x30,
    0x43, 0x4A, 0x58, 0x4C, 0x56, 0x49, 0x4A, 0x39, 0x39, 0x4A, 0x2B, 0x39, 0x3D, 0x49, 0x49, 0x3B, 0x52, 0x54, 0x4B, 0x49,
    0x50, 0x3B, 0x5B, 0x4E, 0x3D, 0x5B, 0x5B, 0x52, 0x5A, 0x3B, 0x4A, 0x50, 0x58, 0x5E, 0x5B, 0x61, 0x68, 0x5B, 0x5B, 0x61,
    0x60, 0x79, 0x73, 0x5A, 0x7D, 0x73, 0x55, 0x78, 0x73, 0x62, 0x62, 0x74, 0x84, 0x77, 0x84, 0x90, 0x99, 0x98, 0x99, 0x79,
    0x74, 0x77, 0x82, 0x62, 0x78, 0x70, 0x77, 0x86, 0x86, 0x7C, 0x85, 0x9D, 0x9A, 0x83, 0x8E, 0x78, 0x76, 0xFF, 0xFF, 0xFF,
    0xFF, 0xFF, 0xFF, 0xFF, 0xFF, 0xFF, 0xFF, 0xFF, 0xFF, 0xFF, 0xFF, 0xFF, 0xFF, 0xFF, 0xFF, 0xFF, 0xFF, 0xFF, 0xFF, 0xFF,
    0xFF, 0xFF, 0xFF, 0xFF, 0xFF, 0xFF, 0xFF, 0xFF, 0xFF, 0xFF, 0xFF, 0xFF, 0xFF, 0xFF, 0xFF, 0xFF, 0xFF, 0xFF, 0xFF, 0xFF,
    0xFF, 0xFF, 0xFF, 0xFF, 0x1F, 0x2E, 0x29, 0x19, 0x19, 0x19, 0x19, 0x29, 0x29, 0x17, 0x1C, 0x17, 0x13, 0x0A, 0x09, 0x16,
    0x13, 0x12, 0x1C, 0x16, 0x0F, 0x17, 0x13, 0x06, 0x12, 0x16, 0x1F, 0x1F, 0x16, 0x04, 0x04, 0x03, 0x08, 0x03, 0x03, 0x03,
    0x07, 0x0A, 0x13, 0x16, 0x19, 0x13, 0x0B, 0x13, 0x13, 0x14, 0x18, 0x10, 0x19, 0x12, 0x18, 0x18, 0x18, 0x13, 0x13, 0x12,
    0x1B, 0x19, 0x17, 0x15, 0x15, 0x15, 0x15, 0x1C, 0x23, 0x1B, 0x25, 0x24, 0x1B, 0x18, 0x20, 0x1C, 0x1B, 0x23, 0x1E, 0x1E,
    0x28, 0x33, 0x36, 0x38, 0x2B, 0x42, 0x25, 0x2D, 0x1E, 0x28, 0x33, 0x3D, 0xEF, 0xF4, 0xF8, 0xFF, 0xF5, 0xF3, 0xFE, 0xF3,
    0xF6, 0xFF, 0xFF, 0xFF, 0xFF, 0xFF, 0xF5, 0xFC, 0xEE, 0x43, 0x36, 0x53, 0x3D, 0x3D, 0x43, 0x46, 0x3C, 0x49, 0x43, 0x39,
    0x4D, 0x4C, 0x54, 0x69, 0x58, 0x56, 0x3D, 0x42, 0x3A, 0x40, 0x39, 0x4B, 0x39, 0x46, 0x54, 0x3B, 0x3C, 0x46, 0x49, 0x46,
    0x54, 0x4F, 0x4F, 0x5C, 0x5B, 0x62, 0x61, 0x4E, 0x37, 0x21, 0x3B, 0x68, 0x57, 0x5D, 0x6D, 0x6D, 0x74, 0x5D, 0x46, 0x4A,
    0x66, 0x5A, 0x62, 0x61, 0x76, 0x6C, 0x62, 0x79, 0x62, 0x60, 0x62, 0x87, 0x88, 0x87, 0x8E, 0x9B, 0xA0, 0xA0, 0x99, 0x91,
    0x62, 0x70, 0x70, 0x84, 0x71, 0x61, 0x74, 0x7D, 0x8A, 0x7E, 0x8D, 0x84, 0x7E, 0x94, 0xAB, 0x81, 0x7F, 0xFF, 0xFF, 0xFF,
    0xFF, 0xFF, 0xFF, 0xFF, 0xFF, 0xFF, 0xFF, 0xFF, 0xFF, 0xFF, 0xFF, 0xFF, 0xFF, 0xFF, 0xFF, 0xFF, 0xFF, 0xFF, 0xFF, 0xFF,
    0xFF, 0xFF, 0xFF, 0xFF, 0xFF, 0xFF, 0xFF, 0xFF, 0xFF, 0xFF, 0xFF, 0xFF, 0xFF, 0xFF, 0xFF, 0xFF, 0xFF, 0xFF, 0xFF, 0xFF,
    0xFF, 0xFF, 0xFF, 0x1F, 0x29, 0x2E, 0x1F, 0x29, 0x24, 0x24, 0x24, 0x21, 0x24, 0x1C, 0x2F, 0x1F, 0x17, 0x14, 0x0B, 0x0F,
    0x12, 0x14, 0x13, 0x19, 0x0D, 0x10, 0x0E, 0x16, 0x1F, 0x16, 0x1A, 0x2E, 0x03, 0x03, 0x09, 0x06, 0x03, 0x04, 0x01, 0x01,
    0x03, 0x06, 0x13, 0x29, 0x19, 0x13, 0x0D, 0x13, 0x15, 0x18, 0x1B, 0x11, 0x18, 0x15, 0x18, 0x11, 0x11, 0x1B, 0x15, 0x15,
    0x15, 0x1B, 0x14, 0x15, 0x15, 0x15, 0x1B, 0x1C, 0x21, 0x2C, 0x29, 0x1F, 0x21, 0x20, 0x1E, 0x1B, 0x1C, 0x1C, 0x1E, 0x26,
    0x28, 0x34, 0x33, 0x43, 0x47, 0x2D, 0x29, 0x2D, 0x33, 0x39, 0x25, 0xAF, 0xFC, 0xF1, 0xFF, 0xFA, 0xFE, 0xEF, 0xB0, 0xEE,
    0xFE, 0xF5, 0xFA, 0xFF, 0xFF, 0xFF, 0xF6, 0xF0, 0xFC, 0xA4, 0x25, 0x6E, 0x4F, 0x3B, 0x54, 0x43, 0x35, 0x3E, 0x49, 0x44,
    0x47, 0x4C, 0x55, 0x5D, 0x4A, 0x48, 0x46, 0x4A, 0x37, 0x4C, 0x39, 0x3E, 0x38, 0x4B, 0x68, 0x52, 0x3C, 0x3C, 0x55, 0x51,
    0x54, 0x49, 0x50, 0x5E, 0x5B, 0x62, 0x7C, 0x4E, 0x2C, 0x3E, 0x3B, 0x60, 0x5E, 0x6C, 0x7A, 0x74, 0x6D, 0x5B, 0x5D, 0x6C,
    0x5A, 0x1A, 0x74, 0x79, 0x97, 0x74, 0x74, 0x73, 0x62, 0x74, 0x5A, 0x92, 0x8D, 0x77, 0x99, 0x8A, 0x89, 0x98, 0x8A, 0x81,
    0x84, 0x57, 0x5F, 0x78, 0x61, 0x55, 0x84, 0x78, 0x7E, 0x80, 0x80, 0x83, 0x9D, 0x89, 0x90, 0x86, 0x8E, 0x9D, 0xFF, 0xFF,
    0xFF, 0xFF, 0xFF, 0xFF, 0xFF, 0xFF, 0xFF, 0xFF, 0xFF, 0xFF, 0xFF, 0xFF, 0xFF, 0xFF, 0xFF, 0xFF, 0xFF, 0xFF, 0xFF, 0xFF,
    0xFF, 0xFF, 0xFF, 0xFF, 0xFF, 0xFF, 0xFF, 0xFF, 0xFF, 0xFF, 0xFF, 0xFF, 0xFF, 0xFF, 0xFF, 0xFF, 0xFF, 0xFF, 0xFF, 0xFF,
    0xFF, 0xFF, 0x19, 0x1F, 0x1F, 0x29, 0x1F, 0x2A, 0x2A, 0x29, 0x37, 0x24, 0x2C, 0x21, 0x29, 0x3B, 0x1C, 0x1C, 0x11, 0x0D,
    0x12, 0x15, 0x0D, 0x0D, 0x18, 0x0F, 0x16, 0x16, 0x16, 0x19, 0x1F, 0x16, 0x03, 0x07, 0x0D, 0x06, 0x07, 0x04, 0x01, 0x01,
    0x03, 0x13, 0x17, 0x19, 0x18, 0x13, 0x0F, 0x19, 0x15, 0x1C, 0x1B, 0x21, 0x1F, 0x25, 0x24, 0x2B, 0x23, 0x1B, 0x15, 0x15,
    0x15, 0x14, 0x1D, 0x15, 0x11, 0x1B, 0x24, 0x1F, 0x1B, 0x24, 0x18, 0x15, 0x2A, 0x1C, 0x1D, 0x1B, 0x1B, 0x1B, 0x1B, 0x28,
    0x2C, 0x36, 0x41, 0x41, 0x43, 0x2D, 0x25, 0x44, 0x33, 0x2C, 0x25, 0xEB, 0xFC, 0xF0, 0xFA, 0xFE, 0xFC, 0xF0, 0xED, 0xEF,
    0xFF, 0xFF, 0xFF, 0xFF, 0xFF, 0xFF, 0xFF, 0xF5, 0xFF, 0xED, 0x3D, 0x4F, 0x31, 0x3B, 0x66, 0x40, 0x39, 0x3E, 0x40, 0x4B,
    0x40, 0x54, 0x54, 0x51, 0x3C, 0x46, 0x3E, 0x37, 0x37, 0x3C, 0x39, 0x37, 0x2C, 0x4B, 0x52, 0x49, 0x39, 0x49, 0x4A, 0x4A,
    0x5B, 0x3B, 0x50, 0x5B, 0x5B, 0x73, 0x5F, 0x5F, 0x54, 0x4F, 0x61, 0x5B, 0x61, 0x61, 0x61, 0x6E, 0x66, 0x6C, 0x7A, 0x73,
    0x5B, 0x5A, 0x70, 0x77, 0x90, 0x9F, 0x62, 0x5B, 0x62, 0x97, 0x76, 0x74, 0x84, 0x78, 0x97, 0x76, 0x7A, 0x9F, 0x91, 0x80,
    0x75, 0x66, 0x80, 0x98, 0x75, 0x70, 0x8E, 0x82, 0x7D, 0x8A, 0x86, 0x8E, 0x94, 0x85, 0x8B, 0x8D, 0x93, 0x8B, 0x85, 0xFF,
    0xFF, 0xFF, 0xFF, 0xFF, 0xFF, 0xFF, 0xFF, 0xFF, 0xFF, 0xFF, 0xFF, 0xFF, 0xFF, 0xFF, 0xFF, 0xFF, 0xFF, 0xFF, 0xFF, 0xFF,
    0xFF, 0xFF, 0xFF, 0xFF, 0xFF, 0xFF, 0xFF, 0xFF, 0xFF, 0xFF, 0xFF, 0xFF, 0xFF, 0xFF, 0xFF, 0xFF, 0xFF, 0xFF, 0xFF, 0xFF,
    0xFF, 0xFF, 0x1F, 0x19, 0x1F, 0x29, 0x29, 0x29, 0x25, 0x2E, 0x2E, 0x2E, 0x1F, 0x1F, 0x18, 0x3B, 0x21, 0x16, 0x17, 0x19,
    0x1C, 0x15, 0x17, 0x13, 0x17, 0x20, 0x1F, 0x19, 0x11, 0x1F, 0x29, 0x17, 0x04, 0x03, 0x04, 0x0A, 0x03, 0x03, 0x03, 0x03,
    0x0D, 0x0D, 0x10, 0x1F, 0x1F, 0x19, 0x1C, 0x19, 0x15, 0x23, 0x1B, 0x23, 0x21, 0x29, 0x37, 0x3E, 0x22, 0x24, 0x24, 0x18,
    0x1B, 0x13, 0x17, 0x15, 0x1C, 0x1C, 0x1C, 0x21, 0x1C, 0x24, 0x1B, 0x1B, 0x21, 0x1B, 0x1D, 0x15, 0x18, 0x1B, 0x1C, 0x35,
    0x39, 0x28, 0x25, 0x41, 0x2C, 0x42, 0x34, 0x38, 0x28, 0x28, 0x46, 0xEE, 0xFF, 0xF2, 0xF9, 0xFE, 0xFD, 0xF3, 0xFC, 0xF2,
    0xFA, 0xFF, 0xFF, 0xFF, 0xFF, 0xFF, 0xFF, 0xFF, 0xF5, 0xFE, 0xD5, 0x37, 0x31, 0x3B, 0x58, 0x40, 0x4B, 0x4B, 0x35, 0x54,
    0x49, 0x4F, 0x6E, 0x5E, 0x5C, 0x4C, 0x43, 0x37, 0x42, 0x3E, 0x40, 0x37, 0x29, 0x3C, 0x5C, 0x4F, 0x4A, 0x4A, 0x57, 0x5E,
    0x5E, 0x3B, 0x2F, 0x4E, 0x73, 0x7A, 0x66, 0x72, 0x70, 0x60, 0x61, 0x77, 0x70, 0x6C, 0x77, 0x70, 0x5D, 0x60, 0x61, 0x5B,
    0x57, 0x78, 0x74, 0x87, 0x88, 0x73, 0x62, 0x73, 0x73, 0x5B, 0x74, 0x77, 0x86, 0x86, 0x87, 0x74, 0x76, 0x91, 0x7F, 0x8E,
    0x78, 0x6C, 0x77, 0x79, 0x7D, 0x68, 0x6E, 0x82, 0x7A, 0x8E, 0x6B, 0x85, 0x9A, 0x84, 0x85, 0x83, 0x83, 0x81, 0x83, 0xFF,
    0xFF, 0xFF, 0xFF, 0xFF, 0xFF, 0xFF, 0xFF, 0xFF, 0xFF, 0xFF, 0xFF, 0xFF, 0xFF, 0xFF, 0xFF, 0xFF, 0xFF, 0xFF, 0xFF, 0xFF,
    0xFF, 0xFF, 0xFF, 0xFF, 0xFF, 0xFF, 0xFF, 0xFF, 0xFF, 0xFF, 0xFF, 0xFF, 0xFF, 0xFF, 0xFF, 0xFF, 0xFF, 0xFF, 0xFF, 0xFF,
    0xFF, 0x1F, 0x19, 0x19, 0x16, 0x21, 0x21, 0x21, 0x31, 0x31, 0x29, 0x2E, 0x21, 0x15, 0x1D, 0x2A, 0x5A, 0x19, 0x13, 0x17,
    0x23, 0x15, 0x20, 0x20, 0x2E, 0x21, 0x13, 0x19, 0x1C, 0x1C, 0x24, 0x29, 0x04, 0x03, 0x07, 0x0F, 0x03, 0x03, 0x07, 0x03,
    0x19, 0x0E, 0x10, 0x1C, 0x19, 0x1C, 0x1B, 0x24, 0x19, 0x18, 0x19, 0x11, 0x20, 0x21, 0x21, 0x1F, 0x1B, 0x20, 0x35, 0x28,
    0x22, 0x1D, 0x13, 0x15, 0x1C, 0x1B, 0x1B, 0x23, 0x24, 0x39, 0x1C, 0x11, 0x24, 0x23, 0x23, 0x14, 0x23, 0x23, 0x23, 0x25,
    0x33, 0x36, 0x47, 0x2D, 0x34, 0x4C, 0x33, 0x49, 0x2F, 0x2D, 0x7C, 0xEF, 0xFD, 0xF8, 0xFF, 0xFE, 0xFD, 0xF3, 0xF1, 0xFD,
    0xFE, 0xF9, 0xFF, 0xFF, 0xFF, 0xFF, 0xFF, 0xFF, 0xFA, 0xF3, 0xF0, 0x9F, 0x21, 0x3E, 0x4B, 0x48, 0x3E, 0x3E, 0x4C, 0x56,
    0x3D, 0x53, 0x5F, 0x6A, 0x57, 0x48, 0x46, 0x4A, 0x35, 0x39, 0x3D, 0x21, 0x2E, 0x51, 0x5C, 0x3D, 0x54, 0x57, 0x5F, 0x55,
    0x68, 0x5B, 0x50, 0x5C, 0x79, 0x8A, 0x65, 0x70, 0x61, 0x6E, 0x5E, 0x57, 0x66, 0x75, 0x73, 0x73, 0x61, 0x6C, 0x5A, 0x61,
    0x4C, 0x76, 0x5B, 0x79, 0x88, 0x50, 0x97, 0x73, 0x73, 0x62, 0x78, 0x88, 0x7A, 0x77, 0x8E, 0x70, 0x78, 0x86, 0x87, 0x99,
    0x68, 0x52, 0x5C, 0x75, 0x5E, 0x7B, 0x70, 0x7C, 0x6C, 0x87, 0x7A, 0x60, 0x7A, 0x9D, 0x7E, 0x6F, 0x85, 0x82, 0x84, 0x94,
    0xFF, 0xFF, 0xFF, 0xFF, 0xFF, 0xFF, 0xFF, 0xFF, 0xFF, 0xFF, 0xFF, 0xFF, 0xFF, 0xFF, 0xFF, 0xFF, 0xFF, 0xFF, 0xFF, 0xFF,
    0xFF, 0xFF, 0xFF, 0xFF, 0xFF, 0xFF, 0xFF, 0xFF, 0xFF, 0xFF, 0xFF, 0xFF, 0xFF, 0xFF, 0xFF, 0xFF, 0xFF, 0xFF, 0xFF, 0xFF,
    0x20, 0x21, 0x1F, 0x1F, 0x1F, 0x2A, 0x19, 0x22, 0x2B, 0x2E, 0x30, 0x29, 0x29, 0x20, 0x2F, 0x3B, 0x20, 0x1D, 0x21, 0x21,
    0x22, 0x1C, 0x17, 0x17, 0x21, 0x1F, 0x17, 0x20, 0x1C, 0x1F, 0x1F, 0x3B, 0x1A, 0x01, 0x07, 0x1B, 0x17, 0x0A, 0x0A, 0x0D,
    0x1F, 0x17, 0x15, 0x1C, 0x19, 0x18, 0x1B, 0x21, 0x14, 0x13, 0x13, 0x18, 0x18, 0x20, 0x25, 0x23, 0x1B, 0x25, 0x2C, 0x26,
    0x1E, 0x15, 0x23, 0x23, 0x14, 0x1C, 0x23, 0x23, 0x23, 0x2A, 0x2A, 0x1B, 0x29, 0x2C, 0x23, 0x15, 0x1B, 0x24, 0x24, 0x34,
    0x2B, 0x40, 0x38, 0x44, 0x42, 0x4C, 0x38, 0x38, 0x3A, 0x2D, 0x9A, 0xF3, 0xF3, 0xFD, 0xFF, 0xFF, 0xFF, 0xF3, 0xF6, 0xED,
    0xEE, 0xFA, 0xF4, 0xFF, 0xFF, 0xFF, 0xFF, 0xFF, 0xFE, 0xF1, 0xF3, 0xEF, 0x76, 0x23, 0x4C, 0x40, 0x38, 0x38, 0x43, 0x40,
    0x40, 0x46, 0x4D, 0x66, 0x6C, 0x54, 0x4C, 0x4A, 0x30, 0x30, 0x51, 0x2C, 0x47, 0x5D, 0x5D, 0x5B, 0x75, 0x5E, 0x55, 0x6C,
    0x75, 0x60, 0x50, 0x54, 0x78, 0x7E, 0x54, 0x5D, 0x68, 0x54, 0x61, 0x5A, 0x54, 0x5B, 0x76, 0x5B, 0x57, 0x5B, 0x52, 0x77,
    0x54, 0x68, 0x74, 0x7A, 0x78, 0x79, 0x62, 0x79, 0x5A, 0x62, 0x73, 0x78, 0x75, 0x89, 0x74, 0x7D, 0x5B, 0x77, 0x87, 0x93,
    0x6E, 0x82, 0x76, 0x6D, 0x70, 0x7D, 0x86, 0x86, 0x86, 0x79, 0x7D, 0x84, 0x72, 0x7E, 0x76, 0x8C, 0x7E, 0x7D, 0x82, 0x7A,
    0x9D, 0xFF, 0xFF, 0xFF, 0xFF, 0xFF, 0xFF, 0xFF, 0xFF, 0xFF, 0xFF, 0xFF, 0xFF, 0xFF, 0xFF, 0xFF, 0xFF, 0xFF, 0xFF, 0xFF,
    0xFF, 0xFF, 0xFF, 0xFF, 0xFF, 0xFF, 0xFF, 0xFF, 0xFF, 0xFF, 0xFF, 0xFF, 0xFF, 0xFF, 0xFF, 0xFF, 0xFF, 0xFF, 0xFF, 0xFF,
    0x29, 0x21, 0x20, 0x19, 0x1F, 0x21, 0x21, 0x2E, 0x3B, 0x2E, 0x2C, 0x29, 0x2A, 0x2A, 0x29, 0x29, 0x20, 0x18, 0x18, 0x20,
    0x18, 0x2C, 0x1F, 0x0A, 0x23, 0x17, 0x17, 0x23, 0x1C, 0x16, 0x3B, 0x1F, 0x3B, 0x07, 0x03, 0x19, 0x19, 0x15, 0x12, 0x0A,
    0x17, 0x13, 0x1F, 0x1F, 0x11, 0x18, 0x1B, 0x12, 0x12, 0x17, 0x15, 0x1C, 0x1F, 0x1C, 0x1D, 0x15, 0x21, 0x2B, 0x23, 0x23,
    0x1C, 0x15, 0x23, 0x23, 0x15, 0x24, 0x21, 0x21, 0x24, 0x24, 0x39, 0x24, 0x1F, 0x2C, 0x34, 0x27, 0x23, 0x25, 0x25, 0x33,
    0x40, 0x49, 0x36, 0x4C, 0x51, 0x53, 0x2D, 0x3A, 0x43, 0x33, 0x8A, 0xFC, 0xF2, 0xFD, 0xFF, 0xFF, 0xFA, 0xF2, 0xF3, 0xC8,
    0xED, 0xF7, 0xF1, 0xFE, 0xFF, 0xFF, 0xFF, 0xFF, 0xFE, 0xF6, 0xF0, 0xFC, 0xEF, 0x62, 0x2C, 0x54, 0x4A, 0x42, 0x44, 0x4B,
    0x38, 0x3A, 0x48, 0x66, 0x51, 0x4C, 0x54, 0x4C, 0x39, 0x38, 0x35, 0x3E, 0x40, 0x6F, 0x61, 0x5E, 0x52, 0x5E, 0x70, 0x5B,
    0x62, 0x3B, 0x3B, 0x56, 0x57, 0x57, 0x57, 0x61, 0x5A, 0x5E, 0x5B, 0x61, 0x5D, 0x8D, 0x77, 0x5D, 0x5E, 0x5D, 0x56, 0x61,
    0x6C, 0x6C, 0x6F, 0x6D, 0x79, 0x9F, 0x87, 0x75, 0x5A, 0x62, 0x62, 0x85, 0x77, 0x84, 0x74, 0x7A, 0xA0, 0x76, 0x7E, 0x6A,
    0x5D, 0x62, 0x60, 0x68, 0x7C, 0x79, 0xA7, 0x6A, 0x65, 0x68, 0x70, 0x80, 0x8F, 0x7D, 0x7D, 0x93, 0x70, 0x8A, 0x80, 0x8A,
    0x72, 0xFF, 0xFF, 0xFF, 0xFF, 0xFF, 0xFF, 0xFF, 0xFF, 0xFF, 0xFF, 0xFF, 0xFF, 0xFF, 0xFF, 0xFF, 0xFF, 0xFF, 0xFF, 0xFF,
    0xFF, 0xFF, 0xFF, 0xFF, 0xFF, 0xFF, 0xFF, 0xFF, 0xFF, 0xFF, 0xFF, 0xFF, 0xFF, 0xFF, 0xFF, 0xFF, 0xFF, 0xFF, 0xFF, 0x20,
    0x20, 0x1C, 0x19, 0x29, 0x21, 0x19, 0x1B, 0x35, 0x31, 0x1C, 0x2C, 0x3B, 0x2E, 0x2E, 0x21, 0x1B, 0x20, 0x29, 0x19, 0x29,
    0x29, 0x22, 0x22, 0x14, 0x1F, 0x14, 0x1F, 0x25, 0x1B, 0x29, 0x4E, 0x1F, 0x1A, 0x2E, 0x03, 0x10, 0x0D, 0x0A, 0x12, 0x0A,
    0x20, 0x20, 0x18, 0x1F, 0x0D, 0x1C, 0x20, 0x15, 0x13, 0x13, 0x12, 0x2C, 0x29, 0x1C, 0x21, 0x24, 0x29, 0x20, 0x24, 0x24,
    0x25, 0x20, 0x1D, 0x23, 0x20, 0x25, 0x25, 0x21, 0x21, 0x2B, 0x25, 0x3B, 0x25, 0x25, 0x35, 0x22, 0x25, 0x24, 0x22, 0x38,
    0x40, 0x41, 0x42, 0x3A, 0x2B, 0x2F, 0x26, 0x36, 0x3A, 0x2D, 0x7D, 0xF0, 0xFD, 0xF7, 0xFF, 0xFF, 0xFF, 0xF3, 0xF1, 0xFD,
    0xFC, 0xF2, 0xF5, 0xFF, 0xFF, 0xFF, 0xFF, 0xFF, 0xFF, 0xF8, 0xFB, 0xF1, 0xFD, 0xEF, 0xB0, 0x25, 0x34, 0x43, 0x45, 0x48,
    0x3C, 0x4B, 0x47, 0x4D, 0x53, 0x58, 0x55, 0x3B, 0x46, 0x46, 0x24, 0x30, 0x49, 0x5D, 0x50, 0x50, 0x5D, 0x57, 0x52, 0x5D,
    0x5B, 0x60, 0x3B, 0x46, 0x55, 0x85, 0x80, 0x5E, 0x5D, 0x6E, 0x55, 0x71, 0x7C, 0x61, 0x65, 0x5D, 0x60, 0x37, 0x51, 0x53,
    0x46, 0x82, 0x57, 0x6C, 0x76, 0x73, 0x61, 0x5B, 0x5B, 0x73, 0x62, 0x75, 0x5D, 0x78, 0x90, 0x79, 0x97, 0x8B, 0x86, 0x88,
    0x6C, 0x55, 0x52, 0x72, 0x62, 0x78, 0x87, 0x5E, 0x6B, 0x72, 0x81, 0x7B, 0x80, 0x81, 0x61, 0x7F, 0x82, 0x94, 0x95, 0xAA,
    0x87, 0xA8, 0xFF, 0xFF, 0xFF, 0xFF, 0xFF, 0xFF, 0xFF, 0xFF, 0xFF, 0xFF, 0xFF, 0xFF, 0xFF, 0xFF, 0xFF, 0xFF, 0xFF, 0xFF,
    0xFF, 0xFF, 0xFF, 0xFF, 0xFF, 0xFF, 0xFF, 0xFF, 0xFF, 0xFF, 0xFF, 0xFF, 0xFF, 0xFF, 0xFF, 0xFF, 0xFF, 0xFF, 0x23, 0x20,
    0x20, 0x20, 0x21, 0x2A, 0x2E, 0x29, 0x29, 0x31, 0x31, 0x1B, 0x2B, 0x1F, 0x2E, 0x31, 0x21, 0x24, 0x31, 0x2E, 0x2A, 0x21,
    0x1C, 0x20, 0x1E, 0x1D, 0x18, 0x17, 0x29, 0x21, 0x25, 0x22, 0x3B, 0x22, 0x19, 0x29, 0x2A, 0x0F, 0x0F, 0x13, 0x12, 0x13,
    0x2E, 0x1F, 0x13, 0x28, 0x15, 0x20, 0x17, 0x13, 0x17, 0x13, 0x18, 0x1F, 0x1C, 0x1B, 0x2A, 0x2E, 0x24, 0x2B, 0x2A, 0x23,
    0x26, 0x1D, 0x15, 0x22, 0x25, 0x25, 0x25, 0x23, 0x2C, 0x35, 0x25, 0x3B, 0x39, 0x23, 0x35, 0x23, 0x2B, 0x2B, 0x24, 0x4F,
    0x39, 0x34, 0x53, 0x40, 0x2D, 0x35, 0x39, 0x25, 0x48, 0x3A, 0x61, 0xEF, 0xFC, 0xF3, 0xFF, 0xFF, 0xFF, 0xFF, 0xFF, 0xF8,
    0xFA, 0xFF, 0xFF, 0xFF, 0xFF, 0xFF, 0xFF, 0xFF, 0xFF, 0xFF, 0xFE, 0xFF, 0xF3, 0xFC, 0xFC, 0xEB, 0x3F, 0x28, 0x4B, 0x64,
    0x47, 0x4B, 0x56, 0x54, 0x58, 0x59, 0x37, 0x3C, 0x39, 0x42, 0x3C, 0x54, 0x58, 0x4A, 0x3D, 0x60, 0x7B, 0x69, 0x65, 0x65,
    0x6D, 0x73, 0x50, 0x55, 0x70, 0x77, 0x65, 0x59, 0x66, 0x6D, 0x7E, 0x6E, 0x75, 0x68, 0x6E, 0x3B, 0x75, 0x52, 0x55, 0x58,
    0x52, 0x70, 0x52, 0x49, 0x57, 0x74, 0x62, 0x5A, 0x3B, 0x5B, 0x76, 0x7B, 0x7A, 0x7D, 0x8A, 0x84, 0x88, 0x98, 0xA3, 0x7A,
    0x7D, 0x5A, 0x62, 0x76, 0x60, 0x5E, 0x70, 0x86, 0x77, 0x5D, 0x5F, 0x68, 0x70, 0x6F, 0x7B, 0x75, 0x8A, 0x9D, 0x9D, 0xA6,
    0x94, 0x90, 0x99, 0xFF, 0xFF, 0xFF, 0xFF, 0xFF, 0xFF, 0xFF, 0xFF, 0xFF, 0xFF, 0xFF, 0xFF, 0xFF, 0xFF, 0xFF, 0xFF, 0xFF,
    0xFF, 0xFF, 0xFF, 0xFF, 0xFF, 0xFF, 0xFF, 0xFF, 0xFF, 0xFF, 0xFF, 0xFF, 0xFF, 0xFF, 0xFF, 0xFF, 0xFF, 0xFF, 0x2B, 0x20,
    0x20, 0x22, 0x2E, 0x20, 0x29, 0x2E, 0x2F, 0x2B, 0x30, 0x29, 0x2E, 0x29, 0x4E, 0x31, 0x2F, 0x31, 0x5C, 0x23, 0x2B, 0x2B,
    0x2B, 0x20, 0x2B, 0x24, 0x20, 0x17, 0x37, 0x24, 0x24, 0x25, 0x2C, 0x24, 0x35, 0x1B, 0x2A, 0x2A, 0x0E, 0x13, 0x0A, 0x29,
    0x3B, 0x1F, 0x19, 0x20, 0x20, 0x20, 0x1D, 0x13, 0x13, 0x13, 0x19, 0x21, 0x20, 0x1D, 0x22, 0x2F, 0x33, 0x28, 0x22, 0x23,
    0x1D, 0x1D, 0x1D, 0x18, 0x24, 0x25, 0x39, 0x22, 0x2B, 0x2C, 0x36, 0x37, 0x3C, 0x40, 0x2C, 0x25, 0x23, 0x30, 0x3C, 0x50,
    0x39, 0x35, 0x3E, 0x36, 0x33, 0x33, 0x53, 0x35, 0x3A, 0x2B, 0x34, 0xED, 0xFD, 0xF1, 0xFF, 0xFF, 0xFF, 0xFF, 0xFF, 0xFF,
    0xFF, 0xFF, 0xFF, 0xFF, 0xFF, 0xFF, 0xFF, 0xFF, 0xFF, 0xFF, 0xFF, 0xFF, 0xFC, 0xF6, 0xF2, 0xFE, 0xEE, 0x7B, 0x34, 0x5F,
    0x47, 0x48, 0x5F, 0x54, 0x57, 0x5F, 0x30, 0x30, 0x38, 0x43, 0x35, 0x3C, 0x4F, 0x49, 0x4A, 0x61, 0x52, 0x55, 0x54, 0x57,
    0x7B, 0x60, 0x5D, 0x56, 0x68, 0x68, 0x75, 0x58, 0x67, 0x6D, 0x74, 0x74, 0x7C, 0x72, 0x5D, 0x39, 0x6F, 0x7B, 0x7B, 0x75,
    0x46, 0x3C, 0x4A, 0x57, 0x62, 0x73, 0x79, 0x62, 0x50, 0x61, 0x61, 0x6F, 0x84, 0x7A, 0x75, 0x61, 0x87, 0x91, 0x6A, 0x61,
    0x5A, 0x1A, 0x63, 0x62, 0x7D, 0x62, 0x7D, 0x7B, 0x72, 0x7C, 0x84, 0x85, 0x7D, 0x97, 0x89, 0x7F, 0x91, 0x8E, 0x8A, 0x7F,
    0x90, 0xA8, 0xA3, 0xFF, 0xFF, 0xFF, 0xFF, 0xFF, 0xFF, 0xFF, 0xFF, 0xFF, 0xFF, 0xFF, 0xFF, 0xFF, 0xFF, 0xFF, 0xFF, 0xFF,
    0xFF, 0xFF, 0xFF, 0xFF, 0xFF, 0xFF, 0xFF, 0xFF, 0xFF, 0xFF, 0xFF, 0xFF, 0xFF, 0xFF, 0xFF, 0xFF, 0xFF, 0x20, 0x20, 0x20,
    0x2A, 0x2B, 0x24, 0x29, 0x2E, 0x2E, 0x24, 0x22, 0x2E, 0x39, 0x2F, 0x31, 0x4E, 0x3B, 0x3B, 0x2E, 0x2F, 0x22, 0x3E, 0x2E,
    0x20, 0x1D, 0x21, 0x1C, 0x20, 0x20, 0x23, 0x23, 0x2B, 0x2F, 0x3C, 0x5A, 0x1F, 0x1C, 0x1C, 0x2E, 0x17, 0x17, 0x1F, 0x3B,
    0x1F, 0x11, 0x19, 0x13, 0x23, 0x18, 0x1D, 0x20, 0x14, 0x21, 0x1F, 0x16, 0x19, 0x1B, 0x23, 0x2D, 0x26, 0x22, 0x21, 0x29,
    0x15, 0x1D, 0x1D, 0x15, 0x23, 0x25, 0x24, 0x2C, 0x2C, 0x31, 0x2F, 0x2B, 0x30, 0x46, 0x3C, 0x24, 0x25, 0x3C, 0x3B, 0x39,
    0x39, 0x49, 0x35, 0x44, 0x44, 0x33, 0x36, 0x4B, 0x3F, 0x2C, 0x35, 0xC7, 0xFD, 0xF1, 0xFF, 0xFF, 0xFF, 0xFF, 0xFF, 0xFF,
    0xFF, 0xFF, 0xFF, 0xFF, 0xFF, 0xFF, 0xFF, 0xFF, 0xFF, 0xFF, 0xFF, 0xFF, 0xFE, 0xFF, 0xFE, 0xF0, 0xFE, 0xEF, 0xAE, 0x41,
    0x3A, 0x38, 0x4C, 0x54, 0x4B, 0x55, 0x3C, 0x23, 0x2B, 0x2C, 0x21, 0x30, 0x3B, 0x3B, 0x5D, 0x55, 0x52, 0x68, 0x66, 0x58,
    0x6E, 0x78, 0x4A, 0x4A, 0x7C, 0x6E, 0x5F, 0x50, 0x75, 0x84, 0x6D, 0x78, 0x5E, 0x66, 0x52, 0x52, 0x62, 0x61, 0x75, 0x56,
    0x42, 0x61, 0x89, 0x77, 0x77, 0x88, 0x79, 0x5B, 0x62, 0x78, 0x6A, 0x67, 0x7E, 0x74, 0x5E, 0x51, 0x62, 0x88, 0x7C, 0x52,
    0x5A, 0x5A, 0x62, 0x77, 0x75, 0x7C, 0x87, 0x7F, 0x87, 0x7F, 0x77, 0x92, 0x7A, 0x98, 0x7A, 0x93, 0x96, 0x92, 0x86, 0x8A,
    0x91, 0xAD, 0xA3, 0x74, 0xFF, 0xFF, 0xFF, 0xFF, 0xFF, 0xFF, 0xFF, 0xFF, 0xFF, 0xFF, 0xFF, 0xFF, 0xFF, 0xFF, 0xFF, 0xFF,
    0xFF, 0xFF, 0xFF, 0xFF, 0xFF, 0xFF, 0xFF, 0xFF, 0xFF, 0xFF, 0xFF, 0xFF, 0xFF, 0xFF, 0xFF, 0xFF, 0xFF, 0x22, 0x20, 0x29,
    0x31, 0x2E, 0x29, 0x29, 0x2E, 0x15, 0x28, 0x2D, 0x31, 0x35, 0x49, 0x5F, 0x3D, 0x34, 0x2B, 0x24, 0x20, 0x1D, 0x2B, 0x21,
    0x21, 0x2A, 0x22, 0x2C, 0x30, 0x21, 0x23, 0x20, 0x30, 0x2F, 0x3D, 0x4E, 0x19, 0x13, 0x15, 0x24, 0x22, 0x20, 0x5A, 0x31,
    0x0B, 0x15, 0x18, 0x1D, 0x2B, 0x20, 0x15, 0x20, 0x20, 0x1C, 0x23, 0x19, 0x19, 0x10, 0x1B, 0x1C, 0x1D, 0x23, 0x23, 0x1C,
    0x12, 0x12, 0x1D, 0x1E, 0x25, 0x25, 0x23, 0x24, 0x2F, 0x3B, 0x24, 0x23, 0x25, 0x24, 0x3C, 0x25, 0x2C, 0x49, 0x37, 0x35,
    0x35, 0x30, 0x42, 0x43, 0x34, 0x36, 0x49, 0x46, 0x42, 0x35, 0x22, 0x5D, 0xF0, 0xF3, 0xFA, 0xFF, 0xFF, 0xFF, 0xFF, 0xFF,
    0xFF, 0xFF, 0xFF, 0xFF, 0xFF, 0xFF, 0xFF, 0xFF, 0xFF, 0xFF, 0xFF, 0xFF, 0xFF, 0xFF, 0xFF, 0xFE, 0xF2, 0xFC, 0xFC, 0xC8,
    0x41, 0x3C, 0x3C, 0x4D, 0x4B, 0x42, 0x34, 0x34, 0x3E, 0x2C, 0x37, 0x2C, 0x2C, 0x31, 0x61, 0x61, 0x50, 0x55, 0x5D, 0x54,
    0x4D, 0x85, 0x54, 0x58, 0x6D, 0x71, 0x54, 0x57, 0x7D, 0x5E, 0x37, 0x58, 0x6A, 0x6C, 0x62, 0x3B, 0x50, 0x5E, 0x6D, 0x6C,
    0x2F, 0x61, 0x89, 0x74, 0x87, 0x87, 0x86, 0x58, 0x5C, 0x76, 0x5D, 0x70, 0x68, 0x61, 0x5B, 0x3B, 0x73, 0x97, 0x62, 0x5D,
    0x97, 0x8D, 0x72, 0x78, 0x79, 0x80, 0x68, 0x60, 0x75, 0x6C, 0x85, 0x89, 0x7C, 0x89, 0x8F, 0x95, 0x94, 0x94, 0x9C, 0xA6,
    0x85, 0x84, 0x98, 0x9A, 0xFF, 0xFF, 0xFF, 0xFF, 0xFF, 0xFF, 0xFF, 0xFF, 0xFF, 0xFF, 0xFF, 0xFF, 0xFF, 0xFF, 0xFF, 0xFF,
    0xFF, 0xFF, 0xFF, 0xFF, 0xFF, 0xFF, 0xFF, 0xFF, 0xFF, 0xFF, 0xFF, 0xFF, 0xFF, 0xFF, 0xFF, 0xFF, 0x26, 0x31, 0x21, 0x2F,
    0x31, 0x2E, 0x31, 0x21, 0x3E, 0x2C, 0x3E, 0x38, 0x49, 0x31, 0x3E, 0x53, 0x3C, 0x29, 0x20, 0x1D, 0x1E, 0x24, 0x2C, 0x2A,
    0x2B, 0x20, 0x23, 0x21, 0x1C, 0x14, 0x21, 0x20, 0x2B, 0x46, 0x2C, 0x2E, 0x2E, 0x14, 0x15, 0x20, 0x1E, 0x1E, 0x5A, 0x4E,
    0x18, 0x22, 0x1B, 0x26, 0x38, 0x2B, 0x17, 0x18, 0x20, 0x20, 0x22, 0x19, 0x1F, 0x19, 0x17, 0x15, 0x15, 0x15, 0x15, 0x1B,
    0x15, 0x15, 0x1D, 0x1B, 0x23, 0x23, 0x23, 0x25, 0x2B, 0x37, 0x2C, 0x2F, 0x35, 0x2C, 0x2C, 0x35, 0x2F, 0x49, 0x39, 0x2C,
    0x38, 0x42, 0x42, 0x3A, 0x3A, 0x43, 0x39, 0x39, 0x46, 0x2C, 0x47, 0x2D, 0xED, 0xFE, 0xF5, 0xFF, 0xFF, 0xFF, 0xFF, 0xFF,
    0xFF, 0xFF, 0xFF, 0xFF, 0xFF, 0xFF, 0xFF, 0xFF, 0xFF, 0xFF, 0xFF, 0xFF, 0xFF, 0xFF, 0xFF, 0xFD, 0xFE, 0xF5, 0xF0, 0xFC,
    0xEB, 0x54, 0x39, 0x47, 0x46, 0x42, 0x36, 0x53, 0x50, 0x61, 0x3D, 0x4A, 0x5E, 0x58, 0x60, 0x60, 0x61, 0x61, 0x6D, 0x57,
    0x5F, 0x78, 0x68, 0x67, 0x7E, 0x6A, 0x80, 0x75, 0x7B, 0x74, 0x6D, 0x71, 0x70, 0x6C, 0x77, 0x84, 0x75, 0x7C, 0x6C, 0x88,
    0x6C, 0x74, 0x78, 0x84, 0x97, 0x74, 0x79, 0x61, 0x5C, 0x74, 0x60, 0x6A, 0x79, 0x5B, 0x5C, 0x5D, 0x87, 0x90, 0x79, 0x7A,
    0x97, 0x90, 0x8C, 0x9C, 0x8E, 0x80, 0x7F, 0x7C, 0x68, 0x75, 0x91, 0x7E, 0x71, 0x8A, 0x7E, 0x83, 0x8F, 0x94, 0x95, 0x9E,
    0x5B, 0x60, 0xA4, 0xA3, 0xA0, 0xFF, 0xFF, 0xFF, 0xFF, 0xFF, 0xFF, 0xFF, 0xFF, 0xFF, 0xFF, 0xFF, 0xFF, 0xFF, 0xFF, 0xFF,
    0xFF, 0xFF, 0xFF, 0xFF, 0xFF, 0xFF, 0xFF, 0xFF, 0xFF, 0xFF, 0xFF, 0xFF, 0xFF, 0xFF, 0xFF, 0xFF, 0x22, 0x2B, 0x22, 0x2F,
    0x31, 0x3E, 0x31, 0x30, 0x3C, 0x2E, 0x4E, 0x2F, 0x30, 0x4F, 0x4A, 0x3C, 0x4A, 0x31, 0x1F, 0x16, 0x19, 0x2B, 0x37, 0x2B,
    0x28, 0x34, 0x1D, 0x13, 0x1D, 0x22, 0x20, 0x1E, 0x23, 0x34, 0x22, 0x2F, 0x29, 0x18, 0x1B, 0x15, 0x15, 0x15, 0x25, 0x60,
    0x19, 0x23, 0x3C, 0x2B, 0x40, 0x31, 0x1F, 0x13, 0x1C, 0x2A, 0x20, 0x18, 0x17, 0x18, 0x1D, 0x18, 0x15, 0x15, 0x0D, 0x13,
    0x1D, 0x15, 0x15, 0x1D, 0x1B, 0x22, 0x1C, 0x2C, 0x24, 0x24, 0x24, 0x25, 0x2C, 0x2B, 0x25, 0x42, 0x2C, 0x52, 0x3D, 0x2C,
    0x30, 0x36, 0x36, 0x25, 0x34, 0x25, 0x2F, 0x2C, 0x37, 0x2C, 0x44, 0x2C, 0xD5, 0xFD, 0xF5, 0xFF, 0xFF, 0xFF, 0xFF, 0xFF,
    0xFF, 0xFF, 0xFF, 0xFF, 0xFF, 0xFF, 0xFF, 0xFF, 0xFF, 0xFF, 0xFF, 0xFF, 0xFF, 0xFF, 0xFF, 0xFE, 0xFF, 0xFF, 0xF4, 0xF1,
    0xFC, 0xEB, 0x46, 0x40, 0x50, 0x48, 0x4B, 0x58, 0x5D, 0x61, 0x5D, 0x5B, 0x5B, 0x7E, 0x61, 0x62, 0x78, 0x76, 0x5E, 0x65,
    0x82, 0x76, 0x62, 0x6C, 0x5D, 0x57, 0x55, 0x61, 0x6D, 0x78, 0x77, 0x84, 0x62, 0x5B, 0x86, 0x77, 0x84, 0x84, 0x7A, 0x7A,
    0x8E, 0x77, 0x75, 0x7A, 0x9F, 0x73, 0x79, 0x62, 0x3B, 0x61, 0x72, 0x88, 0x3B, 0x62, 0x7C, 0x68, 0x97, 0xA0, 0x98, 0x99,
    0x99, 0x87, 0x90, 0x84, 0x8A, 0x74, 0x78, 0x84, 0x89, 0x6D, 0x94, 0x91, 0x80, 0x95, 0x80, 0x89, 0x89, 0x83, 0x8F, 0xA5,
    0x62, 0x73, 0xBA, 0xA7, 0xBB, 0xFF, 0xFF, 0xFF, 0xFF, 0xFF, 0xFF, 0xFF, 0xFF, 0xFF, 0xFF, 0xFF, 0xFF, 0xFF, 0xFF, 0xFF,
    0xFF, 0xFF, 0xFF, 0xFF, 0xFF, 0xFF, 0xFF, 0xFF, 0xFF, 0xFF, 0xFF, 0xFF, 0xFF, 0xFF, 0xFF, 0x28, 0x20, 0x20, 0x22, 0x3E,
    0x3C, 0x49, 0x52, 0x4F, 0x3B, 0x24, 0x2B, 0x2F, 0x20, 0x3D, 0x74, 0x3D, 0x4E, 0x50, 0x29, 0x20, 0x18, 0x23, 0x2A, 0x20,
    0x28, 0x25, 0x1C, 0x1D, 0x22, 0x2A, 0x25, 0x1D, 0x28, 0x25, 0x22, 0x37, 0x2C, 0x1B, 0x15, 0x20, 0x15, 0x22, 0x25, 0x3C,
    0x22, 0x24, 0x39, 0x25, 0x49, 0x37, 0x21, 0x15, 0x20, 0x20, 0x1B, 0x1C, 0x20, 0x19, 0x1B, 0x12, 0x13, 0x14, 0x13, 0x17,
    0x12, 0x15, 0x1D, 0x1E, 0x2A, 0x38, 0x25, 0x2C, 0x2B, 0x24, 0x25, 0x33, 0x34, 0x2B, 0x2C, 0x39, 0x2C, 0x56, 0x37, 0x35,
    0x2C, 0x2C, 0x37, 0x39, 0x39, 0x37, 0x2C, 0x3B, 0x3B, 0x37, 0x39, 0x36, 0x6E, 0xF0, 0xFA, 0xFF, 0xFE, 0xFF, 0xFF, 0xFF,
    0xFF, 0xFF, 0xFF, 0xFF, 0xFF, 0xFF, 0xFF, 0xFF, 0xFF, 0xFF, 0xFF, 0xFF, 0xFF, 0xFF, 0xFF, 0xFF, 0xFF, 0xFF, 0xFF, 0xF7,
    0xF0, 0xFF, 0xEB, 0x37, 0x38, 0x47, 0x54, 0x4C, 0x66, 0x57, 0x4A, 0x5B, 0x60, 0x8A, 0x74, 0x62, 0x75, 0x6C, 0x68, 0x6B,
    0x5E, 0x50, 0x60, 0x5F, 0x3D, 0x3D, 0x4F, 0x55, 0x6C, 0x4A, 0x6D, 0x74, 0x5A, 0x73, 0x93, 0x6A, 0x7D, 0x98, 0x98, 0x79,
    0x88, 0x86, 0x78, 0x97, 0x87, 0x79, 0x73, 0x73, 0x74, 0x77, 0x73, 0x73, 0x5A, 0x7D, 0x6E, 0x6C, 0x9F, 0x98, 0x7A, 0x90,
    0x94, 0xA0, 0xA0, 0x75, 0x6B, 0x61, 0x7D, 0x7E, 0x75, 0x7E, 0x9D, 0x88, 0x8D, 0x9B, 0x8A, 0xA0, 0x90, 0x8D, 0x94, 0x9B,
    0x62, 0x77, 0xA3, 0xAF, 0xAD, 0xA0, 0xFF, 0xFF, 0xFF, 0xFF, 0xFF, 0xFF, 0xFF, 0xFF, 0xFF, 0xFF, 0xFF, 0xFF, 0xFF, 0xFF,
    0xFF, 0xFF, 0xFF, 0xFF, 0xFF, 0xFF, 0xFF, 0xFF, 0xFF, 0xFF, 0xFF, 0xFF, 0xFF, 0xFF, 0xFF, 0x20, 0x1E, 0x20, 0x24, 0x2C,
    0x30, 0x49, 0x55, 0x3C, 0x3B, 0x2E, 0x3C, 0x24, 0x20, 0x40, 0x61, 0x4F, 0x4E, 0x46, 0x2A, 0x2D, 0x22, 0x35, 0x24, 0x20,
    0x22, 0x28, 0x20, 0x1B, 0x15, 0x25, 0x23, 0x25, 0x35, 0x2D, 0x29, 0x31, 0x2E, 0x1B, 0x18, 0x1D, 0x1D, 0x40, 0x2D, 0x39,
    0x46, 0x3E, 0x3A, 0x27, 0x25, 0x35, 0x18, 0x1E, 0x25, 0x1C, 0x19, 0x20, 0x20, 0x20, 0x14, 0x15, 0x17, 0x20, 0x1D, 0x1E,
    0x1D, 0x15, 0x17, 0x17, 0x23, 0x1D, 0x25, 0x3D, 0x2B, 0x25, 0x2C, 0x25, 0x2B, 0x37, 0x39, 0x43, 0x46, 0x4A, 0x4A, 0x46,
    0x39, 0x39, 0x3D, 0x37, 0x39, 0x46, 0x39, 0x39, 0x3D, 0x3D, 0x2C, 0x3C, 0x4E, 0xED, 0xFE, 0xF1, 0xFD, 0xFF, 0xFF, 0xFF,
    0xFF, 0xFF, 0xFF, 0xFF, 0xFF, 0xFF, 0xFF, 0xFF, 0xFF, 0xFF, 0xFF, 0xFF, 0xFF, 0xFF, 0xFF, 0xFF, 0xFF, 0xFF, 0xFF, 0xFF,
    0xF7, 0xF0, 0xFC, 0xEB, 0x2D, 0x2D, 0x4B, 0x64, 0x48, 0x58, 0x4A, 0x55, 0x61, 0x7A, 0x61, 0x75, 0x76, 0x61, 0x7E, 0x70,
    0x57, 0x5F, 0x31, 0x46, 0x66, 0x3B, 0x6E, 0x75, 0x5E, 0x57, 0x55, 0x5B, 0x3B, 0x66, 0x75, 0x76, 0x78, 0x98, 0x88, 0x77,
    0x7A, 0x90, 0x90, 0x79, 0x79, 0x97, 0x97, 0x97, 0x73, 0x73, 0x62, 0x73, 0x73, 0x74, 0x74, 0x77, 0xB9, 0x96, 0x8F, 0xAC,
    0x79, 0x99, 0x79, 0x7F, 0x57, 0x6B, 0x7A, 0x89, 0x82, 0x9B, 0xA9, 0x92, 0xA0, 0x98, 0x9A, 0xA3, 0x9A, 0x9B, 0x9E, 0x77,
    0x8B, 0x8A, 0x8E, 0x93, 0xA8, 0xAC, 0xFF, 0xFF, 0xFF, 0xFF, 0xFF, 0xFF, 0xFF, 0xFF, 0xFF, 0xFF, 0xFF, 0xFF, 0xFF, 0xFF,
    0xFF, 0xFF, 0xFF, 0xFF, 0xFF, 0xFF, 0xFF, 0xFF, 0xFF, 0xFF, 0xFF, 0xFF, 0xFF, 0xFF, 0x2A, 0x2D, 0x22, 0x2D, 0x3C, 0x2E,
    0x2E, 0x3C, 0x3F, 0x38, 0x37, 0x31, 0x53, 0x2C, 0x3C, 0x2E, 0x3D, 0x3D, 0x4E, 0x30, 0x24, 0x2A, 0x20, 0x2D, 0x22, 0x2B,
    0x2D, 0x30, 0x20, 0x1E, 0x20, 0x28, 0x35, 0x39, 0x39, 0x21, 0x1F, 0x2E, 0x31, 0x1B, 0x1C, 0x15, 0x39, 0x5A, 0x3F, 0x2F,
    0x3C, 0x4E, 0x49, 0x1D, 0x2D, 0x46, 0x28, 0x23, 0x25, 0x24, 0x18, 0x1B, 0x18, 0x13, 0x15, 0x15, 0x15, 0x28, 0x28, 0x26,
    0x1D, 0x1D, 0x17, 0x12, 0x1D, 0x23, 0x1C, 0x2B, 0x21, 0x21, 0x35, 0x2C, 0x25, 0x25, 0x35, 0x46, 0x54, 0x39, 0x46, 0x39,
    0x38, 0x43, 0x3E, 0x37, 0x37, 0x2C, 0x44, 0x39, 0x53, 0x56, 0x25, 0x2F, 0x2C, 0xC7, 0xFC, 0xF1, 0xFF, 0xFF, 0xFF, 0xFF,
    0xFF, 0xFF, 0xFF, 0xFF, 0xFF, 0xFF, 0xFF, 0xFF, 0xFF, 0xFF, 0xFF, 0xFF, 0xFF, 0xFF, 0xFF, 0xFF, 0xFF, 0xFF, 0xFF, 0xFF,
    0xFF, 0xF3, 0xF0, 0xFD, 0xE6, 0x23, 0x53, 0x52, 0x58, 0x54, 0x53, 0x4F, 0x5B, 0x84, 0x6C, 0x75, 0x5C, 0x5C, 0x7E, 0x7E,
    0x69, 0x54, 0x4F, 0x4A, 0x5B, 0x40, 0x55, 0x5B, 0x70, 0x67, 0x48, 0x54, 0x3B, 0x68, 0x5D, 0x76, 0x76, 0x78, 0x5C, 0x60,
    0x88, 0x98, 0x87, 0x79, 0x9F, 0x97, 0x97, 0x5B, 0x62, 0x76, 0x87, 0x79, 0x76, 0x62, 0x5B, 0x94, 0x9C, 0x94, 0x6D, 0x79,
    0x98, 0x74, 0x78, 0x9A, 0x62, 0x68, 0x8E, 0x81, 0x83, 0x94, 0xA7, 0x90, 0xA8, 0x9D, 0xA6, 0xAE, 0x8B, 0x92, 0x9A, 0x74,
    0x83, 0x7A, 0x94, 0x88, 0xAD, 0xA8, 0x90, 0xFF, 0xFF, 0xFF, 0xFF, 0xFF, 0xFF, 0xFF, 0xFF, 0xFF, 0xFF, 0xFF, 0xFF, 0xFF,
    0xFF, 0xFF, 0xFF, 0xFF, 0xFF, 0xFF, 0xFF, 0xFF, 0xFF, 0xFF, 0xFF, 0xFF, 0xFF, 0xFF, 0x28, 0x35, 0x2F, 0x22, 0x2F, 0x4E,
    0x2E, 0x2E, 0x2F, 0x3C, 0x23, 0x2B, 0x2B, 0x22, 0x2C, 0x4E, 0x3C, 0x2D, 0x43, 0x2D, 0x28, 0x20, 0x20, 0x2F, 0x2B, 0x20,
    0x2D, 0x2D, 0x22, 0x23, 0x20, 0x22, 0x23, 0x23, 0x23, 0x1A, 0x29, 0x2A, 0x2E, 0x21, 0x1C, 0x2B, 0x61, 0x40, 0x41, 0x2F,
    0x6E, 0x5F, 0x53, 0x1E, 0x38, 0x43, 0x1D, 0x22, 0x23, 0x25, 0x15, 0x15, 0x15, 0x12, 0x1D, 0x1E, 0x14, 0x15, 0x1E, 0x1D,
    0x1D, 0x15, 0x1D, 0x1D, 0x26, 0x25, 0x1C, 0x1C, 0x1A, 0x21, 0x23, 0x35, 0x25, 0x37, 0x37, 0x3D, 0x37, 0x39, 0x46, 0x43,
    0x39, 0x2C, 0x2C, 0x31, 0x37, 0x35, 0x3E, 0x43, 0x3D, 0x55, 0x25, 0x2B, 0x23, 0x5D, 0xF0, 0xF7, 0xF6, 0xFF, 0xFF, 0xFF,
    0xFF, 0xFF, 0xFF, 0xFF, 0xFF, 0xFF, 0xFF, 0xFF, 0xFF, 0xFF, 0xFF, 0xFF, 0xFF, 0xFF, 0xFF, 0xFF, 0xFF, 0xFF, 0xFF, 0xFF,
    0xFF, 0xFF, 0xF8, 0xF0, 0xFC, 0xB0, 0x39, 0x5E, 0x5D, 0x55, 0x58, 0x4A, 0x5B, 0x84, 0x61, 0x62, 0x7B, 0x6D, 0x67, 0x80,
    0x5C, 0x75, 0x6C, 0x55, 0x75, 0x4E, 0x52, 0x57, 0x77, 0x68, 0x57, 0x5A, 0x5A, 0x79, 0x79, 0x98, 0x5E, 0x88, 0x6C, 0x74,
    0x79, 0x89, 0x7A, 0x73, 0x90, 0xA2, 0x97, 0x77, 0x87, 0x62, 0x78, 0x97, 0x9A, 0x74, 0x5A, 0x7A, 0x90, 0xA0, 0x89, 0x98,
    0xA4, 0x87, 0x8A, 0x87, 0x72, 0x83, 0x93, 0x77, 0x8D, 0x91, 0x9A, 0x84, 0x96, 0xAD, 0x99, 0xA3, 0x95, 0xA6, 0x97, 0x7A,
    0x8B, 0x8A, 0x9C, 0x9B, 0x9E, 0xA0, 0xBE, 0xFF, 0xFF, 0xFF, 0xFF, 0xFF, 0xFF, 0xFF, 0xFF, 0xFF, 0xFF, 0xFF, 0xFF, 0xFF,
    0xFF, 0xFF, 0xFF, 0xFF, 0xFF, 0xFF, 0xFF, 0xFF, 0xFF, 0xFF, 0xFF, 0xFF, 0xFF, 0x2B, 0x22, 0x2F, 0x2F, 0x22, 0x24, 0x2F,
    0x2F, 0x2B, 0x1E, 0x2B, 0x2F, 0x2F, 0x24, 0x22, 0x22, 0x2B, 0x3E, 0x5C, 0x49, 0x41, 0x30, 0x38, 0x2E, 0x38, 0x1D, 0x1D,
    0x25, 0x1E, 0x28, 0x18, 0x22, 0x30, 0x2D, 0x43, 0x40, 0x37, 0x2E, 0x2F, 0x2E, 0x31, 0x1C, 0x2D, 0x60, 0x2F, 0x25, 0x2B,
    0x3C, 0x5C, 0x5C, 0x28, 0x40, 0x49, 0x20, 0x20, 0x25, 0x2B, 0x15, 0x26, 0x1E, 0x26, 0x26, 0x26, 0x22, 0x1D, 0x15, 0x12,
    0x1D, 0x15, 0x1D, 0x1D, 0x28, 0x25, 0x21, 0x21, 0x1F, 0x19, 0x23, 0x3C, 0x24, 0x2B, 0x35, 0x3D, 0x37, 0x2C, 0x3D, 0x46,
    0x39, 0x2C, 0x25, 0x3D, 0x46, 0x4A, 0x37, 0x2C, 0x52, 0x49, 0x22, 0x2F, 0x39, 0x46, 0xEF, 0xFF, 0xF4, 0xFF, 0xFF, 0xFF,
    0xFF, 0xFF, 0xFF, 0xFF, 0xFF, 0xFF, 0xFF, 0xFF, 0xFF, 0xFF, 0xFF, 0xFF, 0xFF, 0xFF, 0xFF, 0xFF, 0xFF, 0xFF, 0xFF, 0xFF,
    0xFF, 0xFF, 0xFF, 0xF4, 0xF6, 0xEE, 0x67, 0x57, 0x66, 0x5F, 0x54, 0x6D, 0x78, 0x76, 0x75, 0x73, 0x79, 0x8A, 0x70, 0x58,
    0x61, 0x7C, 0x3B, 0x67, 0x39, 0x55, 0x54, 0x58, 0x71, 0x5D, 0x73, 0x5A, 0x60, 0x76, 0x76, 0x76, 0x78, 0x7F, 0x75, 0x74,
    0x6C, 0x8E, 0x75, 0x7A, 0x74, 0x97, 0x97, 0x74, 0x8E, 0x73, 0x78, 0x98, 0x79, 0x77, 0x62, 0x73, 0x94, 0xA3, 0x9A, 0x77,
    0x93, 0x86, 0x7A, 0x79, 0x6E, 0x71, 0x95, 0x88, 0x91, 0x99, 0xA0, 0x90, 0x9C, 0xAC, 0x90, 0x9A, 0x8D, 0x7A, 0xA0, 0x7D,
    0x7D, 0x7F, 0x46, 0x84, 0xAD, 0x9A, 0xA7, 0xA9, 0xFF, 0xFF, 0xFF, 0xFF, 0xFF, 0xFF, 0xFF, 0xFF, 0xFF, 0xFF, 0xFF, 0xFF,
    0xFF, 0xFF, 0xFF, 0xFF, 0xFF, 0xFF, 0xFF, 0xFF, 0xFF, 0xFF, 0xFF, 0xFF, 0xFF, 0x22, 0x1D, 0x2B, 0x2E, 0x2F, 0x29, 0x2E,
    0x24, 0x20, 0x2F, 0x49, 0x2E, 0x2F, 0x2F, 0x28, 0x2D, 0x51, 0x4F, 0x31, 0x4E, 0x2F, 0x2E, 0x40, 0x38, 0x23, 0x27, 0x28,
    0x28, 0x2D, 0x2D, 0x23, 0x1E, 0x41, 0x34, 0x38, 0x38, 0x51, 0x30, 0x3F, 0x38, 0x33, 0x1E, 0x3E, 0x5C, 0x2E, 0x25, 0x1D,
    0x26, 0x5F, 0x51, 0x28, 0x48, 0x40, 0x2B, 0x1E, 0x28, 0x28, 0x22, 0x25, 0x22, 0x26, 0x28, 0x28, 0x22, 0x27, 0x27, 0x1B,
    0x19, 0x0D, 0x13, 0x14, 0x1C, 0x25, 0x23, 0x21, 0x1C, 0x1B, 0x34, 0x37, 0x24, 0x25, 0x36, 0x3C, 0x46, 0x37, 0x3D, 0x43,
    0x46, 0x2C, 0x38, 0x54, 0x39, 0x2C, 0x35, 0x35, 0x50, 0x3B, 0x2B, 0x37, 0x25, 0x60, 0xF0, 0xFB, 0xF6, 0xFF, 0xFF, 0xFF,
    0xFF, 0xFF, 0xFF, 0xFF, 0xFF, 0xFF, 0xFF, 0xFF, 0xFF, 0xFF, 0xFF, 0xFF, 0xFF, 0xFF, 0xFF, 0xFF, 0xFF, 0xFF, 0xFF, 0xFF,
    0xFF, 0xFE, 0xFF, 0xFF, 0xF1, 0xFD, 0xC4, 0x2C, 0x5E, 0x77, 0x71, 0x79, 0x97, 0x88, 0x73, 0x99, 0x97, 0x98, 0x6C, 0x55,
    0x7C, 0x75, 0x50, 0x5E, 0x3D, 0x61, 0x74, 0x61, 0x57, 0x5B, 0x62, 0x5B, 0x5A, 0x6C, 0x5E, 0x4E, 0x7D, 0x5E, 0x78, 0x7E,
    0x6C, 0x78, 0x82, 0x77, 0x74, 0x97, 0x97, 0x88, 0x88, 0x79, 0x78, 0x74, 0xA3, 0x90, 0x62, 0x60, 0x8B, 0xA7, 0x9B, 0x92,
    0x77, 0x84, 0x89, 0x89, 0x62, 0x7D, 0x9F, 0xA0, 0x7A, 0x94, 0x88, 0x98, 0x97, 0x89, 0x86, 0x8B, 0x82, 0x89, 0x62, 0x7C,
    0x85, 0x81, 0x6F, 0x6B, 0x81, 0x7E, 0x85, 0xAA, 0xFF, 0xFF, 0xFF, 0xFF, 0xFF, 0xFF, 0xFF, 0xFF, 0xFF, 0xFF, 0xFF, 0xFF,
    0xFF, 0xFF, 0xFF, 0xFF, 0xFF, 0xFF, 0xFF, 0xFF, 0xFF, 0xFF, 0xFF, 0xFF, 0x40, 0x20, 0x22, 0x35, 0x2B, 0x28, 0x20, 0x2E,
    0x2A, 0x20, 0x2E, 0x40, 0x3C, 0x51, 0x29, 0x2F, 0x35, 0x3C, 0x3B, 0x51, 0x2F, 0x2A, 0x38, 0x3E, 0x2B, 0x27, 0x28, 0x28,
    0x28, 0x22, 0x38, 0x28, 0x1E, 0x2D, 0x2B, 0x28, 0x2D, 0x38, 0x3E, 0x2B, 0x2F, 0x20, 0x2B, 0x5C, 0x3D, 0x21, 0x14, 0x15,
    0x22, 0x52, 0x51, 0x38, 0x48, 0x41, 0x1E, 0x22, 0x28, 0x22, 0x28, 0x1E, 0x20, 0x1D, 0x26, 0x26, 0x28, 0x33, 0x33, 0x36,
    0x51, 0x29, 0x21, 0x25, 0x1B, 0x29, 0x2C, 0x24, 0x2C, 0x1B, 0x25, 0x25, 0x1B, 0x25, 0x25, 0x24, 0x31, 0x31, 0x39, 0x43,
    0x39, 0x2B, 0x2F, 0x3D, 0x3C, 0x42, 0x34, 0x35, 0x3B, 0x52, 0x36, 0x37, 0x1B, 0x9A, 0xFC, 0xF3, 0xFF, 0xFF, 0xFF, 0xFF,
    0xFF, 0xFF, 0xFF, 0xFF, 0xFF, 0xFF, 0xFF, 0xFF, 0xFF, 0xFF, 0xFF, 0xFF, 0xFF, 0xFF, 0xFF, 0xFF, 0xFF, 0xFF, 0xF7, 0xF6,
    0xF6, 0xF0, 0xF1, 0xF0, 0xF1, 0xFF, 0xEE, 0x5D, 0x6D, 0x6D, 0x56, 0x61, 0x77, 0x6C, 0x5A, 0x74, 0x79, 0x78, 0x61, 0x75,
    0x6F, 0x6B, 0x64, 0x4A, 0x55, 0x68, 0x70, 0x61, 0x75, 0x5E, 0x74, 0x5A, 0x5A, 0x5D, 0x74, 0x98, 0x6D, 0x74, 0x7F, 0x57,
    0x6A, 0x77, 0x6F, 0x6D, 0x70, 0x78, 0x73, 0x78, 0x87, 0x88, 0x98, 0x98, 0x90, 0x99, 0x73, 0x73, 0x9F, 0xA0, 0xA0, 0x78,
    0x7D, 0x7A, 0x78, 0x79, 0x84, 0x7F, 0x84, 0x91, 0x91, 0x87, 0x77, 0x92, 0x98, 0x8E, 0x92, 0x7F, 0x93, 0x78, 0x60, 0x89,
    0x7E, 0x7C, 0x99, 0x8E, 0x94, 0xA6, 0xA8, 0x94, 0x95, 0xFF, 0xFF, 0xFF, 0xFF, 0xFF, 0xFF, 0xFF, 0xFF, 0xFF, 0xFF, 0xFF,
    0xFF, 0xFF, 0xFF, 0xFF, 0xFF, 0xFF, 0xFF, 0xFF, 0xFF, 0xFF, 0xFF, 0xFF, 0x29, 0x20, 0x31, 0x30, 0x20, 0x2B, 0x2A, 0x2E,
    0x2E, 0x29, 0x20, 0x2B, 0x2F, 0x2C, 0x1F, 0x38, 0x2D, 0x2F, 0x51, 0x40, 0x3F, 0x2D, 0x2F, 0x2E, 0x26, 0x25, 0x2F, 0x38,
    0x20, 0x22, 0x2D, 0x28, 0x2D, 0x2A, 0x33, 0x2D, 0x38, 0x3A, 0x2D, 0x26, 0x2B, 0x3D, 0x50, 0x5F, 0x25, 0x12, 0x18, 0x28,
    0x46, 0x6C, 0x31, 0x2D, 0x3F, 0x36, 0x22, 0x22, 0x1D, 0x28, 0x22, 0x20, 0x28, 0x1D, 0x26, 0x27, 0x28, 0x27, 0x27, 0x28,
    0x35, 0x38, 0x4B, 0x5D, 0x2F, 0x2C, 0x28, 0x2B, 0x2C, 0x1B, 0x21, 0x46, 0x35, 0x25, 0x24, 0x21, 0x3B, 0x2C, 0x25, 0x37,
    0x2C, 0x2C, 0x37, 0x39, 0x3A, 0x33, 0x2C, 0x25, 0x2B, 0x3B, 0x4F, 0x3C, 0x18, 0xC8, 0xFF, 0xF1, 0xFF, 0xFF, 0xFF, 0xFF,
    0xFF, 0xFF, 0xFF, 0xFF, 0xFF, 0xFF, 0xFF, 0xFF, 0xFF, 0xFF, 0xFF, 0xFF, 0xFF, 0xFF, 0xFF, 0xFF, 0xFF, 0xFE, 0xF8, 0xF6,
    0xFC, 0xFF, 0xFD, 0xFD, 0xF3, 0xEF, 0xEB, 0x90, 0x76, 0x75, 0x5F, 0x6F, 0x78, 0x78, 0x90, 0x78, 0x84, 0x82, 0x79, 0x8A,
    0x68, 0x6B, 0x70, 0x64, 0x57, 0x77, 0x6D, 0x6C, 0x6E, 0x72, 0x5B, 0x3B, 0x5A, 0x61, 0x75, 0xAB, 0x60, 0x84, 0x5B, 0x67,
    0x69, 0x77, 0x70, 0x7B, 0x60, 0x5D, 0x7A, 0x62, 0x87, 0x91, 0x79, 0x9F, 0xA0, 0x62, 0x97, 0x9F, 0xA0, 0xA0, 0xA0, 0x7F,
    0xA0, 0x84, 0x7E, 0x98, 0x8B, 0x7F, 0x81, 0x86, 0x84, 0x97, 0x84, 0x8C, 0x8B, 0x82, 0x8B, 0x85, 0x69, 0x7E, 0x98, 0x99,
    0x8D, 0x90, 0xBA, 0xA0, 0xA6, 0xA5, 0xAB, 0x9A, 0x98, 0xFF, 0xFF, 0xFF, 0xFF, 0xFF, 0xFF, 0xFF, 0xFF, 0xFF, 0xFF, 0xFF,
    0xFF, 0xFF, 0xFF, 0xFF, 0xFF, 0xFF, 0xFF, 0xFF, 0xFF, 0xFF, 0xFF, 0x2F, 0x4E, 0x2B, 0x22, 0x30, 0x2A, 0x3E, 0x2E, 0x31,
    0x2F, 0x29, 0x20, 0x2E, 0x29, 0x16, 0x16, 0x20, 0x20, 0x3E, 0x2D, 0x39, 0x4E, 0x26, 0x2D, 0x38, 0x3A, 0x31, 0x38, 0x2B,
    0x22, 0x1D, 0x26, 0x22, 0x2C, 0x21, 0x38, 0x36, 0x2B, 0x3A, 0x38, 0x33, 0x28, 0x4E, 0x60, 0x76, 0x3B, 0x5A, 0x29, 0x25,
    0x48, 0x3C, 0x29, 0x1D, 0x36, 0x46, 0x22, 0x1E, 0x26, 0x1D, 0x1D, 0x1D, 0x26, 0x1D, 0x1E, 0x26, 0x26, 0x27, 0x26, 0x15,
    0x15, 0x1D, 0x33, 0x4C, 0x2B, 0x1E, 0x1E, 0x23, 0x25, 0x1D, 0x2C, 0x3D, 0x37, 0x37, 0x4C, 0x37, 0x3B, 0x2C, 0x21, 0x3B,
    0x2C, 0x21, 0x4C, 0x39, 0x4A, 0x36, 0x34, 0x36, 0x39, 0x3B, 0x5B, 0x2C, 0x25, 0xEE, 0xFF, 0xF5, 0xFF, 0xFF, 0xFF, 0xFF,
    0xFF, 0xFF, 0xFF, 0xFF, 0xFF, 0xFF, 0xFF, 0xFF, 0xFF, 0xFF, 0xFF, 0xFF, 0xFF, 0xFF, 0xFF, 0xFF, 0xFF, 0xFF, 0xF5, 0xFD,
    0xEE, 0xB0, 0xBE, 0xB9, 0xA0, 0x89, 0x6F, 0x71, 0x79, 0x91, 0x82, 0x7F, 0x78, 0x79, 0x9F, 0x73, 0x77, 0x57, 0x74, 0x74,
    0x7C, 0x84, 0x74, 0x61, 0x6E, 0x7E, 0x6E, 0x5E, 0x68, 0x6D, 0x5E, 0x3B, 0x3B, 0x5E, 0x9F, 0x79, 0x3E, 0x4A, 0x60, 0x5C,
    0x50, 0x6C, 0x77, 0x5D, 0x60, 0x62, 0x97, 0x98, 0x75, 0x90, 0xA0, 0x98, 0x5E, 0x7A, 0xA6, 0x9C, 0xA9, 0xB2, 0x99, 0x9B,
    0x79, 0x74, 0x7B, 0x7A, 0x92, 0x98, 0x9E, 0x7A, 0x89, 0x8E, 0x6B, 0x84, 0x89, 0x6D, 0x90, 0x8B, 0x71, 0x70, 0xB2, 0xA9,
    0x94, 0xAC, 0xB1, 0x8E, 0xA0, 0xAF, 0x7A, 0x8B, 0x88, 0x92, 0xFF, 0xFF, 0xFF, 0xFF, 0xFF, 0xFF, 0xFF, 0xFF, 0xFF, 0xFF,
    0xFF, 0xFF, 0xFF, 0xFF, 0xFF, 0xFF, 0xFF, 0xFF, 0xFF, 0xFF, 0xFF, 0x53, 0x37, 0x3E, 0x22, 0x3E, 0x30, 0x2F, 0x3F, 0x3E,
    0x37, 0x2E, 0x2E, 0x4F, 0x75, 0x4E, 0x19, 0x1C, 0x28, 0x2E, 0x2D, 0x3F, 0x22, 0x28, 0x28, 0x2D, 0x51, 0x20, 0x28, 0x39,
    0x22, 0x22, 0x20, 0x17, 0x2F, 0x35, 0x28, 0x42, 0x43, 0x27, 0x38, 0x33, 0x33, 0x4F, 0x62, 0x74, 0x5C, 0x5A, 0x1F, 0x23,
    0x23, 0x1E, 0x1D, 0x1E, 0x4D, 0x34, 0x1D, 0x22, 0x26, 0x1D, 0x1D, 0x1D, 0x1D, 0x1E, 0x2D, 0x28, 0x26, 0x1D, 0x15, 0x15,
    0x15, 0x15, 0x1E, 0x22, 0x1E, 0x1E, 0x27, 0x25, 0x23, 0x22, 0x38, 0x35, 0x3C, 0x49, 0x39, 0x37, 0x46, 0x37, 0x3B, 0x3B,
    0x46, 0x2A, 0x37, 0x36, 0x43, 0x34, 0x42, 0x39, 0x46, 0x3D, 0x3D, 0x21, 0x50, 0xEF, 0xFF, 0xF5, 0xFF, 0xFF, 0xFF, 0xFF,
    0xFF, 0xFF, 0xFF, 0xFF, 0xFF, 0xFF, 0xFF, 0xFF, 0xFF, 0xFF, 0xFF, 0xFF, 0xFF, 0xFF, 0xFF, 0xFF, 0xFF, 0xFE, 0xF4, 0xFE,
    0xEE, 0x48, 0x39, 0x4C, 0x64, 0x80, 0x74, 0x6E, 0x8D, 0x84, 0x7F, 0x92, 0x88, 0x97, 0x79, 0x79, 0x7A, 0x6D, 0x87, 0x76,
    0x76, 0x8C, 0x62, 0x69, 0x57, 0x6B, 0x58, 0x58, 0x80, 0x7F, 0x61, 0x62, 0x49, 0x57, 0x7D, 0x4C, 0x2A, 0x54, 0x3E, 0x4E,
    0x61, 0x61, 0x62, 0x66, 0x5C, 0x4F, 0x84, 0x87, 0x87, 0x8A, 0x89, 0x97, 0x8A, 0x94, 0x9A, 0x80, 0x96, 0x83, 0x77, 0x8E,
    0x91, 0x90, 0x78, 0x7A, 0x77, 0x78, 0x7F, 0x83, 0x8C, 0xA9, 0x80, 0x82, 0x91, 0x94, 0x8E, 0x82, 0x8E, 0x8E, 0xA5, 0x9D,
    0x92, 0x8B, 0x87, 0x8F, 0x98, 0xA3, 0x89, 0x9A, 0xA9, 0x8C, 0xFF, 0xFF, 0xFF, 0xFF, 0xFF, 0xFF, 0xFF, 0xFF, 0xFF, 0xFF,
    0xFF, 0xFF, 0xFF, 0xFF, 0xFF, 0xFF, 0xFF, 0xFF, 0xFF, 0xFF, 0xFF, 0x55, 0x54, 0x2D, 0x38, 0x2F, 0x3E, 0x3E, 0x4F, 0x4F,
    0x30, 0x2F, 0x51, 0x42, 0x5F, 0x5F, 0x37, 0x17, 0x20, 0x2D, 0x3E, 0x3E, 0x2D, 0x28, 0x2D, 0x2D, 0x2D, 0x2D, 0x28, 0x28,
    0x17, 0x22, 0x28, 0x22, 0x30, 0x22, 0x28, 0x26, 0x33, 0x33, 0x22, 0x28, 0x2D, 0x39, 0x74, 0x7A, 0x4F, 0x5C, 0x3B, 0x1F,
    0x20, 0x38, 0x27, 0x27, 0x55, 0x38, 0x1D, 0x17, 0x27, 0x1D, 0x1D, 0x1D, 0x1E, 0x1D, 0x36, 0x28, 0x26, 0x1D, 0x22, 0x15,
    0x15, 0x15, 0x23, 0x20, 0x1D, 0x2B, 0x2D, 0x25, 0x1B, 0x23, 0x34, 0x39, 0x30, 0x46, 0x41, 0x39, 0x52, 0x31, 0x3B, 0x55,
    0x4F, 0x37, 0x2C, 0x30, 0x25, 0x34, 0x4A, 0x42, 0x3D, 0x4A, 0x4F, 0x1B, 0xB9, 0xFE, 0xF5, 0xFF, 0xFF, 0xFF, 0xFF, 0xFF,
    0xFF, 0xFF, 0xFF, 0xFF, 0xFF, 0xFF, 0xFF, 0xFF, 0xFF, 0xFF, 0xFF, 0xFF, 0xFF, 0xFF, 0xFF, 0xFF, 0xFF, 0xFF, 0xF6, 0xFD,
    0xEF, 0x8A, 0x5F, 0x69, 0x71, 0x64, 0x6B, 0x7D, 0x70, 0x8C, 0x83, 0x6D, 0x89, 0x88, 0x79, 0x7A, 0x78, 0x75, 0x62, 0x62,
    0x76, 0x8C, 0x74, 0x5E, 0x77, 0x76, 0x6E, 0x72, 0x70, 0x75, 0x6D, 0x73, 0x60, 0x67, 0x57, 0x5D, 0x50, 0x7B, 0x3C, 0x4F,
    0x3D, 0x61, 0x60, 0x78, 0x84, 0x57, 0x77, 0x99, 0x87, 0x74, 0x88, 0x94, 0x79, 0xA0, 0x8B, 0x7A, 0x8D, 0x77, 0x89, 0x7F,
    0x74, 0x86, 0x80, 0x61, 0x88, 0x8C, 0x54, 0x6C, 0x6C, 0x93, 0x83, 0x78, 0x89, 0x7E, 0x70, 0x6C, 0x61, 0x7F, 0x9A, 0x87,
    0x8A, 0x74, 0x77, 0x6F, 0x7F, 0x9C, 0x94, 0xA0, 0xAC, 0x94, 0xFF, 0xFF, 0xFF, 0xFF, 0xFF, 0xFF, 0xFF, 0xFF, 0xFF, 0xFF,
    0xFF, 0xFF, 0xFF, 0xFF, 0xFF, 0xFF, 0xFF, 0xFF, 0xFF, 0xFF, 0x55, 0x61, 0x3E, 0x30, 0x3C, 0x2F, 0x3E, 0x3E, 0x3E, 0x4F,
    0x40, 0x3A, 0x43, 0x3E, 0x5C, 0x52, 0x3B, 0x29, 0x2F, 0x49, 0x58, 0x51, 0x2D, 0x41, 0x41, 0x43, 0x42, 0x2D, 0x22, 0x26,
    0x22, 0x25, 0x1E, 0x28, 0x2C, 0x38, 0x3F, 0x26, 0x28, 0x22, 0x2D, 0x34, 0x22, 0x35, 0x87, 0x73, 0x5C, 0x52, 0x5A, 0x31,
    0x2C, 0x4C, 0x27, 0x33, 0x40, 0x33, 0x1D, 0x1D, 0x1D, 0x1E, 0x26, 0x1E, 0x1D, 0x1D, 0x28, 0x1D, 0x2D, 0x2B, 0x22, 0x26,
    0x15, 0x22, 0x25, 0x1D, 0x1D, 0x26, 0x28, 0x22, 0x2C, 0x25, 0x28, 0x25, 0x33, 0x25, 0x34, 0x37, 0x3B, 0x2C, 0x46, 0x3D,
    0x49, 0x2A, 0x2C, 0x43, 0x2C, 0x24, 0x2C, 0x48, 0x3D, 0x4C, 0x50, 0x21, 0x97, 0xF1, 0xFA, 0xFF, 0xFF, 0xFF, 0xFF, 0xFF,
    0xFF, 0xFF, 0xFF, 0xFF, 0xFF, 0xFF, 0xFF, 0xFF, 0xFF, 0xFF, 0xFF, 0xFF, 0xFF, 0xFF, 0xFF, 0xFF, 0xFF, 0xFF, 0xF6, 0xFA,
    0xF0, 0x9A, 0x53, 0x48, 0x56, 0x64, 0x6A, 0x89, 0x70, 0x70, 0x70, 0x68, 0x77, 0x73, 0x5A, 0x62, 0x5A, 0x59, 0x57, 0x77,
    0x77, 0x8C, 0x75, 0x62, 0x75, 0x57, 0x61, 0x67, 0x77, 0x52, 0x3B, 0x5A, 0x82, 0x61, 0x84, 0x8B, 0x5F, 0x65, 0x75, 0x76,
    0x6E, 0x61, 0x82, 0x78, 0x5D, 0x70, 0x62, 0x76, 0x62, 0x75, 0x8B, 0x8D, 0x76, 0x89, 0x77, 0xA0, 0xA0, 0x9A, 0x9A, 0xA0,
    0xA0, 0x7A, 0x68, 0x7B, 0x94, 0x86, 0x4D, 0x57, 0x90, 0x5E, 0x68, 0x74, 0x5A, 0x5F, 0x7E, 0x84, 0x84, 0x8B, 0x99, 0x89,
    0x7C, 0x8A, 0x8B, 0x8E, 0x78, 0xA5, 0x96, 0xAB, 0xA0, 0x9B, 0xA8, 0xFF, 0xFF, 0xFF, 0xFF, 0xFF, 0xFF, 0xFF, 0xFF, 0xFF,
    0xFF, 0xFF, 0xFF, 0xFF, 0xFF, 0xFF, 0xFF, 0xFF, 0xFF, 0xFF, 0x4F, 0x7B, 0x4E, 0x3F, 0x3E, 0x2F, 0x43, 0x3A, 0x3F, 0x49,
    0x39, 0x30, 0x3F, 0x31, 0x3E, 0x56, 0x3E, 0x43, 0x5F, 0x5D, 0x3F, 0x4D, 0x4B, 0x47, 0x3F, 0x2D, 0x2D, 0x28, 0x28, 0x28,
    0x2C, 0x23, 0x33, 0x36, 0x2D, 0x38, 0x2D, 0x28, 0x3A, 0x3E, 0x2D, 0x33, 0x1D, 0x2B, 0x73, 0x60, 0x78, 0x5D, 0x3B, 0x3F,
    0x3C, 0x2F, 0x27, 0x47, 0x4B, 0x23, 0x1D, 0x1D, 0x1D, 0x1E, 0x26, 0x1E, 0x27, 0x26, 0x26, 0x27, 0x28, 0x33, 0x1D, 0x1D,
    0x1D, 0x1D, 0x18, 0x20, 0x22, 0x27, 0x25, 0x1B, 0x1F, 0x2B, 0x28, 0x27, 0x33, 0x34, 0x36, 0x46, 0x49, 0x3B, 0x39, 0x23,
    0x37, 0x30, 0x30, 0x46, 0x39, 0x34, 0x41, 0x46, 0x43, 0x36, 0x2C, 0x2E, 0x3B, 0xEE, 0xFF, 0xFA, 0xFF, 0xFF, 0xFF, 0xFF,
    0xFF, 0xFF, 0xFF, 0xFF, 0xFF, 0xFF, 0xFF, 0xFF, 0xFF, 0xFF, 0xFF, 0xFF, 0xFF, 0xFF, 0xFF, 0xFF, 0xFF, 0xFF, 0xFA, 0xF8,
    0xFD, 0x9A, 0x47, 0x47, 0x75, 0x5C, 0x66, 0x69, 0x5B, 0x6D, 0x70, 0x7D, 0x7C, 0x62, 0x60, 0x7A, 0x97, 0x62, 0x70, 0x5F,
    0x84, 0x78, 0x77, 0x5A, 0x72, 0x81, 0x7E, 0x7C, 0x73, 0x3B, 0x5A, 0x5B, 0x84, 0x61, 0x84, 0x71, 0x4E, 0x57, 0x6D, 0x84,
    0x75, 0x76, 0x8F, 0x6D, 0x5B, 0x75, 0x57, 0x7B, 0x76, 0x78, 0x77, 0x76, 0x97, 0x8A, 0x89, 0x97, 0x98, 0x7E, 0x95, 0x78,
    0x8A, 0x84, 0x7A, 0x89, 0x88, 0x60, 0x75, 0x7F, 0x7A, 0x7A, 0x8F, 0x75, 0x6C, 0x89, 0x9A, 0x9E, 0x91, 0xA3, 0xAF, 0xA5,
    0x8C, 0x95, 0x84, 0x83, 0x9C, 0xC1, 0xB8, 0xA5, 0xB4, 0xAE, 0xC4, 0xFF, 0xFF, 0xFF, 0xFF, 0xFF, 0xFF, 0xFF, 0xFF, 0xFF,
    0xFF, 0xFF, 0xFF, 0xFF, 0xFF, 0xFF, 0xFF, 0xFF, 0xFF, 0x60, 0x5C, 0x55, 0x40, 0x5C, 0x3F, 0x2D, 0x38, 0x2F, 0x51, 0x3E,
    0x38, 0x3A, 0x40, 0x3E, 0x38, 0x40, 0x51, 0x5C, 0x49, 0x3A, 0x4B, 0x53, 0x3E, 0x48, 0x66, 0x40, 0x3A, 0x33, 0x41, 0x35,
    0x2D, 0x28, 0x22, 0x40, 0x28, 0x28, 0x28, 0x28, 0x26, 0x28, 0x28, 0x1E, 0x20, 0x3E, 0x5E, 0x61, 0x87, 0x55, 0x28, 0x3E,
    0x3E, 0x4B, 0x3A, 0x3F, 0x49, 0x28, 0x1D, 0x1E, 0x23, 0x1D, 0x26, 0x28, 0x27, 0x15, 0x1E, 0x27, 0x1E, 0x33, 0x20, 0x15,
    0x1D, 0x1D, 0x15, 0x1D, 0x1D, 0x27, 0x33, 0x16, 0x08, 0x1B, 0x41, 0x1E, 0x22, 0x41, 0x23, 0x42, 0x46, 0x3B, 0x39, 0x39,
    0x42, 0x3A, 0x3E, 0x49, 0x41, 0x45, 0x41, 0x3A, 0x37, 0x39, 0x34, 0x2C, 0x61, 0xEF, 0xFF, 0xFA, 0xFF, 0xFF, 0xFF, 0xFF,
    0xFF, 0xFF, 0xFF, 0xFF, 0xFF, 0xFF, 0xFF, 0xFF, 0xFF, 0xFF, 0xFF, 0xFF, 0xFF, 0xFF, 0xFF, 0xFF, 0xFF, 0xFF, 0xF9, 0xF5,
    0xFA, 0xBA, 0x33, 0x47, 0x59, 0x53, 0x6A, 0x70, 0x78, 0x76, 0x94, 0x77, 0x68, 0x55, 0x62, 0x62, 0x61, 0x6C, 0x5E, 0x75,
    0x88, 0x84, 0x77, 0x62, 0x5D, 0x92, 0x73, 0x62, 0x8A, 0x5E, 0x46, 0x52, 0x60, 0x6C, 0x86, 0x7E, 0x60, 0x77, 0x88, 0x8B,
    0x6E, 0x62, 0x7A, 0x74, 0x73, 0x74, 0x85, 0x7F, 0x7C, 0x6F, 0x55, 0x74, 0x7A, 0x7F, 0x75, 0x90, 0x9B, 0x86, 0x8D, 0x91,
    0x94, 0x9C, 0x91, 0x73, 0x7A, 0x8B, 0x7D, 0x88, 0x90, 0x9A, 0x8C, 0x82, 0x85, 0x8D, 0xA3, 0x9A, 0x92, 0xA6, 0xAA, 0x90,
    0x6B, 0x81, 0x8F, 0x6A, 0xB1, 0xB4, 0xB9, 0xAE, 0xA3, 0xA7, 0xC4, 0xB0, 0xFF, 0xFF, 0xFF, 0xFF, 0xFF, 0xFF, 0xFF, 0xFF,
    0xFF, 0xFF, 0xFF, 0xFF, 0xFF, 0xFF, 0xFF, 0xFF, 0xFF, 0x5C, 0x40, 0x56, 0x3E, 0x40, 0x38, 0x3E, 0x51, 0x38, 0x2B, 0x2F,
    0x51, 0x53, 0x46, 0x2F, 0x38, 0x3A, 0x4E, 0x4E, 0x4B, 0x40, 0x3F, 0x3E, 0x3E, 0x53, 0x68, 0x49, 0x3F, 0x3A, 0x34, 0x2D,
    0x43, 0x47, 0x21, 0x2C, 0x2D, 0x22, 0x38, 0x34, 0x26, 0x1D, 0x1D, 0x28, 0x43, 0x3E, 0x49, 0x65, 0x57, 0x42, 0x35, 0x36,
    0x44, 0x40, 0x3A, 0x48, 0x5F, 0x22, 0x26, 0x1E, 0x1D, 0x1D, 0x27, 0x27, 0x1E, 0x1B, 0x33, 0x1D, 0x26, 0x3A, 0x26, 0x1D,
    0x1D, 0x1E, 0x1D, 0x15, 0x17, 0x1D, 0x1E, 0x23, 0x14, 0x27, 0x33, 0x1E, 0x2D, 0x2C, 0x39, 0x46, 0x49, 0x37, 0x46, 0x46,
    0x52, 0x3D, 0x4A, 0x4A, 0x47, 0x46, 0x46, 0x41, 0x33, 0x34, 0x39, 0x24, 0xB0, 0xFE, 0xF5, 0xFF, 0xFF, 0xFF, 0xFF, 0xFF,
    0xFF, 0xFF, 0xFF, 0xFF, 0xFF, 0xFF, 0xFF, 0xFF, 0xFF, 0xFF, 0xFF, 0xFF, 0xFF, 0xFF, 0xFF, 0xFF, 0xFF, 0xFF, 0xFD, 0xF2,
    0xFE, 0xC7, 0x3E, 0x7B, 0x67, 0x66, 0x6A, 0x86, 0x84, 0x84, 0x62, 0x61, 0x58, 0x3C, 0x5A, 0x62, 0x57, 0x5D, 0x5B, 0x77,
    0x74, 0x5E, 0x6C, 0x6D, 0x31, 0x4E, 0x5B, 0x74, 0x88, 0x89, 0x7B, 0x76, 0x8A, 0x92, 0x70, 0x7E, 0x84, 0x8C, 0x75, 0x76,
    0x6E, 0x76, 0x97, 0x82, 0x84, 0x95, 0x88, 0x9D, 0x8E, 0x82, 0x7E, 0x82, 0x70, 0xA3, 0x7D, 0x88, 0xA5, 0x9B, 0x98, 0xA0,
    0x94, 0x94, 0x91, 0x78, 0x9F, 0x7A, 0x85, 0x75, 0x95, 0x78, 0x99, 0x9A, 0x92, 0x87, 0xA8, 0x91, 0x90, 0x9F, 0x9A, 0x86,
    0x7C, 0x40, 0x58, 0x93, 0xB1, 0x9C, 0xA9, 0xAA, 0xA0, 0xBA, 0xAF, 0xAD, 0xFF, 0xFF, 0xFF, 0xFF, 0xFF, 0xFF, 0xFF, 0xFF,
    0xFF, 0xFF, 0xFF, 0xFF, 0xFF, 0xFF, 0xFF, 0xFF, 0xFF, 0x5C, 0x5C, 0x5C, 0x49, 0x3F, 0x2F, 0x2F, 0x51, 0x3A, 0x3F, 0x4F,
    0x43, 0x53, 0x5C, 0x3F, 0x38, 0x3E, 0x3F, 0x3E, 0x3F, 0x51, 0x53, 0x4A, 0x3F, 0x53, 0x43, 0x3F, 0x4B, 0x2D, 0x2D, 0x26,
    0x28, 0x28, 0x21, 0x25, 0x3E, 0x2D, 0x28, 0x2D, 0x22, 0x1E, 0x1D, 0x51, 0x52, 0x26, 0x3A, 0x45, 0x39, 0x1F, 0x22, 0x1E,
    0x33, 0x43, 0x33, 0x4D, 0x4C, 0x28, 0x22, 0x15, 0x1D, 0x1D, 0x27, 0x1E, 0x1D, 0x22, 0x34, 0x1D, 0x1E, 0x26, 0x26, 0x1E,
    0x1E, 0x1E, 0x27, 0x26, 0x1D, 0x15, 0x2B, 0x23, 0x27, 0x33, 0x45, 0x27, 0x33, 0x2C, 0x39, 0x3C, 0x36, 0x41, 0x44, 0x57,
    0x54, 0x56, 0x47, 0x3E, 0x3C, 0x40, 0x3A, 0x35, 0x35, 0x25, 0x46, 0x2E, 0xEB, 0xFF, 0xF5, 0xFF, 0xFF, 0xFF, 0xFF, 0xFF,
    0xFF, 0xFF, 0xFF, 0xFF, 0xFF, 0xFF, 0xFF, 0xFF, 0xFF, 0xFF, 0xFF, 0xFF, 0xFF, 0xFF, 0xFF, 0xFF, 0xFF, 0xFB, 0xF1, 0xF3,
    0xF0, 0x90, 0x48, 0x5F, 0x45, 0x6A, 0x61, 0x72, 0x7C, 0x6D, 0x70, 0x7A, 0x5E, 0x2B, 0x4A, 0x3B, 0x3D, 0x57, 0x57, 0x5F,
    0x61, 0x5E, 0x76, 0x73, 0x5A, 0x5A, 0x60, 0x88, 0x84, 0x8D, 0x98, 0x79, 0x7A, 0x92, 0x61, 0x62, 0x84, 0x6A, 0x6E, 0x7C,
    0x81, 0x57, 0x75, 0x82, 0x70, 0x90, 0x8E, 0x86, 0x84, 0x65, 0x84, 0x8A, 0x78, 0x9B, 0x84, 0x9A, 0x94, 0x92, 0xA3, 0xA0,
    0x89, 0x93, 0xAB, 0x91, 0xA0, 0x8B, 0x8C, 0x84, 0x9C, 0xA3, 0xA7, 0x87, 0x9F, 0x98, 0xA3, 0x92, 0x9D, 0x98, 0xA4, 0xA7,
    0x83, 0x55, 0x58, 0x8A, 0xAF, 0xAF, 0xB4, 0xA6, 0x9B, 0xBE, 0xAF, 0x94, 0xFF, 0xFF, 0xFF, 0xFF, 0xFF, 0xFF, 0xFF, 0xFF,
    0xFF, 0xFF, 0xFF, 0xFF, 0xFF, 0xFF, 0xFF, 0xFF, 0x55, 0x68, 0x61, 0x5C, 0x53, 0x49, 0x48, 0x38, 0x2D, 0x4B, 0x49, 0x5C,
    0x46, 0x3C, 0x6C, 0x53, 0x51, 0x53, 0x30, 0x51, 0x53, 0x40, 0x3E, 0x53, 0x3E, 0x4B, 0x33, 0x4B, 0x54, 0x3E, 0x1E, 0x26,
    0x1E, 0x28, 0x2A, 0x2A, 0x35, 0x2D, 0x2B, 0x26, 0x1E, 0x1D, 0x1D, 0x22, 0x38, 0x33, 0x43, 0x2C, 0x2D, 0x20, 0x1E, 0x27,
    0x43, 0x38, 0x38, 0x54, 0x59, 0x1D, 0x26, 0x1D, 0x26, 0x26, 0x1D, 0x20, 0x20, 0x33, 0x1E, 0x27, 0x27, 0x27, 0x1E, 0x26,
    0x1D, 0x26, 0x27, 0x33, 0x23, 0x1F, 0x19, 0x20, 0x1D, 0x27, 0x41, 0x33, 0x33, 0x48, 0x4D, 0x3A, 0x44, 0x33, 0x35, 0x3B,
    0x48, 0x46, 0x48, 0x2C, 0x33, 0x48, 0x39, 0x2B, 0x2D, 0x38, 0x35, 0x73, 0xEF, 0xF7, 0xFA, 0xFF, 0xFF, 0xFF, 0xFF, 0xFF,
    0xFF, 0xFF, 0xFF, 0xFF, 0xFF, 0xFF, 0xFF, 0xFF, 0xFF, 0xFF, 0xFF, 0xFF, 0xFF, 0xFF, 0xFF, 0xFF, 0xFF, 0xF5, 0xF2, 0xFC,
    0xC4, 0x36, 0x53, 0x34, 0x43, 0x4D, 0x77, 0x83, 0x82, 0x6F, 0x6A, 0x74, 0x5B, 0x2C, 0x3D, 0x50, 0x57, 0x77, 0x65, 0x72,
    0x70, 0x81, 0x74, 0x97, 0x62, 0x7A, 0x7A, 0x77, 0x8C, 0x8C, 0x93, 0x78, 0x75, 0x68, 0x77, 0x7D, 0x8A, 0x54, 0x7F, 0x74,
    0x6B, 0x75, 0x5F, 0x75, 0x6C, 0x85, 0x77, 0x77, 0xA0, 0x87, 0x84, 0x6B, 0x85, 0x92, 0x83, 0x90, 0x9B, 0x84, 0x90, 0xA7,
    0x78, 0x95, 0x9C, 0x91, 0x95, 0x75, 0x85, 0x8C, 0x8B, 0x90, 0xAC, 0x90, 0x9B, 0x9B, 0x95, 0x96, 0xAA, 0x9C, 0xA3, 0xB9,
    0x9B, 0x7E, 0x6A, 0xA0, 0xAF, 0xB9, 0xAE, 0xA8, 0xB9, 0xBF, 0xAA, 0x9D, 0xB3, 0xFF, 0xFF, 0xFF, 0xFF, 0xFF, 0xFF, 0xFF,
    0xFF, 0xFF, 0xFF, 0xFF, 0xFF, 0xFF, 0xFF, 0xFF, 0x5C, 0x6A, 0x6F, 0x5F, 0x55, 0x5F, 0x53, 0x3F, 0x3E, 0x52, 0x5F, 0x53,
    0x3F, 0x88, 0x65, 0x51, 0x5C, 0x58, 0x3F, 0x3F, 0x53, 0x56, 0x56, 0x66, 0x56, 0x56, 0x3A, 0x53, 0x5C, 0x28, 0x2D, 0x28,
    0x33, 0x4B, 0x2D, 0x20, 0x2A, 0x3A, 0x2D, 0x34, 0x23, 0x2D, 0x22, 0x2C, 0x25, 0x5C, 0x5B, 0x4A, 0x43, 0x2D, 0x48, 0x49,
    0x4C, 0x3A, 0x28, 0x59, 0x56, 0x27, 0x26, 0x26, 0x27, 0x20, 0x20, 0x1D, 0x20, 0x26, 0x26, 0x2D, 0x30, 0x4B, 0x1E, 0x1D,
    0x26, 0x26, 0x26, 0x23, 0x22, 0x1C, 0x1F, 0x1C, 0x1B, 0x1E, 0x27, 0x3A, 0x45, 0x45, 0x64, 0x56, 0x4C, 0x48, 0x46, 0x42,
    0x41, 0x41, 0x64, 0x4A, 0x41, 0x42, 0x38, 0x27, 0x27, 0x41, 0x25, 0xB0, 0xFD, 0xF1, 0xFF, 0xFF, 0xFF, 0xFF, 0xFF, 0xFF,
    0xFF, 0xFF, 0xFF, 0xFF, 0xFF, 0xFF, 0xFF, 0xFF, 0xFF, 0xFF, 0xFF, 0xFF, 0xFF, 0xFF, 0xFF, 0xFD, 0xF1, 0xFF, 0xF0, 0xBE,
    0x4C, 0x3D, 0x61, 0x4A, 0x3E, 0x47, 0x72, 0x67, 0x6F, 0x61, 0x82, 0x76, 0x5E, 0x5A, 0x3B, 0x3B, 0x5E, 0x9A, 0x9F, 0x90,
    0x8D, 0x8C, 0x88, 0x78, 0x87, 0x79, 0x9A, 0x88, 0x94, 0x87, 0x89, 0x78, 0x75, 0x72, 0x67, 0x52, 0x54, 0x52, 0x60, 0x7B,
    0x7E, 0x7D, 0x7E, 0x8B, 0x7C, 0x7C, 0x61, 0x89, 0xA0, 0xA3, 0x8E, 0x8C, 0x68, 0x92, 0x9E, 0x8C, 0x92, 0x86, 0x90, 0xA5,
    0x8B, 0x90, 0x99, 0x8D, 0x88, 0x9F, 0x7A, 0x8A, 0x90, 0x9D, 0x94, 0x93, 0xA8, 0xAE, 0x95, 0xA5, 0x9A, 0xA0, 0x94, 0x9F,
    0xB0, 0xAA, 0xA3, 0xBE, 0xB9, 0xB2, 0xB7, 0xBA, 0xA0, 0xAF, 0xBA, 0xAE, 0xC5, 0xFF, 0xFF, 0xFF, 0xFF, 0xFF, 0xFF, 0xFF,
    0xFF, 0xFF, 0xFF, 0xFF, 0xFF, 0xFF, 0xFF, 0xFF, 0x5C, 0x72, 0x7C, 0x55, 0x56, 0x66, 0x56, 0x56, 0x40, 0x5F, 0x54, 0x66,
    0x6F, 0x7D, 0x3F, 0x3F, 0x49, 0x4C, 0x4D, 0x56, 0x51, 0x71, 0x48, 0x3A, 0x3F, 0x5C, 0x3A, 0x3A, 0x53, 0x2D, 0x3E, 0x51,
    0x4C, 0x2D, 0x26, 0x26, 0x2B, 0x3A, 0x3A, 0x2D, 0x30, 0x3F, 0x28, 0x36, 0x28, 0x28, 0x56, 0x72, 0x36, 0x28, 0x59, 0x6E,
    0x5C, 0x44, 0x27, 0x59, 0x51, 0x28, 0x20, 0x28, 0x2D, 0x2D, 0x26, 0x1E, 0x14, 0x23, 0x28, 0x27, 0x27, 0x27, 0x26, 0x1D,
    0x1D, 0x1D, 0x1E, 0x1E, 0x22, 0x27, 0x22, 0x23, 0x23, 0x23, 0x27, 0x45, 0x4D, 0x4A, 0x4A, 0x47, 0x25, 0x44, 0x41, 0x42,
    0x38, 0x45, 0x41, 0x47, 0x4A, 0x39, 0x2B, 0x28, 0x39, 0x39, 0x21, 0xE8, 0xFD, 0xF0, 0xFF, 0xFF, 0xFF, 0xFF, 0xFF, 0xFF,
    0xFF, 0xFF, 0xFF, 0xFF, 0xFF, 0xFF, 0xFF, 0xFF, 0xFF, 0xFF, 0xFF, 0xFF, 0xFE, 0xFF, 0xF6, 0xF0, 0xFD, 0xEF, 0xA0, 0x33,
    0x45, 0x65, 0x77, 0x6D, 0x5C, 0x70, 0x54, 0x4D, 0x6E, 0x75, 0x70, 0x7D, 0x57, 0x68, 0x5B, 0x5A, 0x73, 0x99, 0x98, 0x9F,
    0x99, 0x80, 0x8C, 0x77, 0x74, 0x92, 0x99, 0x98, 0xA0, 0xA5, 0x9A, 0x8B, 0x84, 0x7F, 0x6C, 0x7B, 0x70, 0x85, 0x72, 0x70,
    0x75, 0x72, 0x74, 0x8A, 0x7B, 0x7D, 0x7C, 0x8D, 0x9C, 0xAE, 0xA3, 0x8D, 0x8A, 0x90, 0x87, 0x85, 0x7E, 0x84, 0x9A, 0xA0,
    0x9B, 0xA9, 0x8A, 0x70, 0x8F, 0x7F, 0x7F, 0x8A, 0x8D, 0x7E, 0x8E, 0xA6, 0x94, 0x9D, 0xA9, 0xA7, 0x9A, 0x91, 0x95, 0x9B,
    0xAE, 0xAA, 0xAD, 0xBB, 0xB2, 0xAA, 0xB1, 0x96, 0xA7, 0xAD, 0xAD, 0xBE, 0xB9, 0xFF, 0xFF, 0xFF, 0xFF, 0xFF, 0xFF, 0xFF,
    0xFF, 0xFF, 0xFF, 0xFF, 0xFF, 0xFF, 0xFF, 0x53, 0x75, 0x7B, 0x7C, 0x58, 0x59, 0x51, 0x53, 0x5C, 0x51, 0x53, 0x54, 0x4C,
    0x58, 0x59, 0x51, 0x51, 0x4C, 0x53, 0x46, 0x56, 0x5F, 0x71, 0x59, 0x2D, 0x38, 0x4A, 0x3E, 0x3A, 0x4C, 0x40, 0x56, 0x4F,
    0x3A, 0x47, 0x28, 0x3A, 0x3A, 0x4D, 0x3A, 0x38, 0x3A, 0x5C, 0x2F, 0x4B, 0x44, 0x41, 0x27, 0x30, 0x34, 0x1E, 0x44, 0x56,
    0x40, 0x45, 0x33, 0x4D, 0x28, 0x3A, 0x2D, 0x33, 0x43, 0x3A, 0x33, 0x23, 0x1D, 0x22, 0x22, 0x26, 0x33, 0x33, 0x26, 0x1E,
    0x1D, 0x1D, 0x22, 0x1E, 0x33, 0x24, 0x1B, 0x24, 0x1E, 0x15, 0x28, 0x65, 0x34, 0x48, 0x54, 0x4A, 0x2C, 0x42, 0x42, 0x46,
    0x53, 0x54, 0x55, 0x58, 0x4F, 0x5C, 0x2D, 0x25, 0x2C, 0x2C, 0x2F, 0xED, 0xFC, 0xF1, 0xFF, 0xFF, 0xFF, 0xFF, 0xFF, 0xFF,
    0xFF, 0xFF, 0xFA, 0xFF, 0xFF, 0xFF, 0xFF, 0xFF, 0xFF, 0xFF, 0xFF, 0xFF, 0xFF, 0xF6, 0xF5, 0xFC, 0xEB, 0x6E, 0x2D, 0x4D,
    0x34, 0x40, 0x51, 0x5F, 0x6A, 0x57, 0x7C, 0x80, 0x6B, 0x57, 0x6D, 0x8E, 0x70, 0x5D, 0x62, 0x73, 0x79, 0x91, 0x88, 0x8E,
    0x99, 0x89, 0x77, 0x76, 0x76, 0x74, 0x8E, 0x99, 0xA0, 0x90, 0x88, 0x91, 0x88, 0x8A, 0x6E, 0x76, 0x84, 0x8D, 0x5E, 0x77,
    0x7D, 0x6D, 0x85, 0x80, 0x8C, 0x9D, 0x70, 0x72, 0x8B, 0xA5, 0xA3, 0x99, 0x90, 0x86, 0x8D, 0x91, 0x94, 0x8E, 0x84, 0x7A,
    0x97, 0xA3, 0x9D, 0x91, 0x9B, 0x7E, 0x92, 0x85, 0x8C, 0xA8, 0x92, 0xA6, 0xA5, 0x8E, 0x9A, 0x99, 0x9E, 0xAB, 0x9F, 0x9D,
    0xB2, 0xA6, 0xA6, 0xAB, 0xA6, 0xB1, 0xA3, 0xB1, 0xC1, 0xBE, 0xAA, 0xC1, 0xBA, 0xAB, 0xFF, 0xFF, 0xFF, 0xFF, 0xFF, 0xFF,
    0xFF, 0xFF, 0xFF, 0xFF, 0xFF, 0xFF, 0xFF, 0x51, 0x5F, 0x68, 0x66, 0x4B, 0x56, 0x53, 0x3F, 0x3F, 0x51, 0x53, 0x5F, 0x56,
    0x4C, 0x66, 0x58, 0x59, 0x59, 0x51, 0x51, 0x40, 0x5F, 0x69, 0x4C, 0x3F, 0x4C, 0x4B, 0x3E, 0x5F, 0x53, 0x3B, 0x57, 0x47,
    0x2D, 0x3F, 0x28, 0x2D, 0x2D, 0x42, 0x47, 0x4B, 0x4C, 0x2D, 0x28, 0x56, 0x6F, 0x53, 0x4B, 0x39, 0x49, 0x27, 0x41, 0x56,
    0x3A, 0x44, 0x45, 0x4D, 0x39, 0x3E, 0x3A, 0x27, 0x3A, 0x3A, 0x4B, 0x22, 0x1E, 0x26, 0x33, 0x33, 0x33, 0x26, 0x1D, 0x1E,
    0x26, 0x27, 0x22, 0x33, 0x33, 0x2B, 0x30, 0x2B, 0x1E, 0x1D, 0x1E, 0x41, 0x33, 0x41, 0x3D, 0x48, 0x4D, 0x47, 0x4A, 0x46,
    0x44, 0x4D, 0x65, 0x65, 0x65, 0x67, 0x4D, 0x2C, 0x38, 0x28, 0x61, 0xF0, 0xFC, 0xF4, 0xFF, 0xFF, 0xFF, 0xFF, 0xFF, 0xFF,
    0xFF, 0xF9, 0xFF, 0xF8, 0xFE, 0xFF, 0xFF, 0xFF, 0xFF, 0xFF, 0xFF, 0xFF, 0xF1, 0xFC, 0xFC, 0xD2, 0x34, 0x34, 0x3E, 0x4D,
    0x36, 0x2D, 0x34, 0x4D, 0x4D, 0x58, 0x7C, 0x6C, 0x62, 0x7B, 0x75, 0x6C, 0x5E, 0x62, 0x73, 0x62, 0x7A, 0x8F, 0x85, 0x8D,
    0x90, 0x95, 0x6D, 0x62, 0x78, 0x84, 0x74, 0x84, 0x84, 0x88, 0x9A, 0x87, 0x78, 0x88, 0x84, 0x98, 0x92, 0x88, 0x7E, 0x68,
    0x84, 0x8F, 0x8D, 0x80, 0x89, 0x96, 0x93, 0x6B, 0x8D, 0xAA, 0x96, 0x89, 0x91, 0x8C, 0x82, 0x8E, 0x94, 0x89, 0x94, 0xA6,
    0x92, 0xB2, 0x90, 0x9E, 0xA3, 0x9D, 0x91, 0x92, 0x8F, 0x9C, 0xA3, 0x94, 0xA9, 0xA5, 0x95, 0x94, 0xA7, 0xAE, 0xA0, 0xA3,
    0xB0, 0xAF, 0x9E, 0xAE, 0xAE, 0xA3, 0xB2, 0xB8, 0xB1, 0xBE, 0xC4, 0xC7, 0xC4, 0xC3, 0xFF, 0xFF, 0xFF, 0xFF, 0xFF, 0xFF,
    0xFF, 0xFF, 0xFF, 0xFF, 0xFF, 0xFF, 0xFF, 0x3F, 0x5C, 0x5D, 0x5F, 0x3A, 0x4C, 0x69, 0x4B, 0x4C, 0x53, 0x54, 0x68, 0x51,
    0x5F, 0x58, 0x4A, 0x5F, 0x56, 0x53, 0x4B, 0x4C, 0x59, 0x40, 0x4C, 0x47, 0x3E, 0x47, 0x5F, 0x5C, 0x5F, 0x4A, 0x38, 0x4B,
    0x40, 0x2D, 0x3A, 0x26, 0x27, 0x45, 0x4D, 0x27, 0x33, 0x22, 0x28, 0x2D, 0x4D, 0x2D, 0x59, 0x53, 0x98, 0x59, 0x33, 0x2D,
    0x2D, 0x44, 0x64, 0x58, 0x4B, 0x3A, 0x27, 0x33, 0x27, 0x33, 0x45, 0x44, 0x33, 0x27, 0x33, 0x34, 0x34, 0x28, 0x1D, 0x26,
    0x26, 0x33, 0x34, 0x36, 0x1E, 0x27, 0x41, 0x34, 0x26, 0x1D, 0x1D, 0x33, 0x34, 0x41, 0x44, 0x42, 0x36, 0x41, 0x56, 0x4C,
    0x45, 0x65, 0x71, 0x66, 0x66, 0x6D, 0x54, 0x46, 0x57, 0x2C, 0x97, 0xFC, 0xF5, 0xF7, 0xFF, 0xFF, 0xFF, 0xFF, 0xFF, 0xFE,
    0xF6, 0xF0, 0xEF, 0xF6, 0xF6, 0xF6, 0xFE, 0xFF, 0xFF, 0xFF, 0xFF, 0xF7, 0xFD, 0xEE, 0x9F, 0x26, 0x43, 0x59, 0x34, 0x4C,
    0x59, 0x43, 0x43, 0x59, 0x59, 0x71, 0x70, 0x78, 0x7D, 0x79, 0x87, 0x79, 0x5A, 0x5B, 0x61, 0x62, 0x79, 0x89, 0x93, 0x9C,
    0x8E, 0x77, 0x90, 0x5B, 0x6D, 0xA0, 0x7A, 0x80, 0x84, 0x8B, 0x90, 0x8E, 0x7A, 0xA3, 0x95, 0x79, 0x6C, 0x83, 0x77, 0x68,
    0x70, 0x72, 0x8C, 0x72, 0x78, 0x98, 0x8D, 0x8C, 0x83, 0xAC, 0xAB, 0x8A, 0x92, 0x8C, 0x95, 0x94, 0x8F, 0x71, 0x89, 0xA3,
    0x9C, 0xA9, 0xA5, 0x94, 0xA5, 0xA8, 0xA6, 0xA9, 0x9E, 0xA9, 0xA9, 0x94, 0xA8, 0x9D, 0x93, 0x93, 0x93, 0x90, 0xA3, 0xA3,
    0xA7, 0xAE, 0xA3, 0xA3, 0xA0, 0xB4, 0xB7, 0xAF, 0xB1, 0xC2, 0xD1, 0xD5, 0xD1, 0xCB, 0xFF, 0xFF, 0xFF, 0xFF, 0xFF, 0xFF,
    0xFF, 0xFF, 0xFF, 0xFF, 0xFF, 0xFF, 0x56, 0x56, 0x5C, 0x54, 0x4C, 0x56, 0x5F, 0x53, 0x69, 0x48, 0x2D, 0x3F, 0x66, 0x68,
    0x58, 0x53, 0x51, 0x55, 0x4C, 0x3E, 0x4B, 0x59, 0x48, 0x51, 0x5C, 0x38, 0x51, 0x6A, 0x70, 0x5F, 0x58, 0x59, 0x3F, 0x38,
    0x41, 0x3A, 0x3A, 0x33, 0x36, 0x4B, 0x44, 0x2D, 0x2D, 0x22, 0x1E, 0x27, 0x65, 0x3A, 0x59, 0x66, 0x7F, 0x9A, 0x44, 0x48,
    0x36, 0x44, 0x4B, 0x3F, 0x43, 0x3A, 0x26, 0x33, 0x28, 0x38, 0x41, 0x33, 0x44, 0x2D, 0x3A, 0x44, 0x2D, 0x41, 0x26, 0x2D,
    0x27, 0x1E, 0x27, 0x27, 0x26, 0x27, 0x27, 0x42, 0x27, 0x1E, 0x26, 0x2D, 0x35, 0x34, 0x44, 0x4D, 0x33, 0x33, 0x43, 0x43,
    0x41, 0x42, 0x6A, 0x59, 0x47, 0x66, 0x58, 0x59, 0x6C, 0x39, 0x9F, 0xFC, 0xF1, 0xF8, 0xFF, 0xFF, 0xFF, 0xFF, 0xFF, 0xF2,
    0xFD, 0xEB, 0xAE, 0xFC, 0xF2, 0xF6, 0xFF, 0xFF, 0xFF, 0xF8, 0xF6, 0xF0, 0xDD, 0x55, 0x25, 0x2F, 0x41, 0x45, 0x56, 0x41,
    0x45, 0x65, 0x65, 0x69, 0x4C, 0x5E, 0x7E, 0x6C, 0x85, 0xA0, 0xA0, 0x73, 0x73, 0x6C, 0x74, 0x62, 0x79, 0x88, 0x84, 0x96,
    0x9E, 0x87, 0x73, 0x61, 0x74, 0x88, 0x74, 0x61, 0x97, 0x9A, 0x99, 0xA7, 0x90, 0x9D, 0x7A, 0x79, 0x78, 0x7F, 0x62, 0x70,
    0x67, 0x77, 0x8F, 0x83, 0x9C, 0x85, 0x6A, 0x8D, 0x88, 0xAC, 0xAA, 0xA3, 0xA0, 0x9A, 0x93, 0x8C, 0x84, 0x88, 0xA3, 0x89,
    0x99, 0x9C, 0x94, 0x95, 0x93, 0x9B, 0x9E, 0xA9, 0x88, 0x8A, 0x9D, 0xAF, 0xAD, 0x8E, 0x9E, 0x92, 0x9D, 0xA9, 0xA5, 0x9B,
    0xA3, 0x9A, 0x9E, 0x8B, 0x9E, 0x94, 0xB4, 0xAE, 0xAC, 0xAF, 0xC4, 0xD1, 0xC4, 0xBF, 0xB6, 0xFF, 0xFF, 0xFF, 0xFF, 0xFF,
    0xFF, 0xFF, 0xFF, 0xFF, 0xFF, 0xFF, 0x4A, 0x69, 0x5F, 0x5F, 0x4B, 0x56, 0x53, 0x56, 0x4D, 0x42, 0x3E, 0x3E, 0x5F, 0x6F,
    0x56, 0x3E, 0x3E, 0x4F, 0x4A, 0x37, 0x2B, 0x2D, 0x3A, 0x46, 0x56, 0x2D, 0x40, 0x7C, 0x53, 0x5C, 0x3E, 0x36, 0x4B, 0x48,
    0x2D, 0x3E, 0x2F, 0x38, 0x47, 0x36, 0x4D, 0x3E, 0x2D, 0x28, 0x1E, 0x41, 0x66, 0x5F, 0x66, 0x45, 0x65, 0x72, 0x33, 0x4D,
    0x5F, 0x51, 0x4B, 0x36, 0x35, 0x3A, 0x26, 0x33, 0x26, 0x2D, 0x41, 0x2D, 0x47, 0x1E, 0x3A, 0x3A, 0x41, 0x36, 0x22, 0x22,
    0x1D, 0x1E, 0x28, 0x27, 0x28, 0x22, 0x3A, 0x4D, 0x1D, 0x27, 0x28, 0x44, 0x42, 0x40, 0x4B, 0x45, 0x41, 0x44, 0x43, 0x43,
    0x2D, 0x2D, 0x36, 0x48, 0x4D, 0x4D, 0x4D, 0x48, 0x3F, 0x37, 0xB0, 0xFC, 0xF1, 0xF8, 0xFF, 0xFF, 0xFF, 0xFE, 0xF4, 0xF5,
    0xEF, 0x71, 0x33, 0xED, 0xFE, 0xF1, 0xFF, 0xFF, 0xFF, 0xF6, 0xFD, 0xEF, 0x40, 0x41, 0x61, 0x40, 0x48, 0x57, 0x40, 0x44,
    0x47, 0x68, 0x4D, 0x44, 0x54, 0x6E, 0x6C, 0x75, 0x9C, 0x9F, 0xA8, 0x5E, 0x76, 0x87, 0x73, 0x60, 0x7A, 0x87, 0x79, 0x97,
    0xAB, 0xA0, 0x74, 0x5D, 0x7A, 0x7E, 0x6A, 0x5E, 0x74, 0x99, 0x99, 0x9D, 0x8C, 0x77, 0x98, 0x99, 0x98, 0x75, 0x6C, 0x85,
    0x80, 0x91, 0xA8, 0x91, 0x9B, 0x8D, 0x77, 0x77, 0x8C, 0x9E, 0x87, 0xA3, 0x99, 0x95, 0xA8, 0x93, 0x81, 0x8E, 0x8B, 0x7A,
    0x8A, 0x8E, 0x95, 0x95, 0x8D, 0xAC, 0xA6, 0x8E, 0x8F, 0x83, 0xA9, 0xA3, 0xA5, 0x96, 0xA7, 0x88, 0xAE, 0xAB, 0x93, 0x8D,
    0xA3, 0xA0, 0xAD, 0x90, 0xAF, 0x91, 0x9C, 0xA7, 0x9E, 0xAB, 0xC4, 0xD9, 0xBA, 0xC7, 0xC0, 0xFF, 0xFF, 0xFF, 0xFF, 0xFF,
    0xFF, 0xFF, 0xFF, 0xFF, 0xFF, 0xFF, 0x5F, 0x5F, 0x5F, 0x56, 0x53, 0x56, 0x56, 0x68, 0x33, 0x38, 0x5C, 0x40, 0x4F, 0x5C,
    0x5C, 0x40, 0x2D, 0x38, 0x4E, 0x2B, 0x28, 0x47, 0x3A, 0x4C, 0x47, 0x27, 0x69, 0x5F, 0x65, 0x66, 0x39, 0x3A, 0x36, 0x33,
    0x3E, 0x6E, 0x2F, 0x28, 0x3A, 0x56, 0x4C, 0x51, 0x3F, 0x2D, 0x3A, 0x45, 0x59, 0x5C, 0x51, 0x4C, 0x58, 0x5C, 0x4B, 0x45,
    0x6C, 0x6D, 0x6B, 0x38, 0x26, 0x56, 0x28, 0x26, 0x3A, 0x2D, 0x33, 0x44, 0x44, 0x33, 0x44, 0x3A, 0x27, 0x28, 0x26, 0x26,
    0x26, 0x27, 0x28, 0x41, 0x26, 0x1E, 0x37, 0x41, 0x26, 0x27, 0x27, 0x43, 0x45, 0x4D, 0x58, 0x64, 0x3F, 0x53, 0x38, 0x47,
    0x41, 0x41, 0x41, 0x44, 0x3E, 0x54, 0x6A, 0x48, 0x54, 0x2C, 0xB0, 0xFC, 0xF3, 0xFF, 0xFF, 0xFF, 0xFF, 0xF2, 0xF0, 0xF3,
    0x9A, 0x26, 0x27, 0xBA, 0xFE, 0xF2, 0xFF, 0xFF, 0xFE, 0xFA, 0xFF, 0xF0, 0x5F, 0x41, 0x37, 0x47, 0x36, 0x43, 0x30, 0x3C,
    0x59, 0x51, 0x48, 0x42, 0x51, 0x6C, 0x61, 0x7F, 0xA3, 0x9D, 0x73, 0x5B, 0x92, 0x78, 0x84, 0x77, 0x78, 0x84, 0x97, 0x98,
    0xA0, 0x89, 0x8E, 0x78, 0x90, 0x75, 0x74, 0x90, 0x78, 0x8A, 0x9A, 0x99, 0x94, 0x8F, 0x78, 0x99, 0xA3, 0x78, 0x60, 0x6E,
    0x72, 0x90, 0xAA, 0x88, 0xAF, 0xAA, 0x84, 0x8E, 0x90, 0x9A, 0x98, 0x86, 0x96, 0xA9, 0x96, 0x96, 0x86, 0x7F, 0x89, 0x9B,
    0x8C, 0x82, 0x80, 0x8D, 0x86, 0x8E, 0xA9, 0xA8, 0xA8, 0xA9, 0x9E, 0xA6, 0x95, 0x9C, 0xA5, 0x90, 0x96, 0x83, 0x80, 0x89,
    0x70, 0x8B, 0xA8, 0x94, 0xA0, 0x9A, 0xA6, 0x92, 0xA3, 0xD2, 0xD1, 0xC6, 0xBF, 0xC6, 0xC7, 0xFF, 0xFF, 0xFF, 0xFF, 0xFF,
    0xFF, 0xFF, 0xFF, 0xFF, 0xFF, 0xFF, 0x56, 0x7B, 0x6E, 0x59, 0x66, 0x71, 0x59, 0x3F, 0x3A, 0x38, 0x3F, 0x4A, 0x53, 0x6E,
    0x4F, 0x3E, 0x3E, 0x38, 0x46, 0x20, 0x28, 0x59, 0x41, 0x53, 0x51, 0x4B, 0x5F, 0x5F, 0x5F, 0x4F, 0x3E, 0x5C, 0x3F, 0x28,
    0x38, 0x7E, 0x53, 0x36, 0x3A, 0x4B, 0x38, 0x2D, 0x3A, 0x38, 0x3A, 0x4C, 0x59, 0x65, 0x56, 0x47, 0x4B, 0x5C, 0x46, 0x64,
    0x6C, 0x6D, 0x6F, 0x47, 0x26, 0x3F, 0x1E, 0x28, 0x3A, 0x34, 0x38, 0x45, 0x3A, 0x44, 0x64, 0x4B, 0x26, 0x26, 0x27, 0x26,
    0x27, 0x33, 0x41, 0x4B, 0x42, 0x33, 0x41, 0x33, 0x26, 0x1E, 0x1D, 0x33, 0x48, 0x64, 0x4D, 0x44, 0x44, 0x33, 0x47, 0x4B,
    0x3A, 0x45, 0x45, 0x64, 0x64, 0x45, 0x66, 0x44, 0x3E, 0x26, 0xDA, 0xFD, 0xF1, 0xFF, 0xFF, 0xFF, 0xFF, 0xF0, 0xFC, 0xE6,
    0x1D, 0x47, 0x54, 0x4A, 0xEE, 0xFF, 0xF7, 0xFE, 0xFF, 0xFF, 0xF5, 0xFE, 0xB0, 0x23, 0x31, 0x3A, 0x46, 0x5E, 0x5A, 0x4A,
    0x6C, 0x48, 0x55, 0x48, 0x4D, 0x54, 0x68, 0x61, 0x84, 0x96, 0x73, 0x73, 0x8C, 0x84, 0x87, 0x78, 0x7D, 0x7F, 0x74, 0x78,
    0x7E, 0x77, 0x77, 0x78, 0x6D, 0x86, 0x6C, 0x61, 0x76, 0x6E, 0x8A, 0x87, 0x90, 0x93, 0x7C, 0x8A, 0xA0, 0x7D, 0x60, 0x8E,
    0x54, 0x67, 0x8E, 0x9B, 0xA5, 0x90, 0x93, 0xA9, 0xAB, 0x9B, 0x9F, 0x98, 0xA6, 0xB1, 0xA9, 0x9C, 0x94, 0x84, 0x94, 0x8C,
    0x8C, 0x8A, 0x6B, 0x8C, 0x95, 0x8B, 0x8D, 0xA6, 0xAD, 0xB2, 0x85, 0x91, 0x85, 0x7F, 0x91, 0xA3, 0x95, 0x93, 0x6E, 0x70,
    0x75, 0x72, 0x84, 0x9D, 0x9E, 0xA3, 0xAF, 0xA8, 0xAD, 0xBA, 0xC4, 0xC7, 0xC7, 0xB9, 0xBE, 0xFF, 0xFF, 0xFF, 0xFF, 0xFF,
    0xFF, 0xFF, 0xFF, 0xFF, 0xFF, 0x55, 0x53, 0x61, 0x5C, 0x4D, 0x59, 0x56, 0x55, 0x3E, 0x3A, 0x3E, 0x38, 0x40, 0x3E, 0x3E,
    0x38, 0x2D, 0x40, 0x47, 0x4B, 0x2D, 0x47, 0x48, 0x4B, 0x56, 0x4C, 0x3F, 0x59, 0x51, 0x5C, 0x7B, 0x60, 0x5C, 0x7E, 0x46,
    0x2D, 0x3E, 0x69, 0x4B, 0x47, 0x4B, 0x3A, 0x41, 0x2D, 0x3A, 0x38, 0x4B, 0x53, 0x61, 0x7A, 0x59, 0x41, 0x66, 0x40, 0x39,
    0x9A, 0x5F, 0x7E, 0x4B, 0x20, 0x2D, 0x26, 0x2D, 0x2D, 0x44, 0x28, 0x38, 0x2D, 0x2D, 0x48, 0x41, 0x27, 0x26, 0x22, 0x27,
    0x2D, 0x38, 0x47, 0x3C, 0x48, 0x36, 0x34, 0x26, 0x1D, 0x2D, 0x27, 0x41, 0x64, 0x45, 0x64, 0x58, 0x58, 0x3A, 0x3A, 0x48,
    0x44, 0x64, 0x65, 0x65, 0x45, 0x45, 0x64, 0x41, 0x51, 0x22, 0xE6, 0xFF, 0xF5, 0xFF, 0xFF, 0xFF, 0xF6, 0xF3, 0xEE, 0x38,
    0x2B, 0x2F, 0x3A, 0x25, 0xE6, 0xFC, 0xF1, 0xFE, 0xFF, 0xFF, 0xF5, 0xFF, 0xED, 0x1F, 0x3B, 0x3F, 0x5E, 0x5E, 0x6A, 0x4C,
    0x6B, 0x67, 0x5C, 0x58, 0x49, 0x57, 0x71, 0x7F, 0x8B, 0x78, 0x7A, 0x9B, 0x88, 0x84, 0x74, 0x79, 0x68, 0x72, 0x7A, 0x89,
    0x8A, 0x75, 0x62, 0x73, 0x61, 0x78, 0x77, 0x74, 0x73, 0x6A, 0x8E, 0x8C, 0x95, 0xA5, 0x75, 0x7D, 0x99, 0x74, 0x68, 0x70,
    0x68, 0x72, 0x70, 0x94, 0xA9, 0xA8, 0x93, 0x83, 0x99, 0x92, 0x79, 0x87, 0x86, 0xB1, 0x94, 0x94, 0xA5, 0x94, 0x72, 0x86,
    0x57, 0x94, 0x90, 0x8C, 0x93, 0x94, 0x9C, 0xA7, 0x91, 0xA6, 0xA9, 0x94, 0x91, 0x8B, 0x86, 0x9B, 0x95, 0xA3, 0x5F, 0x6F,
    0x81, 0x66, 0x92, 0x9D, 0x90, 0xAA, 0xA5, 0xA7, 0xB3, 0xAE, 0xBE, 0xC5, 0xC5, 0xAF, 0xBF, 0xD4, 0xFF, 0xFF, 0xFF, 0xFF,
    0xFF, 0xFF, 0xFF, 0xFF, 0xFF, 0x4C, 0x5F, 0x5C, 0x56, 0x54, 0x4A, 0x22, 0x69, 0x55, 0x2D, 0x3F, 0x3A, 0x4B, 0x3F, 0x30,
    0x2D, 0x34, 0x3C, 0x3E, 0x4C, 0x38, 0x3A, 0x3A, 0x56, 0x6E, 0x5F, 0x3E, 0x5F, 0x5F, 0x51, 0x68, 0x5F, 0x30, 0x4B, 0x3E,
    0x2B, 0x51, 0x38, 0x28, 0x3A, 0x3E, 0x3F, 0x4B, 0x3A, 0x47, 0x3A, 0x59, 0x48, 0x71, 0x6F, 0x4B, 0x44, 0x56, 0x56, 0x75,
    0xA0, 0x5E, 0x86, 0x2D, 0x2D, 0x28, 0x28, 0x2F, 0x28, 0x2D, 0x28, 0x51, 0x41, 0x27, 0x44, 0x33, 0x45, 0x27, 0x1E, 0x34,
    0x35, 0x36, 0x46, 0x5C, 0x3A, 0x27, 0x25, 0x26, 0x1E, 0x26, 0x41, 0x69, 0x58, 0x45, 0x45, 0x4D, 0x4D, 0x53, 0x36, 0x45,
    0x64, 0x7C, 0x56, 0x64, 0x64, 0x64, 0x44, 0x43, 0x3A, 0x6C, 0xEE, 0xFF, 0xFA, 0xFF, 0xFF, 0xFB, 0xF0, 0xFC, 0xAF, 0x15,
    0x2D, 0x4B, 0x44, 0x35, 0x98, 0xF1, 0xF2, 0xF8, 0xFE, 0xFF, 0xFA, 0xFF, 0xEE, 0x37, 0x4D, 0x5B, 0x57, 0x4A, 0x52, 0x59,
    0x4C, 0x58, 0x57, 0x6E, 0x5E, 0x7C, 0x7B, 0x98, 0x94, 0x6C, 0x7A, 0x8D, 0x8B, 0x79, 0x73, 0x79, 0x77, 0x70, 0x70, 0x70,
    0x97, 0x76, 0x6D, 0x62, 0x62, 0x70, 0x82, 0x6D, 0x84, 0x84, 0x86, 0xA3, 0x8E, 0x84, 0x6D, 0x88, 0x7F, 0x5E, 0x7A, 0x61,
    0x66, 0x7E, 0x8F, 0x92, 0xA0, 0x9A, 0x9A, 0x89, 0x9B, 0x89, 0x78, 0x8E, 0x93, 0xA3, 0x78, 0x95, 0xAA, 0xAD, 0x95, 0x9B,
    0x84, 0x88, 0xA0, 0x83, 0x93, 0x94, 0xAC, 0x94, 0x92, 0x88, 0x95, 0x9E, 0x91, 0x93, 0x9D, 0xAB, 0xA6, 0xB3, 0x9A, 0x91,
    0x9C, 0xA7, 0xB9, 0xA0, 0xA3, 0xB1, 0xB6, 0xA7, 0xC1, 0xBB, 0xBC, 0xB7, 0xC5, 0xC7, 0xC0, 0xD1, 0xFF, 0xFF, 0xFF, 0xFF,
    0xFF, 0xFF, 0xFF, 0xFF, 0xFF, 0x53, 0x5E, 0x53, 0x40, 0x56, 0x4A, 0x38, 0x40, 0x56, 0x38, 0x47, 0x4E, 0x47, 0x43, 0x38,
    0x2D, 0x2F, 0x3E, 0x56, 0x3A, 0x4B, 0x5F, 0x34, 0x61, 0x53, 0x40, 0x4E, 0x56, 0x58, 0x51, 0x51, 0x49, 0x53, 0x51, 0x2D,
    0x28, 0x41, 0x4B, 0x47, 0x48, 0x5C, 0x56, 0x3A, 0x2D, 0x3A, 0x3A, 0x55, 0x45, 0x64, 0x65, 0x48, 0x4D, 0x44, 0x28, 0x78,
    0x9F, 0x6B, 0x57, 0x28, 0x22, 0x22, 0x27, 0x28, 0x33, 0x3A, 0x28, 0x3F, 0x28, 0x26, 0x4D, 0x3A, 0x44, 0x2D, 0x26, 0x3A,
    0x33, 0x41, 0x57, 0x54, 0x23, 0x33, 0x3C, 0x28, 0x33, 0x27, 0x33, 0x65, 0x54, 0x5E, 0x6B, 0x6B, 0x48, 0x42, 0x45, 0x69,
    0x82, 0x8B, 0x58, 0x66, 0x41, 0x44, 0x4D, 0x45, 0x42, 0xA6, 0xFC, 0xFE, 0xFF, 0xFF, 0xFF, 0xFA, 0xF3, 0xF3, 0x69, 0x1D,
    0x1D, 0x2D, 0x41, 0x44, 0x2C, 0xED, 0xFC, 0xF5, 0xFF, 0xFF, 0xFF, 0xF6, 0xF0, 0x90, 0x33, 0x4E, 0x39, 0x3A, 0x55, 0x42,
    0x4B, 0x4C, 0x4B, 0x66, 0x85, 0x74, 0x7A, 0x90, 0x75, 0x5B, 0x92, 0x6D, 0x84, 0x73, 0x9F, 0x76, 0x70, 0x76, 0x78, 0x78,
    0x7A, 0x84, 0x6C, 0x7C, 0x77, 0x68, 0x82, 0x7C, 0x7D, 0x9A, 0x80, 0x8E, 0x79, 0x8B, 0x83, 0x6B, 0x5E, 0x88, 0x74, 0x7D,
    0x80, 0x86, 0x85, 0x8C, 0x96, 0x9A, 0x8A, 0x92, 0xA8, 0x8D, 0x8D, 0xA8, 0x8E, 0x8B, 0x83, 0x85, 0x89, 0x9D, 0x90, 0x94,
    0x94, 0x94, 0xA7, 0xAA, 0x9B, 0x92, 0xA9, 0x7E, 0x94, 0x9E, 0xBA, 0xAE, 0xAF, 0xB9, 0xBA, 0xBF, 0xB3, 0xB3, 0xB9, 0xA9,
    0xB4, 0xAA, 0xB2, 0xAD, 0xAC, 0xB5, 0xB1, 0xAD, 0xAB, 0xAD, 0xC4, 0xD5, 0xC7, 0xCE, 0xC6, 0xBE, 0xFF, 0xFF, 0xFF, 0xFF,
    0xFF, 0xFF, 0xFF, 0xFF, 0xFF, 0x3E, 0x5C, 0x53, 0x56, 0x49, 0x4C, 0x5C, 0x55, 0x5C, 0x53, 0x46, 0x5C, 0x3E, 0x3E, 0x3F,
    0x3E, 0x3E, 0x38, 0x40, 0x3A, 0x4C, 0x6E, 0x51, 0x75, 0x53, 0x36, 0x40, 0x56, 0x51, 0x6F, 0x53, 0x51, 0x3E, 0x51, 0x3A,
    0x26, 0x28, 0x3E, 0x4B, 0x56, 0x5F, 0x38, 0x3A, 0x2D, 0x2D, 0x2D, 0x4D, 0x59, 0x64, 0x66, 0x3A, 0x3A, 0x41, 0x33, 0x68,
    0x7B, 0x58, 0x71, 0x28, 0x1E, 0x26, 0x26, 0x26, 0x27, 0x28, 0x28, 0x3F, 0x26, 0x33, 0x47, 0x26, 0x3A, 0x28, 0x3A, 0x4D,
    0x38, 0x64, 0x45, 0x51, 0x26, 0x33, 0x3E, 0x51, 0x33, 0x34, 0x33, 0x44, 0x45, 0x66, 0x58, 0x58, 0x65, 0x67, 0x59, 0x7E,
    0x8C, 0x65, 0x67, 0x45, 0x65, 0x67, 0x4A, 0x43, 0x59, 0xB0, 0xF6, 0xF5, 0xFF, 0xFF, 0xFB, 0xF5, 0xFC, 0xEB, 0x1E, 0x2A,
    0x27, 0x3A, 0x41, 0x59, 0x43, 0x9B, 0xF0, 0xF5, 0xF6, 0xFF, 0xFF, 0xF1, 0xFD, 0xEB, 0x23, 0x3C, 0x61, 0x41, 0x68, 0x77,
    0x4C, 0x8C, 0x8C, 0x7E, 0x6C, 0x67, 0x8A, 0x7F, 0x86, 0x76, 0x78, 0x87, 0x87, 0x88, 0x7A, 0x62, 0x75, 0x57, 0x80, 0x77,
    0x78, 0x77, 0x70, 0x77, 0x77, 0x61, 0x74, 0x62, 0x84, 0x98, 0x7C, 0x6B, 0xA0, 0x9F, 0x79, 0x6C, 0x6D, 0x84, 0x6D, 0x68,
    0x81, 0x8E, 0x92, 0x96, 0x9E, 0x9C, 0x81, 0x8C, 0x99, 0x8C, 0x93, 0x84, 0x77, 0x8E, 0x9D, 0x91, 0x85, 0x84, 0x95, 0x9A,
    0x7A, 0xB2, 0xA7, 0x94, 0x90, 0xA9, 0xA9, 0x86, 0x8B, 0xAA, 0xA3, 0xB3, 0xB4, 0xC4, 0xBE, 0xC1, 0xAF, 0xA9, 0xA8, 0xAA,
    0xA8, 0x93, 0x94, 0xB2, 0x96, 0x9E, 0xA8, 0xA7, 0xA3, 0xBF, 0xBE, 0xB9, 0xBF, 0xC1, 0xC4, 0xD2, 0xFF, 0xFF, 0xFF, 0xFF,
    0xFF, 0xFF, 0xFF, 0xFF, 0x51, 0x53, 0x5C, 0x51, 0x53, 0x53, 0x2F, 0x2D, 0x3E, 0x69, 0x66, 0x4F, 0x4B, 0x3D, 0x53, 0x4B,
    0x51, 0x3F, 0x4B, 0x3F, 0x4B, 0x6B, 0x51, 0x5C, 0x5C, 0x5F, 0x40, 0x3E, 0x69, 0x56, 0x4F, 0x53, 0x3E, 0x3F, 0x55, 0x53,
    0x34, 0x2D, 0x28, 0x45, 0x4D, 0x4C, 0x35, 0x4D, 0x4B, 0x2D, 0x3A, 0x4D, 0x53, 0x4D, 0x64, 0x3A, 0x4B, 0x4D, 0x34, 0x7B,
    0x6D, 0x7B, 0x7A, 0x28, 0x26, 0x26, 0x26, 0x26, 0x25, 0x22, 0x28, 0x38, 0x26, 0x27, 0x34, 0x26, 0x26, 0x27, 0x33, 0x45,
    0x38, 0x44, 0x44, 0x4A, 0x38, 0x43, 0x36, 0x38, 0x38, 0x38, 0x48, 0x43, 0x67, 0x48, 0x48, 0x7C, 0x72, 0x68, 0x56, 0x4D,
    0x6B, 0x68, 0x4C, 0x64, 0x64, 0x4B, 0x3A, 0x42, 0x2C, 0xED, 0xFD, 0xF4, 0xFF, 0xFF, 0xF4, 0xF7, 0xEE, 0x2D, 0x26, 0x28,
    0x33, 0x45, 0x5C, 0x51, 0x66, 0x54, 0xEB, 0xFE, 0xF0, 0xFF, 0xFF, 0xF6, 0xFB, 0xEE, 0x6F, 0x52, 0x7C, 0x67, 0x5F, 0x4E,
    0x7B, 0x81, 0x70, 0x6E, 0x49, 0x67, 0x72, 0x92, 0x88, 0x89, 0x89, 0x88, 0xA8, 0x90, 0x82, 0x70, 0x5E, 0x67, 0x70, 0x70,
    0x90, 0x88, 0x6D, 0x70, 0x8A, 0x60, 0x73, 0x98, 0x79, 0x78, 0x76, 0x7A, 0x98, 0x97, 0x97, 0x97, 0x61, 0x5D, 0x78, 0x5E,
    0x64, 0x8C, 0x5D, 0x92, 0xA5, 0xAA, 0x91, 0x9E, 0x86, 0x8D, 0x83, 0x5F, 0x98, 0xAE, 0x9B, 0x90, 0x75, 0x83, 0x84, 0x7A,
    0x93, 0xA9, 0xA0, 0x93, 0x96, 0x9C, 0xA6, 0x84, 0x90, 0x88, 0xA3, 0xB2, 0xA9, 0xAE, 0xAB, 0xAF, 0xAE, 0x95, 0xAE, 0xA6,
    0xB2, 0xAA, 0xB4, 0x99, 0xA9, 0xB2, 0x9D, 0xA3, 0xA5, 0xB3, 0xC1, 0xB7, 0xBD, 0xC6, 0xC3, 0xC5, 0xC0, 0xFF, 0xFF, 0xFF,
    0xFF, 0xFF, 0xFF, 0xFF, 0x51, 0x5C, 0x53, 0x51, 0x66, 0x49, 0x3E, 0x4B, 0x3A, 0x47, 0x66, 0x4C, 0x59, 0x6A, 0x4F, 0x4B,
    0x4C, 0x53, 0x51, 0x51, 0x55, 0x54, 0x2F, 0x3E, 0x3E, 0x49, 0x40, 0x53, 0x5C, 0x55, 0x40, 0x59, 0x47, 0x44, 0x5F, 0x3F,
    0x41, 0x3A, 0x41, 0x41, 0x45, 0x44, 0x4B, 0x5C, 0x5F, 0x3A, 0x3A, 0x47, 0x51, 0x56, 0x4D, 0x3A, 0x4B, 0x48, 0x5C, 0x77,
    0x57, 0x7B, 0x82, 0x26, 0x26, 0x27, 0x28, 0x22, 0x3E, 0x1E, 0x36, 0x28, 0x26, 0x26, 0x2D, 0x1E, 0x27, 0x27, 0x1D, 0x28,
    0x27, 0x39, 0x74, 0x2D, 0x44, 0x48, 0x47, 0x4D, 0x41, 0x41, 0x48, 0x48, 0x68, 0x80, 0x6B, 0x8F, 0x81, 0x68, 0x4D, 0x64,
    0x4D, 0x69, 0x66, 0x64, 0x4D, 0x44, 0x4D, 0x4D, 0x6B, 0xEF, 0xFC, 0xF9, 0xFF, 0xFF, 0xF0, 0xFD, 0xED, 0x22, 0x4B, 0x2B,
    0x26, 0x34, 0x4B, 0x36, 0x48, 0x3A, 0x61, 0xEF, 0xF9, 0xF4, 0xFF, 0xF8, 0xFB, 0xEF, 0x59, 0x38, 0x3E, 0x5E, 0x5F, 0x5C,
    0x75, 0x4A, 0x51, 0x55, 0x4A, 0x6B, 0x82, 0x87, 0x9C, 0x94, 0x87, 0x9B, 0x8E, 0x88, 0x87, 0x5B, 0x6A, 0x71, 0x8A, 0x8F,
    0x82, 0x74, 0x7E, 0x86, 0x74, 0x87, 0x73, 0x87, 0x9A, 0x84, 0x87, 0xA0, 0x99, 0x9F, 0x79, 0x8E, 0x5C, 0x6C, 0x6C, 0x70,
    0x47, 0x6C, 0x7D, 0x68, 0x91, 0xA6, 0x93, 0x96, 0x7B, 0x85, 0x82, 0x75, 0xA0, 0xAB, 0x5E, 0x7E, 0x78, 0x82, 0x70, 0x76,
    0x8D, 0x94, 0x8B, 0x94, 0xA3, 0x92, 0x94, 0x9D, 0x91, 0xAA, 0xB1, 0xAE, 0xAC, 0xA3, 0xBA, 0xA9, 0xAF, 0x91, 0x92, 0x89,
    0xAF, 0xA0, 0x92, 0xA6, 0xB4, 0xA8, 0xAC, 0xB2, 0xAE, 0xB1, 0xBB, 0xC7, 0xD2, 0xCB, 0xB7, 0xC3, 0xBC, 0xFF, 0xFF, 0xFF,
    0xFF, 0xFF, 0xFF, 0xFF, 0x30, 0x3D, 0x3E, 0x31, 0x2F, 0x3E, 0x5C, 0x5F, 0x55, 0x40, 0x71, 0x53, 0x5C, 0x7C, 0x56, 0x4C,
    0x42, 0x59, 0x5F, 0x4B, 0x69, 0x6E, 0x3C, 0x3B, 0x31, 0x40, 0x5F, 0x69, 0x4E, 0x2E, 0x57, 0x38, 0x4B, 0x4D, 0x4B, 0x4B,
    0x3F, 0x3E, 0x38, 0x40, 0x51, 0x56, 0x4D, 0x3A, 0x4C, 0x4B, 0x4C, 0x59, 0x69, 0x71, 0x3F, 0x4B, 0x3E, 0x4B, 0x66, 0x93,
    0x58, 0x36, 0x65, 0x1D, 0x1D, 0x26, 0x2D, 0x26, 0x33, 0x27, 0x2C, 0x1D, 0x1D, 0x1E, 0x22, 0x1D, 0x15, 0x1D, 0x1D, 0x22,
    0x25, 0x6B, 0x6C, 0x33, 0x41, 0x38, 0x28, 0x2D, 0x2D, 0x44, 0x6E, 0x6D, 0x58, 0x54, 0x67, 0x5D, 0x80, 0x65, 0x80, 0x80,
    0x65, 0x4D, 0x6A, 0x4C, 0x4D, 0x45, 0x58, 0x64, 0x4B, 0xEE, 0xFC, 0xFA, 0xFF, 0xFA, 0xF3, 0xF0, 0x7D, 0x2D, 0x3E, 0x35,
    0x44, 0x28, 0x28, 0x2B, 0x2D, 0x3C, 0x42, 0xC8, 0xF0, 0xF2, 0xFF, 0xF6, 0xF2, 0xEF, 0xA0, 0x46, 0x6F, 0x60, 0x57, 0x57,
    0x65, 0x48, 0x61, 0x61, 0x57, 0x6A, 0x7A, 0x8B, 0xAB, 0xAC, 0x91, 0x90, 0x8E, 0x8F, 0x75, 0x6C, 0x75, 0x86, 0x88, 0x86,
    0x90, 0x75, 0x8D, 0x85, 0x86, 0x88, 0x78, 0x78, 0x88, 0x92, 0x91, 0x79, 0x9D, 0x77, 0x6D, 0x5E, 0x84, 0x75, 0x2F, 0x55,
    0x52, 0x6B, 0x84, 0x7F, 0x9B, 0xAA, 0xA9, 0x86, 0x8E, 0x75, 0x91, 0x85, 0xAE, 0x9B, 0x8F, 0x92, 0x85, 0x7A, 0x85, 0x70,
    0x9E, 0x92, 0x93, 0x8E, 0x9E, 0x8E, 0x9D, 0x9D, 0xA9, 0x9B, 0x9C, 0xBB, 0xA5, 0xA9, 0xB9, 0xB1, 0x9E, 0xB1, 0x94, 0x96,
    0x99, 0xA8, 0x96, 0xA9, 0xAA, 0x9C, 0xA5, 0xB5, 0xA7, 0xBF, 0xC7, 0xC5, 0xCF, 0xBB, 0xBC, 0xBE, 0xC7, 0xFF, 0xFF, 0xFF,
    0xFF, 0xFF, 0xFF, 0xFF, 0x61, 0x55, 0x49, 0x4F, 0x3E, 0x51, 0x58, 0x53, 0x3F, 0x53, 0x5D, 0x5F, 0x5F, 0x6E, 0x4B, 0x49,
    0x2D, 0x43, 0x55, 0x4C, 0x66, 0x55, 0x4F, 0x50, 0x4E, 0x3E, 0x5C, 0x5E, 0x5F, 0x66, 0x58, 0x3A, 0x38, 0x58, 0x59, 0x53,
    0x34, 0x2D, 0x38, 0x4B, 0x4B, 0x5C, 0x7B, 0x56, 0x3E, 0x41, 0x4C, 0x4C, 0x59, 0x45, 0x56, 0x66, 0x45, 0x48, 0x53, 0x84,
    0x71, 0x3A, 0x6A, 0x1D, 0x1D, 0x27, 0x41, 0x26, 0x3A, 0x41, 0x42, 0x1D, 0x28, 0x2D, 0x28, 0x22, 0x20, 0x1D, 0x1D, 0x1B,
    0x27, 0x4D, 0x7C, 0x33, 0x2D, 0x38, 0x41, 0x41, 0x34, 0x45, 0x2D, 0x70, 0x50, 0x65, 0x41, 0x4B, 0x58, 0x6B, 0x6B, 0x64,
    0x67, 0x67, 0x64, 0x56, 0x64, 0x45, 0x67, 0x45, 0x8D, 0xEF, 0xF6, 0xFA, 0xFF, 0xF5, 0xFC, 0xEE, 0x2D, 0x26, 0x35, 0x3A,
    0x3E, 0x38, 0x38, 0x35, 0x2D, 0x37, 0x60, 0x23, 0xCE, 0xFE, 0xF2, 0xF7, 0xF3, 0xF4, 0xFE, 0xC8, 0x4C, 0x5A, 0x1A, 0x72,
    0x67, 0x42, 0x40, 0x55, 0x71, 0x57, 0x99, 0x88, 0xA0, 0x84, 0x7C, 0x79, 0x95, 0x57, 0x6A, 0x5D, 0x78, 0x92, 0x84, 0x8D,
    0x74, 0x76, 0x79, 0x7B, 0x77, 0x8B, 0x76, 0x78, 0xA0, 0x96, 0x8E, 0x8A, 0x9A, 0x5A, 0x5B, 0x62, 0x60, 0x6E, 0x68, 0x5A,
    0x98, 0x8A, 0x70, 0x83, 0x77, 0xA9, 0xA3, 0x98, 0x98, 0x85, 0x8E, 0x86, 0xA7, 0xA3, 0x9C, 0xA5, 0x6A, 0x75, 0x78, 0x86,
    0xB2, 0x98, 0xA0, 0x85, 0x80, 0x95, 0x99, 0xA3, 0x9A, 0x9B, 0xB5, 0xB5, 0xB1, 0xAA, 0xAA, 0xB9, 0xBF, 0xB5, 0xA3, 0x96,
    0xA6, 0x99, 0xB7, 0x9E, 0x95, 0x9E, 0x9B, 0xAA, 0x96, 0xB2, 0xAF, 0xAD, 0xCA, 0xC3, 0xBF, 0xBE, 0xC4, 0xFF, 0xFF, 0xFF,
    0xFF, 0xFF, 0xFF, 0xFF, 0x7D, 0x7B, 0x4A, 0x30, 0x51, 0x66, 0x59, 0x51, 0x51, 0x5C, 0x51, 0x56, 0x69, 0x7B, 0x51, 0x3E,
    0x47, 0x66, 0x52, 0x4B, 0x4B, 0x53, 0x3B, 0x2E, 0x4E, 0x51, 0x4F, 0x5D, 0x77, 0x4A, 0x3E, 0x56, 0x65, 0x4C, 0x4C, 0x3A,
    0x56, 0x43, 0x41, 0x42, 0x59, 0x59, 0x51, 0x51, 0x4C, 0x45, 0x56, 0x40, 0x44, 0x41, 0x45, 0x65, 0x65, 0x69, 0x4A, 0x8E,
    0x4B, 0x3A, 0x5F, 0x26, 0x26, 0x28, 0x27, 0x33, 0x45, 0x44, 0x34, 0x28, 0x2D, 0x40, 0x38, 0x33, 0x45, 0x3A, 0x28, 0x28,
    0x2F, 0x7B, 0x76, 0x3F, 0x44, 0x28, 0x30, 0x42, 0x42, 0x23, 0x23, 0x4F, 0x30, 0x33, 0x35, 0x58, 0x7C, 0x68, 0x4D, 0x67,
    0x4D, 0x64, 0x45, 0x43, 0x58, 0x67, 0x6B, 0x41, 0xD1, 0xFC, 0xF0, 0xFE, 0xFF, 0xF6, 0xF3, 0xAD, 0x42, 0x35, 0x2D, 0x38,
    0x33, 0x47, 0x47, 0x38, 0x3E, 0x40, 0x3F, 0x4C, 0x4C, 0xEF, 0xFC, 0xF3, 0xFE, 0xF5, 0xFF, 0xEB, 0x4E, 0x5A, 0x32, 0x70,
    0x6A, 0x4C, 0x5C, 0x54, 0x6F, 0x7D, 0x89, 0xA7, 0xA0, 0x9F, 0x79, 0x89, 0x7A, 0x78, 0x78, 0x75, 0x70, 0x8C, 0x94, 0x98,
    0x77, 0x7B, 0x75, 0x87, 0x8A, 0x89, 0x89, 0x99, 0xAE, 0x9B, 0x86, 0x78, 0x9F, 0x62, 0x5A, 0x73, 0x62, 0x61, 0x6D, 0x5B,
    0x8B, 0x87, 0x79, 0x92, 0x93, 0xAE, 0xAB, 0x9C, 0xA6, 0x85, 0x94, 0x8A, 0x88, 0x90, 0xAA, 0x96, 0x7D, 0x6C, 0x89, 0xAF,
    0xA0, 0xA6, 0x9C, 0x7F, 0x9A, 0x91, 0x96, 0xB5, 0xAA, 0xA7, 0xAD, 0xBA, 0x9C, 0xA5, 0xA5, 0xB9, 0xC4, 0xC2, 0xA8, 0xA6,
    0xA5, 0xA5, 0xA9, 0x9D, 0x9B, 0xAF, 0xA8, 0xB2, 0xA9, 0xB1, 0xA9, 0xB1, 0xBB, 0xBF, 0xBB, 0xBF, 0xC4, 0xFF, 0xFF, 0xFF,
    0xFF, 0xFF, 0xFF, 0xFF, 0x77, 0x61, 0x5C, 0x5C, 0x51, 0x6F, 0x3F, 0x3F, 0x53, 0x5F, 0x58, 0x40, 0x5F, 0x5C, 0x5F, 0x38,
    0x47, 0x65, 0x38, 0x2D, 0x53, 0x66, 0x75, 0x4E, 0x49, 0x53, 0x4F, 0x7B, 0x76, 0x5D, 0x5C, 0x5C, 0x5F, 0x4C, 0x53, 0x40,
    0x53, 0x4B, 0x4C, 0x4B, 0x4B, 0x36, 0x38, 0x3A, 0x45, 0x3A, 0x4F, 0x66, 0x4D, 0x44, 0x48, 0x4D, 0x47, 0x36, 0x67, 0x8D,
    0x47, 0x47, 0x71, 0x26, 0x26, 0x2D, 0x26, 0x27, 0x45, 0x67, 0x28, 0x38, 0x27, 0x3E, 0x5C, 0x5F, 0x45, 0x48, 0x47, 0x4B,
    0x53, 0x6A, 0x44, 0x43, 0x4D, 0x3F, 0x3E, 0x26, 0x17, 0x24, 0x65, 0x4C, 0x80, 0x39, 0x6E, 0x53, 0x7C, 0x76, 0x6F, 0x71,
    0x4D, 0x65, 0x54, 0x48, 0x45, 0x67, 0x4B, 0x34, 0xEB, 0xF8, 0xF0, 0xFF, 0xFF, 0xF1, 0xFC, 0x92, 0x26, 0x31, 0x5C, 0x31,
    0x28, 0x53, 0x2D, 0x2D, 0x2D, 0x48, 0x4D, 0x53, 0x2D, 0xEB, 0xFC, 0xF0, 0xF7, 0xF5, 0xFE, 0xED, 0x69, 0x3B, 0x5A, 0x6B,
    0x71, 0x5F, 0x75, 0x52, 0x8C, 0x80, 0x6C, 0xAC, 0xA7, 0xA7, 0xA5, 0x8C, 0x73, 0x86, 0x82, 0x50, 0x70, 0x93, 0x89, 0x87,
    0x79, 0x57, 0x84, 0x88, 0x89, 0x79, 0x73, 0x74, 0x90, 0x84, 0x87, 0x74, 0x79, 0x79, 0x73, 0x9F, 0x84, 0x57, 0x60, 0x78,
    0x5E, 0x83, 0x80, 0x92, 0x92, 0xAA, 0xAE, 0xB1, 0xA3, 0x98, 0xA0, 0x83, 0x83, 0xA7, 0xA9, 0x93, 0x9C, 0x89, 0x8A, 0x91,
    0x97, 0x9C, 0x93, 0x95, 0xCF, 0x99, 0x9C, 0xB3, 0xAF, 0x95, 0xAA, 0xAF, 0x94, 0x9C, 0xAA, 0x96, 0xAF, 0xC1, 0xBA, 0xA4,
    0xA7, 0xB1, 0xA5, 0x94, 0x94, 0xAA, 0xB2, 0xAD, 0xAE, 0xBE, 0xB2, 0xB3, 0xC7, 0xB9, 0xB8, 0xBB, 0xBF, 0xFF, 0xFF, 0xFF,
    0xFF, 0xFF, 0xFF, 0x6F, 0x84, 0x61, 0x61, 0x51, 0x69, 0x66, 0x47, 0x51, 0x3E, 0x59, 0x68, 0x68, 0x5C, 0x5C, 0x64, 0x44,
    0x33, 0x34, 0x28, 0x38, 0x69, 0x66, 0x55, 0x61, 0x51, 0x3E, 0x5C, 0x61, 0x61, 0x6C, 0x51, 0x6E, 0x3C, 0x4B, 0x4B, 0x53,
    0x3F, 0x35, 0x5F, 0x53, 0x45, 0x47, 0x59, 0x51, 0x51, 0x53, 0x48, 0x80, 0x5F, 0x4D, 0x64, 0x4D, 0x66, 0x4C, 0x85, 0x69,
    0x48, 0x59, 0x7E, 0x26, 0x2D, 0x33, 0x33, 0x33, 0x56, 0x58, 0x2A, 0x2D, 0x3A, 0x3F, 0x5C, 0x53, 0x48, 0x59, 0x66, 0x48,
    0x4C, 0x65, 0x48, 0x44, 0x59, 0x53, 0x47, 0x3A, 0x30, 0x31, 0x2B, 0x57, 0x4D, 0x67, 0x4C, 0x59, 0x69, 0x60, 0x69, 0x71,
    0x66, 0x4C, 0x83, 0x6A, 0x45, 0x65, 0x66, 0x66, 0xED, 0xFD, 0xF1, 0xFA, 0xFF, 0xF6, 0xF0, 0x9A, 0x2D, 0x3E, 0x51, 0x4B,
    0x38, 0x2D, 0x59, 0x60, 0x4A, 0x71, 0x6E, 0x53, 0x43, 0xAE, 0xFC, 0xF0, 0xFB, 0xF5, 0xFE, 0xEE, 0x48, 0x29, 0x1A, 0x64,
    0x66, 0x58, 0x3F, 0x55, 0x7D, 0x74, 0x8A, 0x89, 0x90, 0x9C, 0xA9, 0x96, 0x8E, 0x84, 0x7B, 0x97, 0x73, 0x9C, 0x9D, 0x8C,
    0x88, 0x79, 0x84, 0x80, 0x8D, 0x73, 0xA0, 0x98, 0xA3, 0x90, 0x88, 0x8A, 0x5D, 0x5A, 0x9D, 0x79, 0x82, 0x78, 0x8A, 0x84,
    0x75, 0x6D, 0x86, 0x8B, 0x83, 0x94, 0xAE, 0xAB, 0xA5, 0xAD, 0xB3, 0xA6, 0x89, 0xA3, 0xAB, 0x95, 0xA6, 0x76, 0x8A, 0xA6,
    0xA4, 0xA0, 0x95, 0x7D, 0x98, 0x9D, 0xAA, 0xAE, 0xAD, 0x95, 0x9E, 0xBE, 0xAE, 0x9E, 0xA9, 0xB1, 0xB6, 0xB1, 0xBC, 0xAA,
    0xB1, 0xA9, 0xB2, 0xA9, 0xA6, 0xAA, 0xB5, 0xB1, 0xAE, 0xAD, 0xB3, 0xCB, 0xBC, 0xBC, 0xB8, 0xC3, 0xBE, 0xCB, 0xFF, 0xFF,
    0xFF, 0xFF, 0xFF, 0x7B, 0x9A, 0x87, 0x5C, 0x5C, 0x6E, 0x55, 0x5F, 0x4F, 0x3A, 0x47, 0x6E, 0x7B, 0x3E, 0x69, 0x7B, 0x58,
    0x2D, 0x2D, 0x28, 0x2D, 0x56, 0x5F, 0x75, 0x4F, 0x56, 0x51, 0x55, 0x51, 0x38, 0x60, 0x5C, 0x61, 0x4C, 0x48, 0x4D, 0x56,
    0x64, 0x4D, 0x59, 0x56, 0x6B, 0x51, 0x5C, 0x4B, 0x41, 0x64, 0x69, 0x6A, 0x6B, 0x66, 0x6F, 0x67, 0x4D, 0x7B, 0x8A, 0x6A,
    0x64, 0x67, 0x7B, 0x26, 0x41, 0x27, 0x33, 0x41, 0x66, 0x6B, 0x38, 0x33, 0x41, 0x59, 0x47, 0x39, 0x42, 0x35, 0x44, 0x43,
    0x55, 0x6F, 0x44, 0x41, 0x44, 0x51, 0x57, 0x45, 0x36, 0x13, 0x24, 0x65, 0x51, 0x5F, 0x67, 0x68, 0x7E, 0x7D, 0x55, 0x64,
    0x67, 0x54, 0x56, 0x58, 0x64, 0x69, 0x7B, 0x7C, 0xEF, 0xFD, 0xF4, 0xFF, 0xF5, 0xFF, 0xEE, 0x5F, 0x5F, 0x55, 0x36, 0x4A,
    0x38, 0x2D, 0x4D, 0x2D, 0x3F, 0x65, 0x4D, 0x64, 0x54, 0x7C, 0xEF, 0xFC, 0xFA, 0xFF, 0xFF, 0xEF, 0x6E, 0x46, 0x31, 0x61,
    0x72, 0x6A, 0x48, 0x48, 0x84, 0x7A, 0x80, 0x8C, 0x94, 0xA0, 0xAF, 0x9C, 0x8C, 0x8A, 0x79, 0x92, 0x9B, 0xAE, 0x9B, 0xA0,
    0x9A, 0x88, 0x90, 0xA3, 0x77, 0x99, 0xA4, 0x91, 0x90, 0xAF, 0x90, 0x78, 0x76, 0x73, 0x70, 0x6B, 0x86, 0xA3, 0x9C, 0x5C,
    0x6B, 0x90, 0x98, 0x9E, 0x8F, 0x7F, 0xBA, 0xBA, 0x91, 0x91, 0x95, 0x8C, 0x94, 0xA0, 0xA3, 0x93, 0x96, 0xA7, 0xA0, 0x9F,
    0x9F, 0xAB, 0xB1, 0x7A, 0x98, 0xA7, 0xB0, 0xAD, 0xA7, 0xA9, 0xB1, 0xA7, 0xB2, 0xAA, 0x9A, 0xBE, 0xC2, 0xB2, 0x9E, 0xB1,
    0xB2, 0xAD, 0xA0, 0x9B, 0xBA, 0xAD, 0xB1, 0xA9, 0xBB, 0xB1, 0xB5, 0xC1, 0xB7, 0xC0, 0xCE, 0xC2, 0xBB, 0xC2, 0xFF, 0xFF,
    0xFF, 0xFF, 0xFF, 0x8A, 0x7A, 0x7B, 0x6E, 0x6F, 0x59, 0x51, 0x6A, 0x37, 0x3A, 0x3F, 0x7B, 0x66, 0x44, 0x58, 0x5F, 0x4D,
    0x47, 0x2B, 0x26, 0x2D, 0x4B, 0x7B, 0x78, 0x5F, 0x69, 0x5E, 0x75, 0x55, 0x53, 0x51, 0x61, 0x5C, 0x3F, 0x4C, 0x5F, 0x66,
    0x6A, 0x65, 0x4C, 0x69, 0x7B, 0x53, 0x3E, 0x4C, 0x64, 0x4B, 0x5F, 0x69, 0x47, 0x4B, 0x85, 0x85, 0x40, 0x4C, 0x72, 0x71,
    0x65, 0x2D, 0x69, 0x41, 0x38, 0x3A, 0x2D, 0x4A, 0x68, 0x64, 0x3A, 0x3A, 0x85, 0x68, 0x33, 0x4B, 0x5E, 0x4A, 0x42, 0x4A,
    0x5C, 0x5F, 0x48, 0x59, 0x4C, 0x5C, 0x7F, 0x68, 0x68, 0x48, 0x65, 0x68, 0x78, 0x71, 0x81, 0x66, 0x80, 0x6D, 0x5D, 0x6F,
    0x65, 0x46, 0x5C, 0x55, 0x64, 0x88, 0x6B, 0x9E, 0xFC, 0xF1, 0xF6, 0xFF, 0xF5, 0xFF, 0xED, 0x42, 0x53, 0x53, 0x40, 0x51,
    0x2D, 0x37, 0x41, 0x3D, 0x2E, 0x44, 0x41, 0x38, 0x5B, 0x48, 0xED, 0xFC, 0xF5, 0xFF, 0xFA, 0xF3, 0xA0, 0x49, 0x73, 0x62,
    0x6C, 0x5D, 0x6D, 0x67, 0x57, 0x66, 0x80, 0x72, 0x86, 0x8E, 0xA5, 0xA0, 0x99, 0x99, 0x90, 0x81, 0x95, 0xA3, 0xAB, 0xAB,
    0x89, 0x87, 0x98, 0x88, 0xA3, 0xAB, 0x9F, 0xA0, 0xA3, 0x98, 0x88, 0xA7, 0x80, 0x9C, 0x7A, 0x8A, 0x93, 0x96, 0xA9, 0x85,
    0x6B, 0xA3, 0xA9, 0x96, 0xA3, 0xAE, 0xB3, 0xAD, 0xAA, 0xA3, 0xA6, 0x95, 0xA6, 0xA0, 0x8E, 0x96, 0xAA, 0xA7, 0xAC, 0x9B,
    0xA8, 0xAA, 0xA5, 0x87, 0xAA, 0xA3, 0xA4, 0xC4, 0xB6, 0x96, 0xA9, 0xB6, 0xAF, 0xAB, 0xAF, 0xB8, 0xB1, 0xBB, 0xAF, 0xA5,
    0xBA, 0xB5, 0xB2, 0xAD, 0xBC, 0xAB, 0xAF, 0xAA, 0xBE, 0xBB, 0xC9, 0xD6, 0xC7, 0xCD, 0xC0, 0xCA, 0xCE, 0xC3, 0xFF, 0xFF,
    0xFF, 0xFF, 0xFF, 0x88, 0x6C, 0x5F, 0x84, 0x5E, 0x53, 0x54, 0x53, 0x38, 0x3E, 0x5F, 0x71, 0x4D, 0x59, 0x38, 0x4B, 0x67,
    0x47, 0x22, 0x28, 0x47, 0x56, 0x71, 0x71, 0x6E, 0x53, 0x61, 0x75, 0x61, 0x5F, 0x5D, 0x87, 0x7D, 0x4B, 0x4C, 0x7C, 0x6A,
    0x69, 0x43, 0x47, 0x47, 0x4D, 0x59, 0x40, 0x4D, 0x45, 0x4D, 0x81, 0x68, 0x56, 0x69, 0x5F, 0x5F, 0x7C, 0x6F, 0x83, 0x75,
    0x66, 0x28, 0x59, 0x45, 0x3A, 0x34, 0x3A, 0x3A, 0x4A, 0x65, 0x44, 0x3E, 0x5F, 0x6A, 0x48, 0x3A, 0x61, 0x84, 0x66, 0x6E,
    0x75, 0x57, 0x4B, 0x66, 0x56, 0x4A, 0x65, 0x57, 0x7B, 0x66, 0x66, 0x84, 0x54, 0x4D, 0x8A, 0x8C, 0x80, 0x6A, 0x80, 0x7E,
    0x6B, 0x81, 0x74, 0x61, 0x67, 0x8F, 0x45, 0xD4, 0xFE, 0xF5, 0xFF, 0xFF, 0xF5, 0xFF, 0xE6, 0x49, 0x5C, 0x51, 0x47, 0x3E,
    0x2D, 0x38, 0x3E, 0x3E, 0x4E, 0x38, 0x48, 0x55, 0x5A, 0x4A, 0xE6, 0xFE, 0xF5, 0xFF, 0xF2, 0xFE, 0xAE, 0x20, 0x3E, 0x74,
    0x71, 0x52, 0x4D, 0x65, 0x84, 0x8A, 0x7B, 0x83, 0x93, 0x89, 0xAD, 0xA5, 0x9B, 0x88, 0x95, 0xA3, 0xAA, 0xA5, 0xAE, 0x7A,
    0x7D, 0x9F, 0xA7, 0x8E, 0xA3, 0xA3, 0x89, 0x9B, 0xA7, 0xA5, 0x99, 0x90, 0x93, 0x8A, 0x7F, 0x99, 0xA5, 0xB1, 0xA3, 0xA7,
    0x93, 0x9B, 0xA0, 0xAC, 0xAE, 0xB0, 0xAF, 0xAB, 0xA3, 0xA9, 0x9A, 0x94, 0xA6, 0xA3, 0xAC, 0x93, 0x95, 0x8E, 0x94, 0x78,
    0xA9, 0xB1, 0xAB, 0x98, 0x9B, 0xBE, 0xAB, 0xB8, 0x95, 0xA8, 0xAF, 0xB1, 0xB1, 0xBB, 0xB9, 0xC4, 0xBA, 0xB1, 0xA8, 0x9B,
    0x8D, 0x93, 0x8E, 0xB5, 0xB2, 0xB2, 0xB1, 0xB4, 0xAB, 0xB8, 0xB1, 0xB2, 0xC9, 0xBC, 0xB6, 0xB6, 0xC1, 0xC9, 0xFF, 0xFF,
    0xFF, 0xFF, 0xFF, 0x8A, 0x6C, 0x7B, 0x5D, 0x7B, 0x60, 0x5C, 0x3E, 0x36, 0x3E, 0x6E, 0x6B, 0x6E, 0x69, 0x3A, 0x6E, 0x68,
    0x22, 0x2D, 0x56, 0x40, 0x7B, 0x75, 0x75, 0x61, 0x56, 0x5F, 0x5C, 0x5C, 0x61, 0x5D, 0x70, 0x7C, 0x55, 0x5C, 0x59, 0x48,
    0x69, 0x44, 0x41, 0x34, 0x3A, 0x2D, 0x4B, 0x71, 0x3A, 0x69, 0x83, 0x71, 0x47, 0x59, 0x7B, 0x71, 0x6A, 0x7E, 0x83, 0x83,
    0x71, 0x3A, 0x64, 0x45, 0x47, 0x48, 0x41, 0x34, 0x66, 0x47, 0x54, 0x4D, 0x41, 0x56, 0x55, 0x43, 0x56, 0x66, 0x66, 0x70,
    0x76, 0x72, 0x69, 0x6F, 0x48, 0x45, 0x4D, 0x48, 0x58, 0x6A, 0x67, 0x67, 0x66, 0x6B, 0x9A, 0x8C, 0x67, 0x93, 0x7E, 0x7E,
    0x80, 0x57, 0x5E, 0x5D, 0x6C, 0x95, 0x41, 0xE3, 0xFF, 0xF5, 0xFF, 0xFA, 0xF5, 0xFF, 0xBF, 0x36, 0x54, 0x39, 0x36, 0x5E,
    0x38, 0x27, 0x4F, 0x3E, 0x5C, 0x4C, 0x6B, 0x57, 0x5D, 0x51, 0xAE, 0xFC, 0xF5, 0xFF, 0xF4, 0xFC, 0xC7, 0x2D, 0x66, 0x61,
    0x5C, 0x51, 0x4A, 0x7B, 0x81, 0x85, 0x85, 0x93, 0x94, 0x89, 0xB1, 0x9B, 0x9A, 0x89, 0x93, 0x88, 0xA5, 0x9E, 0x8B, 0x76,
    0x89, 0x97, 0xA3, 0x93, 0x88, 0xAB, 0x8E, 0x94, 0x9D, 0x9C, 0x91, 0x90, 0x9C, 0x7A, 0x98, 0x8E, 0x93, 0xB1, 0xA4, 0x7A,
    0x8E, 0xA8, 0xAE, 0xB0, 0xAB, 0xA2, 0x97, 0xA4, 0xBE, 0xA9, 0x90, 0x9B, 0xAA, 0xA9, 0xAB, 0xB2, 0xA9, 0x95, 0x8C, 0xB1,
    0xA5, 0xB2, 0xAB, 0x95, 0x9C, 0xAB, 0xB8, 0xB6, 0xA9, 0xB2, 0xB5, 0x95, 0xA9, 0xA5, 0xBA, 0xC4, 0xAE, 0xAB, 0xB5, 0x92,
    0x8C, 0xA5, 0x9F, 0xBB, 0xBB, 0xB1, 0xBE, 0xB4, 0xB8, 0xBB, 0xAA, 0xB4, 0xB5, 0xBE, 0xB6, 0xB7, 0xC4, 0xBA, 0xFF, 0xFF,
    0xFF, 0xFF, 0xFF, 0x7F, 0x6C, 0x5F, 0x58, 0x68, 0x68, 0x5F, 0x55, 0x55, 0x5A, 0x7B, 0x85, 0x7E, 0x80, 0x67, 0x71, 0x4B,
    0x28, 0x2D, 0x69, 0x6A, 0x68, 0x7B, 0x61, 0x55, 0x53, 0x5C, 0x6E, 0x5F, 0x58, 0x58, 0x5E, 0x5D, 0x75, 0x60, 0x2F, 0x56,
    0x5C, 0x3A, 0x41, 0x44, 0x53, 0x28, 0x41, 0x4B, 0x4B, 0x7E, 0x8D, 0x72, 0x5F, 0x7B, 0x7F, 0x7C, 0x6A, 0x68, 0x72, 0x80,
    0x82, 0x2D, 0x45, 0x4D, 0x44, 0x4B, 0x44, 0x64, 0x56, 0x33, 0x28, 0x33, 0x44, 0x4C, 0x69, 0x6E, 0x3E, 0x4C, 0x49, 0x5E,
    0x5E, 0x6A, 0x6A, 0x59, 0x67, 0x65, 0x6B, 0x5D, 0x51, 0x51, 0x48, 0x65, 0x6C, 0x70, 0x7E, 0x6A, 0x81, 0x88, 0x8A, 0x8A,
    0x48, 0x65, 0x5E, 0x5D, 0x61, 0x7E, 0x48, 0xEB, 0xFF, 0xF5, 0xFF, 0xF9, 0xF5, 0xFC, 0x7D, 0x44, 0x51, 0x2F, 0x45, 0x57,
    0x48, 0x27, 0x42, 0x53, 0x47, 0x48, 0x49, 0x6C, 0x60, 0x66, 0x76, 0xEF, 0xFF, 0xFA, 0xF1, 0xFC, 0xE3, 0x3C, 0x6B, 0x3D,
    0x4A, 0x51, 0x53, 0x66, 0x8E, 0x7C, 0x81, 0x8C, 0x90, 0x95, 0xA5, 0x94, 0x78, 0x78, 0xA6, 0x91, 0x8E, 0x7A, 0x9E, 0x9A,
    0x90, 0x90, 0x8E, 0x91, 0x89, 0xA5, 0x90, 0xB9, 0xA8, 0x75, 0x9A, 0x98, 0x92, 0x8C, 0x95, 0x88, 0x93, 0x96, 0xA5, 0x8D,
    0x98, 0x97, 0xAF, 0xA0, 0x97, 0x73, 0xA2, 0xA4, 0xB0, 0xA8, 0xA8, 0xA7, 0xB1, 0xA7, 0x99, 0xAF, 0xBA, 0x92, 0x9D, 0xB1,
    0xAD, 0xA3, 0xB2, 0x9C, 0x9C, 0xA3, 0xAA, 0xBA, 0xBB, 0xAD, 0xAD, 0xAB, 0xA0, 0x96, 0xA7, 0xA9, 0xB2, 0xAF, 0xAC, 0xAD,
    0xB8, 0x9F, 0xA4, 0xBE, 0xA4, 0xC5, 0xC7, 0xAA, 0xBB, 0xC5, 0xB2, 0xC5, 0xBF, 0xC3, 0xB6, 0xC3, 0xC1, 0xCD, 0xFF, 0xFF,
    0xFF, 0xFF, 0xFF, 0x7F, 0x58, 0x51, 0x7E, 0x81, 0x72, 0x86, 0x71, 0x55, 0x5D, 0x6E, 0x6B, 0x80, 0x90, 0x69, 0x6F, 0x3F,
    0x1E, 0x33, 0x45, 0x70, 0x84, 0x6F, 0x7C, 0x61, 0x51, 0x5F, 0x7B, 0x69, 0x83, 0x5F, 0x9A, 0x62, 0x7F, 0x3C, 0x56, 0x6E,
    0x5F, 0x3A, 0x44, 0x45, 0x53, 0x53, 0x51, 0x4B, 0x47, 0x69, 0x71, 0x71, 0x82, 0x7B, 0x7B, 0x81, 0x71, 0x55, 0x69, 0x6B,
    0x9B, 0x3A, 0x4D, 0x38, 0x3A, 0x44, 0x65, 0x65, 0x7B, 0x65, 0x58, 0x33, 0x28, 0x3E, 0x4A, 0x5C, 0x59, 0x69, 0x5E, 0x6C,
    0x6A, 0x69, 0x54, 0x46, 0x65, 0x80, 0x67, 0x4D, 0x65, 0x66, 0x3E, 0x4F, 0x55, 0x7C, 0x84, 0x7C, 0x7D, 0x7A, 0x8F, 0x72,
    0x80, 0x69, 0x61, 0x58, 0x66, 0x7E, 0x7D, 0xED, 0xFF, 0xF5, 0xFE, 0xF2, 0xFA, 0xEF, 0x6A, 0x53, 0x3E, 0x3E, 0x4B, 0x42,
    0x41, 0x59, 0x57, 0x3B, 0x56, 0x64, 0x59, 0x6D, 0x46, 0x56, 0x6C, 0xED, 0xFF, 0xF5, 0xF5, 0xFE, 0xE6, 0x58, 0x4C, 0x66,
    0x49, 0x69, 0x66, 0x59, 0x8B, 0x7E, 0x8C, 0x7C, 0x95, 0x9B, 0x9C, 0xBE, 0x79, 0x80, 0x96, 0xA7, 0x9C, 0x95, 0x8F, 0x96,
    0x96, 0x99, 0xA0, 0x9B, 0x93, 0x93, 0x9C, 0x9C, 0x8C, 0x9A, 0xA0, 0x98, 0x76, 0x7E, 0x8C, 0x90, 0x84, 0x78, 0x7A, 0xA0,
    0xA0, 0x7B, 0x96, 0x99, 0x9B, 0xA7, 0xA2, 0xAE, 0x9F, 0x9C, 0x90, 0xA9, 0x96, 0x9D, 0x9B, 0xA7, 0xAE, 0x9B, 0xA9, 0x96,
    0x96, 0xAA, 0xC4, 0xBA, 0xAB, 0xAF, 0xBE, 0xBF, 0xB3, 0xC1, 0xAA, 0xAB, 0xAC, 0x8B, 0xA0, 0xA6, 0x9C, 0xAA, 0xAF, 0xBA,
    0xC5, 0xA3, 0xCB, 0xBC, 0xCE, 0xD6, 0xC5, 0xBA, 0xC3, 0xB9, 0xB7, 0xBC, 0xCE, 0xD8, 0xBC, 0xD0, 0xD8, 0xDE, 0xFF, 0xFF,
    0xFF, 0xFF, 0xFF, 0x6E, 0x51, 0x56, 0x6F, 0x88, 0x9D, 0x92, 0x7C, 0x6F, 0x69, 0x58, 0x72, 0x8D, 0x7E, 0x5F, 0x40, 0x53,
    0x38, 0x3A, 0x3A, 0x5F, 0x75, 0x7B, 0x75, 0x8B, 0x5F, 0x4B, 0x71, 0x89, 0x5B, 0x5C, 0x98, 0x73, 0x88, 0x6F, 0x5F, 0x71,
    0x8C, 0x56, 0x56, 0x54, 0x4D, 0x64, 0x56, 0x3A, 0x47, 0x53, 0x5F, 0x66, 0x80, 0x67, 0x4D, 0x69, 0x7B, 0x6E, 0x78, 0x4C,
    0x8B, 0x48, 0x48, 0x4B, 0x2D, 0x33, 0x67, 0x5F, 0x71, 0x56, 0x72, 0x67, 0x6E, 0x4E, 0x58, 0x51, 0x2E, 0x4B, 0x62, 0x7E,
    0x67, 0x70, 0x6D, 0x58, 0x53, 0x56, 0x4C, 0x56, 0x59, 0x5E, 0x68, 0x58, 0x54, 0x5B, 0x62, 0x5D, 0x77, 0x95, 0x71, 0x6E,
    0x71, 0x57, 0x65, 0x65, 0x49, 0x59, 0x5F, 0xEE, 0xFF, 0xFA, 0xFF, 0xF1, 0xFE, 0xED, 0x43, 0x36, 0x2A, 0x38, 0x2F, 0x44,
    0x55, 0x51, 0x49, 0x57, 0x69, 0x64, 0x64, 0x6A, 0x6B, 0x6E, 0x86, 0xE6, 0xFF, 0xF5, 0xF5, 0xFD, 0xEB, 0x4A, 0x7D, 0x49,
    0x4D, 0x54, 0x4A, 0x69, 0x84, 0x8C, 0x95, 0x80, 0x80, 0x9A, 0x96, 0xA9, 0xA0, 0x9E, 0xAB, 0xB9, 0xA9, 0x8C, 0x93, 0x91,
    0x9E, 0xA0, 0x90, 0x90, 0x8B, 0x78, 0x9C, 0x88, 0x84, 0xA3, 0x7F, 0x7B, 0x5B, 0x59, 0x7E, 0x7D, 0x2C, 0x81, 0x9C, 0x79,
    0x88, 0xA8, 0x77, 0x9F, 0x9F, 0x99, 0xA7, 0x96, 0x96, 0x96, 0xA0, 0x92, 0x9C, 0xA7, 0x9D, 0x99, 0xA3, 0xB4, 0x9D, 0xA4,
    0xA3, 0xA8, 0xA3, 0xB5, 0xA9, 0x9D, 0xAD, 0xAA, 0x9D, 0xA5, 0x96, 0xA8, 0xAF, 0xA9, 0xA9, 0xAA, 0xAC, 0x9C, 0xBC, 0xBF,
    0xBE, 0xC7, 0xC6, 0xC4, 0xB9, 0xC6, 0xD5, 0xD6, 0xC9, 0xC0, 0xD1, 0xBE, 0xC0, 0xD7, 0xCD, 0xC3, 0xDC, 0xDC, 0xFF, 0xFF,
    0xFF, 0xFF, 0x7B, 0x5F, 0x5C, 0x51, 0x53, 0x69, 0x82, 0x95, 0x5F, 0x6F, 0x66, 0x69, 0x75, 0x7C, 0x76, 0x82, 0x4C, 0x59,
    0x58, 0x47, 0x56, 0x66, 0x56, 0x76, 0x77, 0x8D, 0x81, 0x53, 0x7D, 0x7A, 0x5C, 0x5E, 0x74, 0x7C, 0x57, 0x83, 0x82, 0x7E,
    0x81, 0x6F, 0x7A, 0x55, 0x69, 0x7D, 0x72, 0x45, 0x45, 0x3A, 0x4B, 0x58, 0x81, 0x6A, 0x57, 0x3E, 0x7B, 0x7B, 0x5C, 0x33,
    0x7C, 0x3A, 0x3A, 0x4C, 0x2D, 0x33, 0x64, 0x71, 0x70, 0x68, 0x80, 0x67, 0x59, 0x8B, 0x7C, 0x66, 0x2E, 0x3D, 0x4D, 0x6A,
    0x78, 0x77, 0x80, 0x66, 0x4C, 0x65, 0x72, 0x53, 0x3A, 0x45, 0x65, 0x49, 0x5C, 0x40, 0x55, 0x6C, 0x89, 0x83, 0x7E, 0x68,
    0x80, 0x57, 0x59, 0x72, 0x55, 0x53, 0x94, 0xEF, 0xFF, 0xFA, 0xFF, 0xF0, 0xFF, 0xE8, 0x29, 0x67, 0x3E, 0x3E, 0x2D, 0x3C,
    0x3F, 0x41, 0x2C, 0x48, 0x83, 0x72, 0x7E, 0x84, 0x68, 0x5D, 0x70, 0xD1, 0xFF, 0xF5, 0xF5, 0xFC, 0xEC, 0x2F, 0x55, 0x3B,
    0x37, 0x66, 0x57, 0x6B, 0x88, 0x82, 0xA3, 0x92, 0x89, 0x86, 0x8D, 0x9E, 0xA8, 0x94, 0xAB, 0xAD, 0xA0, 0x77, 0x8C, 0xA7,
    0xA0, 0xA3, 0x87, 0x73, 0x90, 0x8C, 0x86, 0xA7, 0x85, 0x93, 0x73, 0x6D, 0x70, 0x60, 0x52, 0x4F, 0x5C, 0x77, 0x8E, 0x7A,
    0x78, 0x87, 0x8E, 0xAB, 0xAB, 0xAE, 0xAD, 0x90, 0xA7, 0xA9, 0xA9, 0x93, 0x94, 0x88, 0xA3, 0xA8, 0xA8, 0x9A, 0x9A, 0x89,
    0x79, 0x7D, 0x6A, 0xA5, 0xC1, 0xAE, 0xA7, 0xAF, 0xAD, 0x93, 0xA8, 0xA8, 0xA7, 0xC5, 0xAE, 0xA6, 0x99, 0xBF, 0xAB, 0xA9,
    0xAD, 0xD2, 0xC0, 0xAF, 0xC0, 0xBF, 0xCE, 0xD6, 0xD5, 0xD4, 0xCF, 0xC0, 0xB7, 0xDC, 0xD9, 0xD8, 0xD5, 0xD6, 0xD5, 0xFF,
    0xFF, 0xFF, 0x5C, 0x61, 0x76, 0x5C, 0x51, 0x56, 0x76, 0x7E, 0x5C, 0x6F, 0x82, 0x54, 0x69, 0x7B, 0x61, 0x69, 0x92, 0x6C,
    0x7E, 0x67, 0x59, 0x68, 0x6E, 0x5F, 0x59, 0x4C, 0x71, 0x53, 0x60, 0x60, 0x4E, 0x3C, 0x7B, 0x8A, 0x7B, 0x82, 0x6B, 0x71,
    0x85, 0x71, 0x6A, 0x71, 0x53, 0x85, 0x59, 0x44, 0x45, 0x69, 0x4D, 0x56, 0x6F, 0x6B, 0x46, 0x3C, 0x69, 0x6E, 0x3C, 0x47,
    0x5C, 0x1E, 0x64, 0x59, 0x3A, 0x27, 0x48, 0x5E, 0x6C, 0x4D, 0x77, 0x5F, 0x6A, 0x6C, 0x84, 0x4D, 0x40, 0x5C, 0x54, 0x68,
    0x7E, 0x65, 0x70, 0x7C, 0x81, 0x88, 0x7D, 0x6E, 0x65, 0x44, 0x77, 0x4B, 0x57, 0x5F, 0x68, 0x75, 0x78, 0x72, 0x80, 0x70,
    0x8C, 0x4D, 0x71, 0x80, 0x85, 0x52, 0xA8, 0xFC, 0xF5, 0xFF, 0xFF, 0xF3, 0xF3, 0xA2, 0x3B, 0x4A, 0x4D, 0x45, 0x40, 0x4F,
    0x35, 0x48, 0x58, 0x55, 0x4A, 0x67, 0x60, 0x7D, 0x7B, 0x62, 0x68, 0xAB, 0xF2, 0xFA, 0xF1, 0xFE, 0xEE, 0x3B, 0x3B, 0x4C,
    0x6F, 0x61, 0x61, 0x7E, 0x57, 0x84, 0x92, 0x8B, 0x8B, 0x82, 0xA6, 0x9D, 0x92, 0x8E, 0xAA, 0xAF, 0x99, 0x88, 0xA9, 0xAA,
    0xA5, 0xA3, 0x73, 0x73, 0x83, 0x84, 0x7C, 0x8E, 0x8B, 0x66, 0x79, 0x76, 0x78, 0x68, 0x67, 0x74, 0x62, 0x75, 0x84, 0x79,
    0x97, 0xA4, 0xB7, 0xB3, 0xBC, 0x9C, 0x7A, 0x9B, 0xA7, 0xB1, 0xA5, 0xA7, 0xA8, 0x94, 0x98, 0xA3, 0xA7, 0xAB, 0xB3, 0xA3,
    0x9C, 0x90, 0x9B, 0xB2, 0xBA, 0xC4, 0xAC, 0xAF, 0xBF, 0xAA, 0xB5, 0xA7, 0xB8, 0xBA, 0xB3, 0xAD, 0xB4, 0xB1, 0xB5, 0xB9,
    0xC1, 0xB9, 0xB7, 0xB6, 0xC6, 0xD1, 0xCD, 0xDB, 0xDC, 0xE4, 0xD1, 0xD6, 0xC3, 0xD6, 0xDA, 0xDC, 0xD6, 0xD0, 0xD5, 0xFF,
    0xFF, 0xFF, 0x61, 0x75, 0x75, 0x61, 0x40, 0x47, 0x51, 0x4B, 0x5F, 0x69, 0x66, 0x3E, 0x5C, 0x75, 0x69, 0x56, 0x85, 0x7E,
    0x70, 0x84, 0x6D, 0x6E, 0x56, 0x4B, 0x43, 0x5F, 0x5E, 0x5F, 0x2F, 0x3E, 0x5C, 0x3F, 0x7C, 0x73, 0x75, 0x71, 0x66, 0x6F,
    0x7E, 0x85, 0x5F, 0x4F, 0x6E, 0x56, 0x44, 0x28, 0x3A, 0x69, 0x67, 0x66, 0x75, 0x71, 0x54, 0x6F, 0x6B, 0x4C, 0x4B, 0x47,
    0x31, 0x38, 0x27, 0x44, 0x33, 0x5F, 0x51, 0x53, 0x4C, 0x6A, 0x5F, 0x6E, 0x4A, 0x52, 0x6D, 0x54, 0x2D, 0x55, 0x46, 0x7E,
    0x8D, 0x70, 0x6D, 0x66, 0x57, 0x75, 0x78, 0x77, 0x7B, 0x7D, 0x82, 0x53, 0x7E, 0x6B, 0x72, 0x7E, 0x80, 0x8C, 0x8D, 0x8A,
    0x8D, 0x66, 0x70, 0x8C, 0x72, 0x65, 0xBE, 0xFC, 0xF5, 0xFF, 0xF8, 0xFC, 0xEF, 0x62, 0x50, 0x57, 0x5F, 0x68, 0x64, 0x36,
    0x3A, 0x53, 0x39, 0x55, 0x55, 0x54, 0x5F, 0x89, 0x6E, 0x70, 0x84, 0x98, 0xEF, 0xFD, 0xF5, 0xFD, 0xEE, 0x32, 0x5A, 0x7D,
    0x81, 0x68, 0x5C, 0x6E, 0x68, 0x7C, 0x8C, 0x93, 0x86, 0x94, 0x90, 0xAB, 0xA9, 0x84, 0xA9, 0xA9, 0x90, 0x96, 0x96, 0x95,
    0x88, 0xA7, 0x9E, 0x79, 0x9A, 0x99, 0x6D, 0x80, 0x72, 0x6D, 0x88, 0x7A, 0x90, 0x7E, 0x82, 0x5D, 0x7A, 0xA0, 0x9B, 0xA4,
    0x9F, 0xB0, 0xAE, 0x96, 0xB1, 0x9C, 0x8E, 0xAB, 0xBF, 0xB9, 0xB7, 0xA3, 0x9C, 0xA9, 0x9C, 0xB2, 0xB3, 0xB1, 0xC5, 0xBE,
    0xB3, 0xB3, 0xA5, 0xAA, 0xAF, 0xAC, 0xA7, 0xAE, 0xC4, 0xB5, 0xB1, 0x79, 0xB9, 0xC7, 0xC7, 0xB5, 0xA7, 0xBB, 0xC5, 0xC6,
    0xB8, 0xC1, 0xB9, 0xB3, 0xBB, 0xC3, 0xC9, 0xBD, 0xCF, 0xDC, 0xD5, 0xD6, 0xD6, 0xCA, 0xD9, 0xD9, 0xD5, 0xD6, 0xD5, 0xFF,
    0xFF, 0xFF, 0x7D, 0x89, 0x84, 0x5C, 0x53, 0x2D, 0x38, 0x51, 0x5D, 0x6B, 0x66, 0x58, 0x58, 0x89, 0x78, 0x58, 0x85, 0x86,
    0x86, 0x86, 0x68, 0x46, 0x5F, 0x82, 0x49, 0x5F, 0x6E, 0x56, 0x2F, 0x3C, 0x51, 0x5C, 0x74, 0x74, 0x75, 0x5F, 0x4D, 0x36,
    0x48, 0x56, 0x5C, 0x6E, 0x72, 0x66, 0x3A, 0x28, 0x64, 0x64, 0x69, 0x86, 0x70, 0x71, 0x75, 0x7C, 0x6A, 0x67, 0x33, 0x41,
    0x2D, 0x66, 0x3A, 0x4A, 0x54, 0x52, 0x5F, 0x40, 0x69, 0x56, 0x53, 0x38, 0x41, 0x46, 0x6D, 0x61, 0x2D, 0x66, 0x54, 0x7C,
    0x81, 0x67, 0x80, 0x6B, 0x82, 0x82, 0x7F, 0x6B, 0x55, 0x79, 0x58, 0x5F, 0x7E, 0x86, 0x90, 0x83, 0x86, 0x7E, 0x86, 0x86,
    0x81, 0x81, 0x77, 0x68, 0x84, 0x67, 0xE6, 0xFE, 0xF6, 0xFF, 0xF5, 0xFC, 0xEC, 0x5E, 0x70, 0x6B, 0x5D, 0x5A, 0x68, 0x46,
    0x51, 0x2E, 0x3B, 0x38, 0x3F, 0x54, 0x71, 0x78, 0x5E, 0x80, 0x84, 0x75, 0xEE, 0xFD, 0xF1, 0xFB, 0xEF, 0x9F, 0x5A, 0x5C,
    0x3D, 0x5C, 0x62, 0x54, 0x68, 0x81, 0x93, 0x8C, 0x93, 0x94, 0x9A, 0x94, 0x96, 0x93, 0xA5, 0xA9, 0xA4, 0xAB, 0xA8, 0x91,
    0x98, 0x8E, 0x81, 0x86, 0x9B, 0xA7, 0x88, 0x79, 0x7A, 0x8C, 0x8E, 0x96, 0x71, 0x75, 0x62, 0x77, 0x84, 0x9A, 0x97, 0x99,
    0x99, 0xA3, 0x93, 0xB6, 0xAB, 0xAA, 0x95, 0xA0, 0xBF, 0xB3, 0xB2, 0x96, 0xAB, 0xA6, 0x9C, 0xB2, 0xB4, 0xBA, 0xCB, 0xAD,
    0xAF, 0xA8, 0xAA, 0xA8, 0x9C, 0xB9, 0xBF, 0xA0, 0xA4, 0xA7, 0x94, 0x9E, 0xBF, 0xD5, 0xC1, 0xA9, 0xB2, 0xC7, 0xB9, 0xB6,
    0xB5, 0xC1, 0xCE, 0xBE, 0xBF, 0xCB, 0xCD, 0xC2, 0xCE, 0xC7, 0xE3, 0xDB, 0xDD, 0xD0, 0xCC, 0xD7, 0xE0, 0xDA, 0xD3, 0xFF,
    0xFF, 0xFF, 0x60, 0x97, 0x89, 0x4C, 0x52, 0x49, 0x4E, 0x49, 0x5C, 0x61, 0x70, 0x68, 0x61, 0x86, 0x89, 0x6F, 0x7F, 0x8E,
    0x8A, 0x53, 0x71, 0x4C, 0x5C, 0x7C, 0x51, 0x4B, 0x61, 0x6E, 0x51, 0x3E, 0x3E, 0x6C, 0x60, 0x5D, 0x77, 0x71, 0x48, 0x4B,
    0x67, 0x5E, 0x69, 0x5F, 0x7C, 0x6A, 0x4B, 0x3A, 0x64, 0x6A, 0x58, 0x71, 0x7E, 0x70, 0x6A, 0x75, 0x75, 0x6A, 0x4C, 0x64,
    0x2D, 0x28, 0x4D, 0x31, 0x4D, 0x39, 0x3F, 0x4E, 0x51, 0x69, 0x5C, 0x3F, 0x47, 0x4F, 0x40, 0x51, 0x22, 0x5C, 0x7B, 0x59,
    0x67, 0x65, 0x72, 0x78, 0x89, 0x84, 0x9A, 0x70, 0x65, 0x6C, 0x5D, 0x4F, 0x60, 0x78, 0x84, 0x77, 0x9A, 0x7F, 0x81, 0x70,
    0x72, 0x80, 0x67, 0x7E, 0x77, 0x64, 0xED, 0xFF, 0xF4, 0xFF, 0xF2, 0xFC, 0xC8, 0x55, 0x8E, 0x6D, 0x54, 0x54, 0x64, 0x65,
    0x50, 0x3F, 0x3E, 0x2A, 0x30, 0x45, 0x58, 0x6F, 0x66, 0x77, 0x84, 0x75, 0xED, 0xFE, 0xF0, 0xF2, 0xF0, 0x97, 0x3B, 0x68,
    0x5E, 0x54, 0x4C, 0x5E, 0x7B, 0x80, 0x86, 0x89, 0x95, 0x8B, 0x89, 0xA6, 0xAF, 0xAA, 0xA5, 0x96, 0x9C, 0x9B, 0xAC, 0xA5,
    0x94, 0x8B, 0x68, 0x70, 0x89, 0x95, 0x78, 0x74, 0x98, 0x90, 0x80, 0x8C, 0x5E, 0x5A, 0x62, 0x82, 0x6B, 0x77, 0x62, 0x9D,
    0x9C, 0xB2, 0xA9, 0x94, 0xAE, 0xBA, 0xAD, 0xA5, 0x95, 0xB1, 0xAB, 0xB3, 0xAE, 0x9F, 0xA4, 0xCB, 0xD2, 0xBE, 0xBB, 0xB7,
    0xC4, 0xA4, 0xA4, 0xAB, 0xB7, 0xB9, 0xAF, 0xAC, 0xBE, 0xB2, 0xA9, 0xB5, 0xD4, 0xD2, 0xBD, 0xCE, 0xCF, 0xCF, 0xAF, 0xB6,
    0xB8, 0xC4, 0xD6, 0xD5, 0xC7, 0xCD, 0xC6, 0xD2, 0xC0, 0xC1, 0xD5, 0xDD, 0xE3, 0xDD, 0xCC, 0xDC, 0xDD, 0xCC, 0xD9, 0xFF,
    0xFF, 0xFF, 0x7C, 0x89, 0x71, 0x48, 0x61, 0x5C, 0x31, 0x51, 0x5C, 0x5C, 0x7D, 0x7A, 0x62, 0x7F, 0x94, 0x7D, 0x7C, 0x91,
    0x7B, 0x3A, 0x59, 0x56, 0x51, 0x5C, 0x66, 0x69, 0x6D, 0x61, 0x5C, 0x4E, 0x4F, 0x73, 0x73, 0x61, 0x78, 0x70, 0x65, 0x5F,
    0x5C, 0x6E, 0x7E, 0x70, 0x5C, 0x4B, 0x44, 0x44, 0x4D, 0x6F, 0x59, 0x47, 0x6E, 0x8B, 0x71, 0x8A, 0x7D, 0x6D, 0x56, 0x4D,
    0x40, 0x28, 0x33, 0x35, 0x22, 0x28, 0x28, 0x2F, 0x28, 0x34, 0x47, 0x4C, 0x4A, 0x60, 0x2F, 0x4E, 0x38, 0x5C, 0x57, 0x39,
    0x4B, 0x39, 0x6E, 0x74, 0x6C, 0x68, 0x91, 0x61, 0x5D, 0x8C, 0x92, 0x60, 0x54, 0x5E, 0x7C, 0x70, 0x84, 0x77, 0x7F, 0x61,
    0x67, 0x67, 0x65, 0x7E, 0x71, 0x6A, 0xEF, 0xFE, 0xF5, 0xFF, 0xF7, 0xF0, 0x9A, 0x57, 0x87, 0x49, 0x45, 0x5F, 0x6B, 0x68,
    0x52, 0x66, 0x29, 0x60, 0x31, 0x39, 0x68, 0x5E, 0x39, 0x80, 0x84, 0x58, 0xD5, 0xFC, 0xF0, 0xF1, 0xF3, 0x97, 0x61, 0x7B,
    0x76, 0x7F, 0x50, 0x62, 0x75, 0x8F, 0x8F, 0x72, 0x8C, 0x8D, 0x84, 0x9C, 0xAF, 0xA4, 0xC5, 0x9C, 0xA7, 0x9C, 0xA7, 0x96,
    0x8C, 0x8B, 0x8C, 0x6B, 0x8E, 0x90, 0x7A, 0x6E, 0x68, 0x70, 0x8E, 0x62, 0x5E, 0x77, 0x52, 0x6D, 0x83, 0xAA, 0x87, 0xA3,
    0x9F, 0xB9, 0xAD, 0x89, 0xBE, 0xBE, 0xB4, 0xBB, 0x9C, 0xAC, 0xAF, 0xB8, 0x90, 0x79, 0xC7, 0xBE, 0xBE, 0xC1, 0xBB, 0xB0,
    0xC4, 0xA4, 0x9F, 0xB9, 0xBE, 0xC4, 0xD5, 0xBE, 0xB1, 0xB7, 0xC4, 0xC7, 0xCE, 0xD2, 0xB2, 0xB5, 0xD9, 0xBD, 0xAD, 0xB5,
    0xBB, 0xD2, 0xD8, 0xD0, 0xDD, 0xC0, 0xD2, 0xD1, 0xCE, 0xC4, 0xDD, 0xDD, 0xD5, 0xDD, 0xE1, 0xDD, 0xE3, 0xDC, 0xDC, 0xFF,
    0xFF, 0xFF, 0x6C, 0x5D, 0x68, 0x7C, 0x61, 0x5C, 0x3C, 0x51, 0x66, 0x4C, 0x62, 0x79, 0x76, 0x8A, 0x7E, 0x7C, 0x77, 0x85,
    0x5F, 0x66, 0x47, 0x53, 0x2B, 0x51, 0x5D, 0x6E, 0x6C, 0x6F, 0x53, 0x4F, 0x4E, 0x62, 0x73, 0x60, 0x7A, 0x78, 0x75, 0x5F,
    0x71, 0x5F, 0x58, 0x64, 0x66, 0x59, 0x3A, 0x53, 0x59, 0x71, 0x45, 0x33, 0x4F, 0x7A, 0x6C, 0x84, 0x5D, 0x4C, 0x69, 0x53,
    0x7E, 0x7F, 0x3E, 0x2D, 0x2D, 0x2D, 0x2D, 0x28, 0x1D, 0x1D, 0x38, 0x61, 0x5F, 0x55, 0x4E, 0x7E, 0x4D, 0x58, 0x66, 0x3F,
    0x2D, 0x28, 0x48, 0x58, 0x6F, 0x7E, 0x7E, 0x7E, 0x77, 0x8F, 0x98, 0x6A, 0x53, 0x77, 0x8C, 0x6B, 0x8C, 0x80, 0x57, 0x4D,
    0x64, 0x80, 0x81, 0x67, 0x4D, 0x78, 0xEF, 0xF7, 0xF6, 0xF5, 0xFE, 0xEB, 0x39, 0x85, 0x70, 0x6E, 0x67, 0x6A, 0x52, 0x57,
    0x53, 0x56, 0x5A, 0x51, 0x5C, 0x5D, 0x6B, 0x6B, 0x6C, 0x7D, 0x7F, 0x87, 0xE8, 0xFD, 0xF0, 0xF1, 0xFC, 0xB0, 0x98, 0x7A,
    0x7B, 0x6C, 0x77, 0x8F, 0x86, 0x7A, 0x90, 0x96, 0x93, 0x8C, 0xB1, 0x9E, 0xAB, 0xC4, 0xD2, 0xBC, 0xAD, 0x9C, 0xA9, 0xAD,
    0xA4, 0x97, 0xA5, 0x88, 0x9B, 0x9A, 0x97, 0x5B, 0x56, 0x68, 0x6C, 0x6C, 0x8B, 0x82, 0x6A, 0x77, 0x70, 0x9E, 0x99, 0xA5,
    0xAD, 0xBE, 0xA7, 0xA7, 0xBB, 0xB7, 0xAA, 0xBE, 0xAB, 0xC5, 0xBA, 0xB3, 0xA8, 0x90, 0xB9, 0xC1, 0xBE, 0xBE, 0xBC, 0xC0,
    0xAE, 0xA3, 0xC0, 0xC0, 0xCF, 0xD1, 0xC7, 0xC4, 0xC1, 0xBF, 0xC7, 0xD1, 0xB3, 0xB5, 0xB6, 0xD0, 0xC7, 0xB5, 0xB9, 0xCB,
    0xBF, 0xBE, 0xD7, 0xDC, 0xD4, 0xC3, 0xD5, 0xD6, 0xD3, 0xD1, 0xD6, 0xE4, 0xE0, 0xD3, 0xD9, 0xC7, 0xD6, 0xE3, 0xD6, 0xFF,
    0xFF, 0xFF, 0x5F, 0x5C, 0x89, 0x76, 0x7C, 0x5D, 0x4F, 0x53, 0x5E, 0x61, 0x79, 0x79, 0x98, 0x8E, 0x8A, 0x89, 0x82, 0x82,
    0x68, 0x6A, 0x5C, 0x61, 0x3C, 0x3F, 0x6A, 0x66, 0x71, 0x8D, 0x58, 0x55, 0x5A, 0x5C, 0x78, 0x7B, 0x85, 0x7D, 0x7D, 0x7B,
    0x6B, 0x7C, 0x6E, 0x64, 0x67, 0x71, 0x44, 0x59, 0x4B, 0x70, 0x66, 0x4D, 0x6E, 0x79, 0x75, 0x99, 0x6F, 0x48, 0x6F, 0x6F,
    0x8D, 0x86, 0x4B, 0x34, 0x59, 0x2D, 0x27, 0x3E, 0x28, 0x2D, 0x2D, 0x52, 0x4A, 0x68, 0x81, 0x49, 0x3C, 0x6D, 0x3C, 0x4F,
    0x40, 0x2F, 0x5C, 0x56, 0x7C, 0x7C, 0x83, 0x68, 0x5F, 0x9D, 0x89, 0x5D, 0x50, 0x91, 0x70, 0x81, 0x77, 0x7F, 0x70, 0x65,
    0x6B, 0x66, 0x67, 0x65, 0x4B, 0x9D, 0xF7, 0xF4, 0xFF, 0xF5, 0xFF, 0xED, 0x3D, 0x6C, 0x70, 0x6E, 0x44, 0x46, 0x5A, 0x74,
    0x30, 0x69, 0x84, 0x4B, 0x40, 0x77, 0x8C, 0x93, 0x82, 0x84, 0x84, 0x73, 0xED, 0xFD, 0xF1, 0xF0, 0xFC, 0xDD, 0x81, 0x84,
    0x86, 0x61, 0x78, 0x7A, 0x84, 0x78, 0xAF, 0xBB, 0x9E, 0x96, 0x96, 0xA5, 0xC5, 0xC4, 0xB5, 0xA9, 0xA7, 0xAD, 0xA9, 0xA0,
    0xBC, 0xB3, 0xA7, 0x88, 0xA0, 0x99, 0x73, 0x60, 0x75, 0x61, 0x76, 0x78, 0x68, 0x79, 0x99, 0x84, 0x8B, 0x91, 0x94, 0x94,
    0xA7, 0xC0, 0xC1, 0xB1, 0xB5, 0xAD, 0xAF, 0xBA, 0xAF, 0xC3, 0xBF, 0xC0, 0xAE, 0x99, 0xA9, 0xC7, 0xC7, 0xC7, 0xB9, 0xB3,
    0xA4, 0xAA, 0xC1, 0xC4, 0xC4, 0xBE, 0xB7, 0xB9, 0xC5, 0xC7, 0xD5, 0xCF, 0xDB, 0xC4, 0xD8, 0xE0, 0xBB, 0xC9, 0xC4, 0xD1,
    0xC5, 0xD2, 0xD5, 0xD6, 0xBF, 0xC7, 0xC7, 0xCE, 0xD3, 0xD1, 0xD6, 0xE3, 0xDD, 0xDA, 0xCE, 0xC9, 0xC9, 0xDA, 0xD9, 0xFF,
    0xFF, 0xFF, 0x6F, 0x7A, 0x9B, 0x7B, 0x7D, 0x88, 0x78, 0x7B, 0x76, 0x76, 0x73, 0x97, 0x9F, 0x97, 0x87, 0x76, 0x8B, 0x76,
    0x6F, 0x6A, 0x86, 0x75, 0x56, 0x56, 0x6B, 0x80, 0x70, 0x7B, 0x68, 0x50, 0x61, 0x98, 0x97, 0x7E, 0x8C, 0x92, 0x5E, 0x5F,
    0x7B, 0x6B, 0x83, 0x7C, 0x69, 0x59, 0x59, 0x65, 0x71, 0x72, 0x72, 0x80, 0x81, 0x8B, 0x88, 0x9C, 0x7E, 0x71, 0x80, 0x83,
    0x6C, 0x83, 0x64, 0x45, 0x36, 0x2D, 0x28, 0x3F, 0x53, 0x3A, 0x36, 0x3A, 0x3B, 0x2E, 0x43, 0x58, 0x59, 0x6C, 0x55, 0x6F,
    0x54, 0x55, 0x62, 0x61, 0x7C, 0x5F, 0x7C, 0x5F, 0x6C, 0x88, 0x79, 0x5D, 0x6D, 0x99, 0x82, 0x74, 0x78, 0x70, 0x61, 0x84,
    0x70, 0x6B, 0x5E, 0x83, 0x34, 0xE3, 0xFD, 0xF5, 0xFF, 0xFA, 0xFF, 0xEF, 0x68, 0x68, 0x73, 0x5F, 0x4B, 0x40, 0x57, 0x60,
    0x61, 0x5C, 0x76, 0x6A, 0x51, 0x75, 0x95, 0x83, 0x77, 0x87, 0x75, 0x3C, 0xE8, 0xFC, 0xF0, 0xF0, 0xFF, 0xD5, 0x67, 0x7E,
    0x7D, 0x94, 0x84, 0x99, 0xB1, 0x95, 0x91, 0xAA, 0xA8, 0xA9, 0xB1, 0xB7, 0xBB, 0xC0, 0xAA, 0x94, 0xB4, 0xAE, 0xA5, 0x8E,
    0xA8, 0x96, 0xA9, 0x9B, 0x98, 0xAE, 0x86, 0x73, 0x9C, 0x86, 0x84, 0x6D, 0x84, 0x84, 0x9C, 0x8F, 0x87, 0x99, 0x87, 0x93,
    0x95, 0xB4, 0xAA, 0xAB, 0xBB, 0xAD, 0xC1, 0xB8, 0xBB, 0xD1, 0xCB, 0xCF, 0xB0, 0x99, 0xB1, 0xC4, 0xC0, 0xC0, 0xC2, 0xAD,
    0xAB, 0xB5, 0xBA, 0xB9, 0xC7, 0xDA, 0xAD, 0xAF, 0xBE, 0xBE, 0xD4, 0xC0, 0xDD, 0xC4, 0xC6, 0xDA, 0xCA, 0xC5, 0xC6, 0xCF,
    0xCD, 0xDC, 0xD9, 0xD1, 0xD2, 0xC6, 0xD4, 0xC5, 0xCF, 0xD3, 0xCF, 0xDC, 0xE5, 0xDD, 0xD1, 0xCC, 0xBD, 0xC0, 0xDC, 0xFF,
    0xFF, 0xFF, 0x7B, 0x94, 0x99, 0x89, 0xAF, 0xBA, 0x9B, 0x92, 0x8A, 0x9F, 0x79, 0x79, 0xA4, 0x9F, 0x73, 0x62, 0x74, 0x7F,
    0x7C, 0x8B, 0x82, 0x5C, 0x51, 0x5F, 0x58, 0x8C, 0x84, 0x8A, 0x6A, 0x46, 0x7E, 0xA0, 0x97, 0x92, 0x8D, 0x7C, 0x69, 0x5F,
    0x5B, 0x66, 0x57, 0x86, 0x8F, 0x48, 0x66, 0x69, 0x6B, 0x7E, 0x66, 0x6F, 0x81, 0x7C, 0x92, 0xA6, 0x75, 0x81, 0x83, 0x6E,
    0x69, 0x82, 0x80, 0x46, 0x45, 0x58, 0x69, 0x26, 0x38, 0x38, 0x56, 0x3C, 0x53, 0x3C, 0x5C, 0x5F, 0x54, 0x77, 0x57, 0x6C,
    0x73, 0x62, 0x7C, 0x6E, 0x6A, 0x79, 0x75, 0x5B, 0x88, 0x7F, 0x75, 0x47, 0x56, 0x73, 0x5B, 0x76, 0x89, 0x67, 0x6B, 0x7C,
    0x66, 0x6A, 0x57, 0x57, 0x8B, 0xEF, 0xF4, 0xF4, 0xFE, 0xFA, 0xFE, 0xEF, 0x6A, 0x58, 0x5D, 0x77, 0x66, 0x50, 0x50, 0x50,
    0x57, 0x52, 0x61, 0x68, 0x6D, 0x72, 0x8C, 0x87, 0x86, 0x84, 0x84, 0x79, 0xEE, 0xFB, 0xF2, 0xF2, 0xFF, 0xED, 0x80, 0x7F,
    0x78, 0x9C, 0x93, 0xA9, 0xA8, 0x9C, 0xAD, 0xA9, 0xAD, 0xAA, 0xA9, 0xB7, 0xC1, 0xD2, 0xB4, 0xAD, 0xBC, 0xB5, 0xAD, 0xB7,
    0xB6, 0x95, 0x88, 0xA0, 0xAB, 0xC7, 0x9C, 0xA7, 0x98, 0x87, 0x8E, 0x81, 0x8F, 0x84, 0x9E, 0x96, 0x94, 0xA0, 0xA3, 0x9B,
    0x90, 0xB1, 0xB5, 0xC4, 0xD5, 0xCE, 0xBF, 0xCB, 0xC3, 0xD1, 0xC1, 0xC4, 0xBE, 0xBA, 0xC2, 0xBE, 0xBF, 0xCB, 0xC3, 0xB4,
    0xBC, 0xBE, 0xA7, 0xBF, 0xD9, 0xBE, 0xB9, 0xB1, 0xAD, 0xB9, 0xC5, 0xBC, 0xD4, 0xC7, 0xCA, 0xCB, 0xC3, 0xC6, 0xD4, 0xC6,
    0xC7, 0xD8, 0xD8, 0xD8, 0xDB, 0xCF, 0xCA, 0xC7, 0xD2, 0xDD, 0xD3, 0xD6, 0xE3, 0xDD, 0xDF, 0xCF, 0xBE, 0xC7, 0xDD, 0xFF,
    0xFF, 0xFF, 0x74, 0xA3, 0x9A, 0x99, 0xA7, 0xA0, 0xA6, 0x7F, 0x89, 0x9C, 0x73, 0x97, 0x9F, 0x9F, 0x97, 0x97, 0x97, 0x7B,
    0x84, 0x7F, 0x7D, 0x61, 0x53, 0x6E, 0x6E, 0x92, 0x7F, 0x7F, 0x8E, 0x75, 0x77, 0xA3, 0x87, 0x8D, 0x7F, 0x60, 0x61, 0x92,
    0x7C, 0x5F, 0x5F, 0x8B, 0x8D, 0x4C, 0x57, 0x67, 0x6B, 0x67, 0x6A, 0x7E, 0x81, 0x7E, 0x78, 0x9A, 0x75, 0x83, 0x8C, 0x7B,
    0x61, 0x98, 0x7C, 0x44, 0x45, 0x67, 0x59, 0x22, 0x38, 0x36, 0x47, 0x51, 0x2B, 0x35, 0x68, 0x5C, 0x66, 0x73, 0x76, 0x55,
    0x5B, 0x76, 0x7B, 0x54, 0x66, 0x76, 0x5B, 0x4E, 0x87, 0x73, 0x68, 0x5F, 0x75, 0x62, 0x75, 0x7F, 0x60, 0x6D, 0x57, 0x37,
    0x49, 0x61, 0x70, 0xA6, 0xEE, 0xFE, 0xF3, 0xF7, 0xFF, 0xFF, 0xFD, 0xF3, 0x94, 0x67, 0x77, 0x73, 0x6C, 0x5E, 0x4F, 0x3B,
    0x65, 0x6A, 0x70, 0x69, 0x6D, 0x70, 0x90, 0x88, 0x88, 0x95, 0x87, 0xEE, 0xFC, 0xF3, 0xF7, 0xF5, 0xFF, 0xEE, 0x7C, 0x80,
    0x8E, 0xA5, 0x95, 0x94, 0x99, 0xAC, 0xA3, 0x9E, 0xA6, 0xA8, 0x8E, 0xA9, 0xBE, 0xC0, 0xAE, 0xB1, 0xBD, 0xAB, 0xAB, 0xB3,
    0xB6, 0x96, 0xA5, 0xA7, 0xA3, 0xB3, 0xAA, 0xAB, 0x9A, 0x99, 0x84, 0x86, 0x8E, 0x84, 0x78, 0xA7, 0x9A, 0x9B, 0x96, 0x88,
    0x98, 0xAC, 0xAE, 0xAE, 0xD1, 0xD1, 0xD1, 0xD1, 0xC6, 0xD1, 0xE0, 0xDD, 0xC6, 0xC7, 0xB9, 0xBB, 0xC0, 0xC1, 0xBE, 0xBF,
    0xC6, 0xB9, 0xAB, 0xC4, 0xE3, 0xDD, 0xC7, 0xB1, 0xBF, 0xC7, 0xC7, 0xCA, 0xD3, 0xE3, 0xD5, 0xD5, 0xD4, 0xB7, 0xBD, 0xC5,
    0xC6, 0xD3, 0xD5, 0xC7, 0xC6, 0xD4, 0xCD, 0xD1, 0xDC, 0xD0, 0xDB, 0xE0, 0xE3, 0xDB, 0xC6, 0xD1, 0xC5, 0xDD, 0xD6, 0xFF,
    0xFF, 0xFF, 0x7D, 0x91, 0x90, 0x84, 0x92, 0x88, 0x8E, 0x7F, 0x7C, 0x8A, 0x97, 0xA0, 0xA4, 0x9F, 0x99, 0x9F, 0xA2, 0x74,
    0x85, 0x76, 0x7D, 0x6E, 0x53, 0x85, 0x85, 0x75, 0x7D, 0x85, 0x93, 0x77, 0x7D, 0xA0, 0x91, 0x9A, 0x99, 0x7D, 0x68, 0x71,
    0x69, 0x4D, 0x66, 0x9A, 0x8B, 0x6E, 0x5F, 0x71, 0x81, 0x67, 0x6E, 0x59, 0x71, 0x8B, 0x9A, 0x91, 0x85, 0x84, 0x85, 0x5F,
    0x85, 0xA9, 0x69, 0x4B, 0x69, 0x69, 0x45, 0x3A, 0x59, 0x53, 0x3A, 0x52, 0x53, 0x74, 0x88, 0x70, 0x4C, 0x61, 0x74, 0x6C,
    0x70, 0x75, 0x60, 0x81, 0x57, 0x5C, 0x5C, 0x5A, 0x79, 0x61, 0x4D, 0x5B, 0x5E, 0x6D, 0x87, 0x98, 0x89, 0x93, 0x57, 0x67,
    0xA0, 0xE6, 0xEE, 0xF3, 0xFD, 0xF6, 0xFE, 0xFF, 0xFF, 0xFF, 0xF6, 0xFD, 0xAE, 0x68, 0x61, 0x62, 0x87, 0x62, 0x52, 0x50,
    0x66, 0x57, 0x84, 0x84, 0x8C, 0x8D, 0x99, 0x8E, 0x79, 0x9F, 0xEB, 0xFC, 0xF2, 0xF9, 0xF8, 0xF5, 0xFD, 0xF0, 0x93, 0x67,
    0x76, 0xA7, 0xA9, 0x96, 0xAD, 0xA0, 0xA0, 0xAB, 0x99, 0xA5, 0xB1, 0xBB, 0xCE, 0xCB, 0xC0, 0xBD, 0xC3, 0xB9, 0xAE, 0xB0,
    0xC7, 0x96, 0xAA, 0xAB, 0x97, 0xA2, 0xAE, 0xAF, 0x99, 0xAB, 0xA6, 0x9E, 0xA0, 0x99, 0x9D, 0xA6, 0x99, 0x87, 0x9B, 0x87,
    0x98, 0x9D, 0x9B, 0xA0, 0xC7, 0xD1, 0xBF, 0xD6, 0xD5, 0xD1, 0xDD, 0xC8, 0xC4, 0xC5, 0xCE, 0xC6, 0xBF, 0xC3, 0xC5, 0xB9,
    0xC0, 0xAB, 0xC1, 0xD1, 0xD6, 0xD9, 0xD2, 0xAB, 0xAD, 0xAD, 0xBE, 0xD1, 0xDD, 0xDD, 0xE0, 0xDB, 0xCA, 0xC2, 0xCD, 0xD2,
    0xD2, 0xC4, 0xD5, 0xD4, 0xCB, 0xCD, 0xD1, 0xD8, 0xD6, 0xD5, 0xBE, 0xD8, 0xE2, 0xE4, 0xD1, 0xD6, 0xC7, 0xD9, 0xD3, 0xFF,
    0xFF, 0xFF, 0x76, 0x7D, 0x8A, 0x62, 0x74, 0x89, 0x88, 0x7A, 0x79, 0x74, 0x99, 0x9F, 0xA2, 0xA2, 0x9F, 0x97, 0x9F, 0x98,
    0x6E, 0x7C, 0x70, 0x68, 0x5F, 0x8B, 0x78, 0x78, 0x7D, 0x8A, 0x8F, 0x68, 0x74, 0x87, 0x7F, 0x6C, 0x88, 0x79, 0x4A, 0x3D,
    0x53, 0x39, 0x55, 0x81, 0x6A, 0x5E, 0x65, 0x44, 0x64, 0x41, 0x47, 0x48, 0x58, 0x6D, 0x77, 0x72, 0x65, 0x44, 0x4D, 0x57,
    0x46, 0x96, 0x6B, 0x64, 0x58, 0x43, 0x27, 0x38, 0x3A, 0x48, 0x39, 0x20, 0x2F, 0x50, 0x3C, 0x48, 0x4D, 0x46, 0x5B, 0x57,
    0x68, 0x5B, 0x57, 0x4F, 0x48, 0x42, 0x34, 0x4A, 0x50, 0x5E, 0x46, 0x4A, 0x39, 0x3B, 0x62, 0x7F, 0x65, 0x80, 0x4D, 0x46,
    0xED, 0xFE, 0xFC, 0xF3, 0xF1, 0xFF, 0xF2, 0xF0, 0xFF, 0xFF, 0xF5, 0xFC, 0xAE, 0x57, 0x77, 0x5E, 0x5B, 0x3B, 0x3B, 0x3B,
    0x5A, 0x55, 0x6D, 0x67, 0x68, 0x5B, 0x62, 0x99, 0x77, 0xEB, 0xFD, 0xF0, 0xFA, 0xFF, 0xFF, 0xF6, 0xFF, 0xEF, 0x9C, 0x77,
    0x81, 0x90, 0x96, 0x95, 0xA5, 0xA0, 0xA3, 0x95, 0x8C, 0x84, 0x89, 0xA7, 0xAE, 0xBB, 0xB1, 0xBB, 0xB9, 0xB3, 0xAA, 0xB3,
    0xB3, 0xA9, 0xAC, 0x90, 0x99, 0x9F, 0xA3, 0x97, 0x87, 0xA5, 0x84, 0x5D, 0x73, 0x98, 0x87, 0x85, 0x94, 0x97, 0x97, 0x99,
    0x93, 0x90, 0xBB, 0xA0, 0xB0, 0xC1, 0xB9, 0xBE, 0xB0, 0xA4, 0xBE, 0xC5, 0xB9, 0xBC, 0xC5, 0xC0, 0xAD, 0xBA, 0xAE, 0xA7,
    0xB3, 0xAB, 0xAB, 0xC5, 0xBE, 0xBC, 0xB0, 0xAC, 0xAA, 0xAE, 0xBE, 0xBF, 0xCD, 0xCC, 0xC0, 0xD7, 0xC9, 0xCD, 0xD5, 0xD5,
    0xDB, 0xCE, 0xC9, 0xCC, 0xC7, 0xC5, 0xC6, 0xD0, 0xD3, 0xDD, 0xC6, 0xDB, 0xE5, 0xE0, 0xDD, 0xD6, 0xE2, 0xE4, 0xE4, 0xFF,
    0xFF, 0xFF, 0x98, 0x98, 0x8A, 0x74, 0x6C, 0x87, 0x97, 0x74, 0x98, 0x97, 0x9F, 0xA4, 0xA4, 0xA4, 0xA4, 0x9F, 0xA2, 0x97,
    0x7B, 0x71, 0x68, 0x69, 0x71, 0x84, 0x82, 0x7E, 0x75, 0x86, 0x85, 0xC8, 0xEB, 0xEB, 0xEB, 0xEB, 0xEB, 0xEC, 0xE6, 0xEB,
    0xE6, 0xE6, 0xE6, 0xEB, 0xEB, 0xE6, 0xE7, 0xE6, 0xEB, 0xE6, 0xE6, 0xE6, 0xE6, 0xE7, 0xEB, 0xEB, 0xE6, 0xE6, 0xE7, 0xEA,
    0xEB, 0xEB, 0xEB, 0xEB, 0xE6, 0xE6, 0xE6, 0xE3, 0xE6, 0xEB, 0xE6, 0xD5, 0xE3, 0xE8, 0xE8, 0xE7, 0xEB, 0xE6, 0xE6, 0xEB,
    0xEB, 0xEB, 0xE6, 0xE6, 0xE3, 0xE6, 0xE3, 0xEB, 0xEB, 0xE6, 0xE6, 0xE6, 0xE6, 0xE8, 0xE8, 0xEB, 0xE8, 0xE8, 0xEB, 0xEB,
    0xEF, 0xF3, 0xF5, 0xFA, 0xFA, 0xF8, 0xEF, 0xEE, 0xFF, 0xFA, 0xF4, 0xFB, 0xED, 0xEB, 0xEB, 0xE8, 0xE6, 0xEB, 0xE8, 0xE8,
    0xE8, 0xEB, 0xE8, 0xE8, 0xE8, 0xE8, 0xEB, 0xEB, 0xEB, 0xEF, 0xF3, 0xF5, 0xF9, 0xFF, 0xFF, 0xFE, 0xFF, 0xF0, 0xED, 0xEB,
    0xEB, 0xED, 0xEB, 0xEB, 0xEB, 0xEB, 0xEB, 0xEB, 0xEB, 0xED, 0xEB, 0xEB, 0xEB, 0xED, 0xED, 0xED, 0xED, 0xED, 0xEB, 0xED,
    0xED, 0xED, 0xED, 0xEB, 0xED, 0xED, 0xEB, 0xEB, 0xEB, 0xEB, 0xE8, 0xEB, 0xEB, 0xEB, 0xE8, 0xEB, 0xEB, 0xEB, 0xEB, 0xEB,
    0xED, 0xED, 0xED, 0xEB, 0xED, 0xEB, 0xED, 0xED, 0xED, 0xEC, 0xED, 0xED, 0xED, 0xED, 0xED, 0xED, 0xED, 0xED, 0xEC, 0xED,
    0xED, 0xED, 0xED, 0xED, 0xED, 0xED, 0xED, 0xED, 0xED, 0xE7, 0xA8, 0xC1, 0xE1, 0xD3, 0xC7, 0xDB, 0xDB, 0xBF, 0xC5, 0xC7,
    0xD4, 0xC6, 0xCB, 0xDD, 0xD5, 0xC5, 0xD5, 0xDD, 0xE3, 0xD6, 0xE0, 0xE9, 0xE5, 0xE6, 0xE5, 0xE5, 0xE5, 0xE4, 0xE6, 0xFF,
    0xFF, 0xFF, 0x9C, 0x9B, 0x89, 0x7A, 0x7F, 0x87, 0x88, 0x61, 0x74, 0x79, 0x97, 0x97, 0x79, 0x9F, 0xA2, 0x9F, 0x73, 0x73,
    0x7B, 0x7A, 0x7B, 0x5D, 0x75, 0x70, 0x77, 0x70, 0x8A, 0x86, 0x85, 0x9D, 0xED, 0xFD, 0xFD, 0xFF, 0xFF, 0xFF, 0xFF, 0xFF,
    0xFF, 0xFF, 0xFF, 0xFF, 0xFF, 0xFF, 0xFF, 0xFF, 0xFF, 0xFF, 0xFF, 0xFF, 0xFF, 0xFF, 0xFF, 0xFF, 0xFF, 0xFF, 0xFF, 0xFF,
    0xFF, 0xFF, 0xFF, 0xFF, 0xFF, 0xFF, 0xFF, 0xFF, 0xFF, 0xFF, 0xFF, 0xFF, 0xFF, 0xFF, 0xFF, 0xFF, 0xFF, 0xFF, 0xFF, 0xFF,
    0xFF, 0xFF, 0xFF, 0xFF, 0xFF, 0xFF, 0xFF, 0xFF, 0xFF, 0xFF, 0xFF, 0xFF, 0xFF, 0xFF, 0xFF, 0xFF, 0xFF, 0xFF, 0xFF, 0xFC,
    0xFD, 0xF4, 0xFF, 0xFF, 0xFF, 0xF8, 0xFA, 0xFF, 0xFF, 0xFF, 0xF9, 0xF7, 0xFF, 0xFF, 0xFF, 0xFF, 0xFF, 0xFF, 0xFF, 0xFF,
    0xFF, 0xFF, 0xFF, 0xFF, 0xFF, 0xFF, 0xFF, 0xFF, 0xFF, 0xFC, 0xF4, 0xF5, 0xFE, 0xFF, 0xFF, 0xFF, 0xF8, 0xFF, 0xFF, 0xFF,
    0xFF, 0xFF, 0xFF, 0xFF, 0xFF, 0xFF, 0xFF, 0xFF, 0xFF, 0xFF, 0xFF, 0xFE, 0xFF, 0xFF, 0xFF, 0xFF, 0xFF, 0xFF, 0xFF, 0xFF,
    0xFF, 0xFF, 0xFF, 0xFF, 0xFF, 0xFF, 0xFF, 0xFF, 0xFE, 0xFF, 0xFF, 0xFF, 0xFF, 0xFF, 0xFF, 0xFF, 0xFF, 0xFF, 0xFF, 0xFF,
    0xFF, 0xFF, 0xFF, 0xFF, 0xFF, 0xFF, 0xFF, 0xFF, 0xFF, 0xFF, 0xFF, 0xFF, 0xFF, 0xFD, 0xFF, 0xFE, 0xFF, 0xFF, 0xFF, 0xFF,
    0xFF, 0xFF, 0xFF, 0xFE, 0xFF, 0xFF, 0xFF, 0xFF, 0xED, 0xC4, 0xAA, 0xBC, 0xCD, 0xDC, 0xD9, 0xD3, 0xD1, 0xD5, 0xD2, 0xD1,
    0xD1, 0xD9, 0xDC, 0xE3, 0xD6, 0xD9, 0xE0, 0xDD, 0xE7, 0xDD, 0xE4, 0xE7, 0xE9, 0xE5, 0xE3, 0xE3, 0xE4, 0xE4, 0xE9, 0xFF,
    0xFF, 0xFF, 0x91, 0x90, 0x9A, 0x9F, 0x9A, 0x7F, 0x5D, 0x6C, 0x62, 0x73, 0x79, 0x97, 0x62, 0x9F, 0x97, 0x73, 0x79, 0x89,
    0x72, 0x70, 0x83, 0x6E, 0x6E, 0x68, 0x5F, 0x5F, 0x7D, 0x7F, 0x61, 0x82, 0x67, 0xD5, 0xEF, 0xFC, 0xF0, 0xF3, 0xF2, 0xF1,
    0xF1, 0xF1, 0xF1, 0xF1, 0xF1, 0xF1, 0xF1, 0xF0, 0xF1, 0xF1, 0xF1, 0xF1, 0xF1, 0xF1, 0xF1, 0xF1, 0xF1, 0xF1, 0xF1, 0xF1,
    0xF1, 0xF1, 0xF1, 0xF1, 0xF1, 0xF0, 0xF1, 0xF1, 0xF1, 0xF1, 0xF1, 0xF0, 0xF1, 0xF0, 0xF0, 0xF1, 0xF1, 0xF0, 0xF0, 0xF1,
    0xF1, 0xF1, 0xF1, 0xF1, 0xF1, 0xF1, 0xF1, 0xF1, 0xF1, 0xF1, 0xF1, 0xF0, 0xF1, 0xF2, 0xF2, 0xF2, 0xF1, 0xF1, 0xF1, 0xF1,
    0xF3, 0xFB, 0xFF, 0xFF, 0xFF, 0xFF, 0xF8, 0xF7, 0xFF, 0xFF, 0xFF, 0xF6, 0xF1, 0xF0, 0xF1, 0xF0, 0xF1, 0xF1, 0xF0, 0xF1,
    0xF2, 0xF1, 0xF0, 0xF1, 0xF1, 0xF0, 0xF1, 0xF1, 0xF1, 0xF6, 0xF7, 0xF2, 0xFF, 0xFF, 0xFF, 0xFF, 0xFF, 0xF8, 0xF4, 0xF1,
    0xF1, 0xF1, 0xF1, 0xF1, 0xF4, 0xF2, 0xF4, 0xF1, 0xF1, 0xF1, 0xF2, 0xF4, 0xF2, 0xF2, 0xF2, 0xF2, 0xF1, 0xF1, 0xF1, 0xF4,
    0xF4, 0xF4, 0xF5, 0xF1, 0xF5, 0xF4, 0xF2, 0xF2, 0xF1, 0xF1, 0xF1, 0xF1, 0xF1, 0xF1, 0xF1, 0xF1, 0xF1, 0xF5, 0xF2, 0xF2,
    0xF2, 0xF1, 0xF1, 0xF4, 0xF5, 0xF2, 0xF3, 0xF4, 0xF2, 0xF3, 0xF4, 0xF6, 0xF3, 0xF3, 0xF4, 0xF1, 0xF4, 0xF4, 0xF4, 0xF4,
    0xF6, 0xF5, 0xF2, 0xF2, 0xF0, 0xFB, 0xF0, 0xEB, 0xBF, 0xD1, 0xD5, 0xC6, 0xDD, 0xD4, 0xCD, 0xE2, 0xDD, 0xD6, 0xD9, 0xDD,
    0xE6, 0xE0, 0xDA, 0xDD, 0xDD, 0xE1, 0xDC, 0xE4, 0xE7, 0xE4, 0xE0, 0xE2, 0xE6, 0xE6, 0xE6, 0xE6, 0xE9, 0xE7, 0xEA, 0xFF,
    0xFF, 0xFF, 0x85, 0x92, 0x9D, 0x98, 0x87, 0x89, 0x7B, 0x76, 0x60, 0x97, 0x9F, 0x73, 0x97, 0x97, 0x73, 0x62, 0x79, 0x97,
    0x78, 0x7B, 0x6C, 0x6E, 0x68, 0x7E, 0x69, 0x7E, 0x75, 0x7E, 0x7F, 0x89, 0x75, 0x6A, 0xA7, 0xEE, 0xFF, 0xF0, 0xF0, 0xFF,
    0xFF, 0xFF, 0xFF, 0xFF, 0xFF, 0xFF, 0xFF, 0xFF, 0xFF, 0xFF, 0xFF, 0xFF, 0xFF, 0xFF, 0xFF, 0xFF, 0xFF, 0xFF, 0xFF, 0xFF,
    0xFF, 0xFF, 0xFF, 0xFF, 0xFF, 0xFF, 0xFF, 0xFF, 0xFF, 0xFF, 0xFF, 0xFE, 0xFF, 0xFF, 0xFF, 0xFF, 0xFF, 0xFF, 0xFF, 0xFF,
    0xFF, 0xFF, 0xFF, 0xFF, 0xFE, 0xFF, 0xFF, 0xFF, 0xFF, 0xFF, 0xFF, 0xFF, 0xFF, 0xFF, 0xFF, 0xFF, 0xFF, 0xFF, 0xFF, 0xFF,
    0xFF, 0xFF, 0xFF, 0xFF, 0xFF, 0xFF, 0xFF, 0xFF, 0xFF, 0xFF, 0xFF, 0xFE, 0xFE, 0xFA, 0xFF, 0xFF, 0xFF, 0xFF, 0xFF, 0xFF,
    0xFF, 0xFF, 0xFA, 0xFF, 0xFF, 0xFF, 0xFF, 0xFF, 0xFF, 0xFE, 0xFE, 0xFF, 0xFF, 0xFF, 0xFF, 0xFF, 0xFF, 0xFF, 0xFF, 0xFF,
    0xFF, 0xFF, 0xFF, 0xFF, 0xFF, 0xFF, 0xFF, 0xFF, 0xFF, 0xFF, 0xFF, 0xFF, 0xFF, 0xFF, 0xFF, 0xFE, 0xFF, 0xFF, 0xFF, 0xFF,
    0xFE, 0xFF, 0xFF, 0xFF, 0xFF, 0xFE, 0xFE, 0xFF, 0xFF, 0xFF, 0xFF, 0xFF, 0xFF, 0xFF, 0xFF, 0xFF, 0xFF, 0xFF, 0xFF, 0xFF,
    0xFE, 0xFE, 0xFF, 0xFF, 0xFF, 0xFF, 0xFF, 0xFF, 0xFF, 0xFF, 0xFF, 0xFF, 0xFF, 0xFE, 0xFF, 0xFF, 0xFF, 0xFF, 0xFF, 0xFF,
    0xFF, 0xF9, 0xF4, 0xF5, 0xFF, 0xEF, 0xE3, 0xC3, 0xDD, 0xDD, 0xE0, 0xE1, 0xE7, 0xD6, 0xD2, 0xD9, 0xE2, 0xD3, 0xDD, 0xE0,
    0xDF, 0xD7, 0xDA, 0xDB, 0xDB, 0xD9, 0xD9, 0xE4, 0xE7, 0xE0, 0xE4, 0xE6, 0xEB, 0xE4, 0xDF, 0xE9, 0xEA, 0xEA, 0xEA, 0xFF,
    0xFF, 0xFF, 0x9A, 0x95, 0x8B, 0x7F, 0x9A, 0x78, 0x75, 0x7A, 0x79, 0xA0, 0x97, 0x73, 0x73, 0x62, 0x62, 0x73, 0x73, 0x97,
    0x7D, 0x75, 0x58, 0x72, 0x77, 0x61, 0x66, 0x6F, 0x7E, 0x85, 0x91, 0x75, 0x68, 0x81, 0x7E, 0x76, 0xE6, 0xFC, 0xF6, 0xF5,
    0xFF, 0xFF, 0xFF, 0xFF, 0xFF, 0xFF, 0xFF, 0xFF, 0xFF, 0xFF, 0xFF, 0xFF, 0xFF, 0xFF, 0xFF, 0xFF, 0xFF, 0xFF, 0xFF, 0xFF,
    0xFF, 0xFF, 0xFF, 0xFF, 0xFF, 0xFF, 0xFF, 0xFF, 0xFF, 0xFF, 0xFF, 0xFF, 0xFF, 0xFF, 0xFF, 0xFF, 0xFF, 0xFF, 0xFF, 0xFF,
    0xFF, 0xFF, 0xFF, 0xFF, 0xFF, 0xFF, 0xFF, 0xFF, 0xFF, 0xFF, 0xFF, 0xFF, 0xFF, 0xFF, 0xFF, 0xFF, 0xFF, 0xFF, 0xFF, 0xFF,
    0xFF, 0xFF, 0xFF, 0xFF, 0xFF, 0xFF, 0xFF, 0xFF, 0xFF, 0xFF, 0xFF, 0xFF, 0xFF, 0xFF, 0xFF, 0xFF, 0xFF, 0xFF, 0xFF, 0xFF,
    0xFF, 0xFF, 0xFF, 0xFF, 0xFF, 0xFF, 0xFF, 0xFF, 0xFF, 0xFF, 0xFF, 0xFF, 0xFF, 0xFF, 0xFF, 0xFF, 0xFF, 0xFF, 0xFF, 0xFF,
    0xFF, 0xFF, 0xFF, 0xFF, 0xFF, 0xFF, 0xFF, 0xFF, 0xFF, 0xFF, 0xFF, 0xFF, 0xFF, 0xFF, 0xFF, 0xFF, 0xFF, 0xFF, 0xFF, 0xFF,
    0xFF, 0xFF, 0xFF, 0xFF, 0xFF, 0xFF, 0xFF, 0xFF, 0xFF, 0xFF, 0xFF, 0xFF, 0xFF, 0xFF, 0xFF, 0xFF, 0xFF, 0xFF, 0xFF, 0xFF,
    0xFF, 0xFF, 0xFF, 0xFF, 0xFF, 0xFF, 0xFF, 0xFF, 0xFF, 0xFF, 0xFF, 0xFF, 0xFF, 0xFF, 0xFF, 0xFF, 0xFF, 0xFF, 0xFF, 0xFF,
    0xFF, 0xF1, 0xF9, 0xFD, 0xED, 0xD9, 0xD2, 0xDC, 0xD3, 0xD5, 0xD5, 0xE0, 0xDF, 0xD9, 0xDC, 0xD9, 0xE5, 0xE1, 0xD6, 0xDD,
    0xDE, 0xDB, 0xDD, 0xD9, 0xD0, 0xCF, 0xDF, 0xE3, 0xE3, 0xDD, 0xE3, 0xE7, 0xE4, 0xEA, 0xE5, 0xEA, 0xEA, 0xEA, 0xEB, 0xFF,
    0xFF, 0xFF, 0x89, 0x9A, 0x7D, 0x61, 0x8B, 0x84, 0x6E, 0x7F, 0x99, 0xA4, 0x97, 0x97, 0x73, 0x62, 0x62, 0x73, 0x73, 0x79,
    0x76, 0x5F, 0x5C, 0x7B, 0x5F, 0x66, 0x5D, 0x5F, 0x7B, 0x6C, 0x5E, 0x6F, 0x68, 0x81, 0x86, 0x72, 0x53, 0xD5, 0xEF, 0xFF,
    0xF5, 0xFF, 0xFE, 0xFE, 0xFF, 0xFF, 0xFF, 0xFF, 0xFF, 0xFF, 0xFF, 0xFF, 0xFF, 0xFF, 0xFF, 0xFF, 0xFF, 0xFF, 0xFF, 0xFF,
    0xFF, 0xFF, 0xFF, 0xFF, 0xFF, 0xFF, 0xFF, 0xFF, 0xFF, 0xFF, 0xFF, 0xFF, 0xFF, 0xFF, 0xFF, 0xFF, 0xFF, 0xFF, 0xFF, 0xFF,
    0xFF, 0xFF, 0xFF, 0xFF, 0xFF, 0xFF, 0xFF, 0xFF, 0xFF, 0xFF, 0xFF, 0xFF, 0xFF, 0xFF, 0xFF, 0xFF, 0xFF, 0xFF, 0xFF, 0xFF,
    0xFF, 0xFF, 0xFF, 0xFF, 0xFF, 0xFF, 0xFF, 0xFF, 0xFF, 0xFF, 0xFF, 0xFF, 0xFF, 0xFF, 0xFF, 0xFF, 0xFF, 0xFF, 0xFF, 0xFF,
    0xFF, 0xFF, 0xFF, 0xFF, 0xFF, 0xFF, 0xFF, 0xFF, 0xFF, 0xFF, 0xFF, 0xFF, 0xFF, 0xFF, 0xFF, 0xFF, 0xFF, 0xFF, 0xFF, 0xFF,
    0xFF, 0xFF, 0xFF, 0xFF, 0xFF, 0xFF, 0xFF, 0xFF, 0xFF, 0xFF, 0xFF, 0xFF, 0xFF, 0xFF, 0xFF, 0xFF, 0xFF, 0xFF, 0xFF, 0xFF,
    0xFF, 0xFF, 0xFF, 0xFF, 0xFF, 0xFF, 0xFF, 0xFF, 0xFF, 0xFF, 0xFF, 0xFF, 0xFF, 0xFF, 0xFF, 0xFF, 0xFF, 0xFF, 0xFF, 0xFF,
    0xFF, 0xFF, 0xFF, 0xFF, 0xFF, 0xFF, 0xFF, 0xFF, 0xFF, 0xFF, 0xFF, 0xFF, 0xFF, 0xFF, 0xFF, 0xFF, 0xFF, 0xFF, 0xFF, 0xFA,
    0xF5, 0xFF, 0xEF, 0xEB, 0xCF, 0xDA, 0xDD, 0xD1, 0xD5, 0xE0, 0xE0, 0xDD, 0xE1, 0xD8, 0xD7, 0xD9, 0xE3, 0xDD, 0xCD, 0xD1,
    0xDF, 0xD2, 0xDD, 0xD5, 0xE3, 0xDD, 0xE0, 0xE0, 0xE0, 0xE4, 0xE3, 0xE7, 0xE4, 0xE7, 0xE9, 0xE0, 0xE9, 0xEA, 0xE7, 0xFF,
    0xFF, 0xFF, 0x8B, 0x86, 0x7C, 0x7D, 0x8A, 0x8A, 0x76, 0x62, 0x76, 0x97, 0x74, 0x97, 0x97, 0x97, 0x79, 0x79, 0x73, 0x73,
    0x75, 0x7E, 0x76, 0x75, 0x54, 0x54, 0x5C, 0x57, 0x59, 0x58, 0x54, 0x66, 0x54, 0x61, 0x6F, 0x75, 0x7D, 0x68, 0xA3, 0xED,
    0xFC, 0xF1, 0xF1, 0xF4, 0xF6, 0xFF, 0xFF, 0xFF, 0xFF, 0xFF, 0xFF, 0xFF, 0xFF, 0xFF, 0xFF, 0xFF, 0xFF, 0xFF, 0xFF, 0xFF,
    0xFF, 0xFF, 0xFF, 0xFF, 0xFF, 0xFF, 0xFF, 0xFF, 0xFF, 0xFF, 0xFF, 0xFF, 0xFF, 0xFF, 0xFF, 0xFF, 0xFF, 0xFF, 0xFF, 0xFF,
    0xFF, 0xFF, 0xFF, 0xFF, 0xFF, 0xFF, 0xFF, 0xFF, 0xFF, 0xFF, 0xFF, 0xFF, 0xFF, 0xFF, 0xFF, 0xFF, 0xFF, 0xFF, 0xFF, 0xFF,
    0xFF, 0xFF, 0xFF, 0xFF, 0xFF, 0xFF, 0xFF, 0xFF, 0xFF, 0xFF, 0xFF, 0xFF, 0xFF, 0xFF, 0xFF, 0xFF, 0xFF, 0xFF, 0xFF, 0xFF,
    0xFF, 0xFF, 0xFF, 0xFF, 0xFF, 0xFF, 0xFF, 0xFF, 0xFF, 0xFF, 0xFF, 0xFF, 0xFF, 0xFF, 0xFF, 0xFF, 0xFF, 0xFF, 0xFF, 0xFF,
    0xFF, 0xFF, 0xFF, 0xFF, 0xFF, 0xFF, 0xFF, 0xFF, 0xFF, 0xFF, 0xFF, 0xFF, 0xFF, 0xFF, 0xFF, 0xFF, 0xFF, 0xFF, 0xFF, 0xFF,
    0xFF, 0xFF, 0xFF, 0xFF, 0xFF, 0xFF, 0xFF, 0xFF, 0xFF, 0xFF, 0xFF, 0xFF, 0xFF, 0xFF, 0xFF, 0xFF, 0xFF, 0xFF, 0xFF, 0xFF,
    0xFF, 0xFF, 0xFF, 0xFF, 0xFF, 0xFF, 0xFF, 0xFF, 0xFF, 0xFF, 0xFF, 0xFF, 0xFF, 0xFF, 0xFF, 0xFF, 0xFF, 0xFF, 0xF1, 0xF1,
    0xFC, 0xEE, 0xDD, 0xBB, 0xC3, 0xCB, 0xDF, 0xD9, 0xD2, 0xDC, 0xD9, 0xDC, 0xDF, 0xD9, 0xCF, 0xC3, 0xD6, 0xD9, 0xD7, 0xD8,
    0xE1, 0xDC, 0xE0, 0xE3, 0xE3, 0xE0, 0xDC, 0xE2, 0xE4, 0xE3, 0xEA, 0xEA, 0xE7, 0xEA, 0xE7, 0xE4, 0xE5, 0xE7, 0xE1, 0xFF,
    0xFF, 0xFF, 0x89, 0x9A, 0x98, 0x9A, 0x75, 0x76, 0x76, 0x76, 0x73, 0x97, 0x9F, 0xAE, 0xA4, 0xA2, 0x97, 0x9F, 0xA2, 0x9F,
    0x89, 0x89, 0x7F, 0x86, 0x75, 0x60, 0x5C, 0x6E, 0x6E, 0x69, 0x68, 0x5F, 0x5C, 0x4A, 0x61, 0x7F, 0x75, 0x7B, 0x84, 0x98,
    0xEB, 0xFC, 0xFC, 0xF1, 0xF4, 0xFF, 0xFF, 0xFF, 0xFF, 0xFF, 0xFF, 0xFF, 0xFF, 0xFF, 0xFF, 0xFF, 0xFF, 0xFF, 0xFF, 0xFF,
    0xFF, 0xFF, 0xFF, 0xFF, 0xFF, 0xFF, 0xFF, 0xFF, 0xFF, 0xFF, 0xFF, 0xFF, 0xFF, 0xFF, 0xFF, 0xFF, 0xFF, 0xFF, 0xFF, 0xFF,
    0xFF, 0xFF, 0xFF, 0xFF, 0xFF, 0xFF, 0xFF, 0xFF, 0xFF, 0xFF, 0xFF, 0xFF, 0xFF, 0xFF, 0xFF, 0xFF, 0xFF, 0xFF, 0xFF, 0xFF,
    0xFF, 0xFF, 0xFF, 0xFF, 0xFF, 0xFF, 0xFF, 0xFF, 0xFF, 0xFF, 0xFF, 0xFF, 0xFF, 0xFF, 0xFF, 0xFF, 0xFF, 0xFF, 0xFF, 0xFF,
    0xFF, 0xFF, 0xFF, 0xFF, 0xFF, 0xFF, 0xFF, 0xFF, 0xFF, 0xFF, 0xFF, 0xFF, 0xFF, 0xFF, 0xFF, 0xFF, 0xFF, 0xFF, 0xFF, 0xFF,
    0xFF, 0xFF, 0xFF, 0xFF, 0xFF, 0xFF, 0xFF, 0xFF, 0xFF, 0xFF, 0xFF, 0xFF, 0xFF, 0xFF, 0xFF, 0xFF, 0xFF, 0xFF, 0xFF, 0xFF,
    0xFF, 0xFF, 0xFF, 0xFF, 0xFF, 0xFF, 0xFF, 0xFF, 0xFF, 0xFF, 0xFF, 0xFF, 0xFF, 0xFF, 0xFF, 0xFF, 0xFF, 0xFF, 0xFF, 0xFF,
    0xFF, 0xFF, 0xFF, 0xFF, 0xFF, 0xFF, 0xFF, 0xFF, 0xFF, 0xFF, 0xFF, 0xFF, 0xFF, 0xFF, 0xFF, 0xFF, 0xFF, 0xF5, 0xFC, 0xF7,
    0xED, 0xB3, 0xC9, 0xD5, 0xCE, 0xBD, 0xD7, 0xD3, 0xC3, 0xC9, 0xC7, 0xE0, 0xE0, 0xE0, 0xD3, 0xDA, 0xD3, 0xD3, 0xE1, 0xD4,
    0xD6, 0xDC, 0xE1, 0xE3, 0xDD, 0xDD, 0xE0, 0xCD, 0xE5, 0xEA, 0xEA, 0xE2, 0xE7, 0xE7, 0xE9, 0xE0, 0xE0, 0xD3, 0xE1, 0xFF,
    0xFF, 0xFF, 0xFF, 0xAC, 0xAB, 0xA3, 0x8B, 0x7D, 0x5C, 0x76, 0x97, 0x98, 0xA2, 0xA4, 0xB0, 0xA4, 0xA4, 0x9F, 0xA4, 0xA4,
    0x9F, 0x7D, 0x69, 0x67, 0x85, 0x76, 0x55, 0x58, 0x6A, 0x61, 0x75, 0x6E, 0x5C, 0x55, 0x69, 0x72, 0x57, 0x7C, 0x78, 0xB1,
    0x8D, 0xC7, 0xEF, 0xFE, 0xF1, 0xF9, 0xFF, 0xFE, 0xFF, 0xFF, 0xFF, 0xFF, 0xFF, 0xFF, 0xFF, 0xFF, 0xFF, 0xFF, 0xFF, 0xFF,
    0xFF, 0xFF, 0xFF, 0xFF, 0xFF, 0xFF, 0xFF, 0xFF, 0xFF, 0xFF, 0xFF, 0xFF, 0xFF, 0xFF, 0xFF, 0xFF, 0xFF, 0xFF, 0xFF, 0xFF,
    0xFF, 0xFF, 0xFF, 0xFF, 0xFF, 0xFF, 0xFF, 0xFF, 0xFF, 0xFF, 0xFF, 0xFF, 0xFF, 0xFF, 0xFF, 0xFF, 0xFF, 0xFF, 0xFF, 0xFF,
    0xFF, 0xFF, 0xFF, 0xFF, 0xFF, 0xFF, 0xFF, 0xFF, 0xFF, 0xFF, 0xFF, 0xFF, 0xFF, 0xFF, 0xFF, 0xFF, 0xFF, 0xFF, 0xFF, 0xFF,
    0xFF, 0xFF, 0xFF, 0xFF, 0xFF, 0xFF, 0xFF, 0xFF, 0xFF, 0xFF, 0xFF, 0xFF, 0xFF, 0xFF, 0xFF, 0xFF, 0xFF, 0xFF, 0xFF, 0xFF,
    0xFF, 0xFF, 0xFF, 0xFF, 0xFF, 0xFF, 0xFF, 0xFF, 0xFF, 0xFF, 0xFF, 0xFF, 0xFF, 0xFF, 0xFF, 0xFF, 0xFF, 0xFF, 0xFF, 0xFF,
    0xFF, 0xFF, 0xFF, 0xFF, 0xFF, 0xFF, 0xFF, 0xFF, 0xFF, 0xFF, 0xFF, 0xFF, 0xFF, 0xFF, 0xFF, 0xFF, 0xFF, 0xFF, 0xFF, 0xFF,
    0xFF, 0xFF, 0xFF, 0xFF, 0xFF, 0xFF, 0xFF, 0xFF, 0xFF, 0xFF, 0xFF, 0xFF, 0xFF, 0xFE, 0xFF, 0xFF, 0xF5, 0xFF, 0xEF, 0xEB,
    0xBE, 0xC2, 0xC5, 0xD2, 0xCE, 0xC0, 0xC3, 0xD2, 0xC0, 0xCA, 0xC6, 0xD3, 0xD3, 0xCB, 0xD0, 0xDF, 0xD9, 0xD9, 0xD1, 0xE5,
    0xE3, 0xE6, 0xE7, 0xE9, 0xE0, 0xDD, 0xE3, 0xD3, 0xE5, 0xEA, 0xE9, 0xE5, 0xE7, 0xE4, 0xE5, 0xE7, 0xD3, 0xD8, 0xFF, 0xFF,
    0xFF, 0xFF, 0xFF, 0xA4, 0xA3, 0xB9, 0xA4, 0x97, 0x60, 0x78, 0x79, 0x9A, 0xA4, 0xA2, 0x9F, 0x9F, 0x9F, 0xA0, 0xA4, 0xA2,
    0x9F, 0x7F, 0x6C, 0x6D, 0x66, 0x77, 0x5F, 0x5F, 0x6F, 0x7D, 0x60, 0x40, 0x4B, 0x56, 0x6F, 0x75, 0x7B, 0x92, 0x90, 0x9A,
    0x9B, 0x7D, 0x76, 0xED, 0xFD, 0xF0, 0xF3, 0xF4, 0xFD, 0xFE, 0xFF, 0xFF, 0xFF, 0xFF, 0xFF, 0xFF, 0xFF, 0xFF, 0xFF, 0xFF,
    0xFF, 0xFF, 0xFF, 0xFF, 0xFF, 0xFF, 0xFF, 0xFF, 0xFF, 0xFF, 0xFF, 0xFF, 0xFF, 0xFF, 0xFF, 0xFF, 0xFF, 0xFF, 0xFF, 0xFF,
    0xFF, 0xFF, 0xFF, 0xFF, 0xFF, 0xFF, 0xFF, 0xFF, 0xFF, 0xFF, 0xFF, 0xFF, 0xFF, 0xFF, 0xFF, 0xFF, 0xFF, 0xFF, 0xFF, 0xFF,
    0xFF, 0xFF, 0xFF, 0xFF, 0xFF, 0xFF, 0xFF, 0xFF, 0xFF, 0xFF, 0xFF, 0xFF, 0xFF, 0xFF, 0xFF, 0xFF, 0xFF, 0xFF, 0xFF, 0xFF,
    0xFF, 0xFF, 0xFF, 0xFF, 0xFF, 0xFF, 0xFF, 0xFF, 0xFF, 0xFF, 0xFF, 0xFF, 0xFF, 0xFF, 0xFF, 0xFF, 0xFF, 0xFF, 0xFF, 0xFF,
    0xFF, 0xFF, 0xFF, 0xFF, 0xFF, 0xFF, 0xF8, 0xFF, 0xFF, 0xFF, 0xFF, 0xFF, 0xFF, 0xFF, 0xFF, 0xFF, 0xFF, 0xFF, 0xFF, 0xFF,
    0xFF, 0xFF, 0xFF, 0xFF, 0xFF, 0xFF, 0xFF, 0xFF, 0xFF, 0xFF, 0xFF, 0xFF, 0xFF, 0xFF, 0xFF, 0xFF, 0xFF, 0xFF, 0xFF, 0xFF,
    0xFF, 0xFF, 0xFF, 0xFF, 0xFF, 0xFF, 0xFF, 0xFF, 0xFF, 0xFF, 0xFF, 0xFF, 0xFD, 0xF7, 0xF4, 0xF3, 0xFE, 0xEE, 0xC8, 0xC4,
    0xD1, 0xB9, 0xC1, 0xBC, 0xBB, 0xC0, 0xD4, 0xD7, 0xC3, 0xC1, 0xBE, 0xBF, 0xC2, 0xD4, 0xC2, 0xD6, 0xDF, 0xD7, 0xDC, 0xE5,
    0xE5, 0xE4, 0xE9, 0xE0, 0xDD, 0xE4, 0xDC, 0xE0, 0xE0, 0xE5, 0xE9, 0xE5, 0xE6, 0xEB, 0xE3, 0xE0, 0xDF, 0xE2, 0xFF, 0xFF,
    0xFF, 0xFF, 0xFF, 0x9B, 0x92, 0xAF, 0xA0, 0x6F, 0x5F, 0x79, 0x73, 0x79, 0x98, 0x9F, 0x98, 0xAE, 0x97, 0x9F, 0xB0, 0xA4,
    0x97, 0x74, 0x6F, 0x61, 0x72, 0x82, 0x5D, 0x77, 0x5F, 0x61, 0x5D, 0x53, 0x51, 0x4D, 0x5F, 0x61, 0x7E, 0x9C, 0xA0, 0x7F,
    0x92, 0x99, 0x3F, 0x2D, 0xD5, 0xF3, 0xFE, 0xF0, 0xFE, 0xFF, 0xFF, 0xFF, 0xFF, 0xFF, 0xFF, 0xFF, 0xFF, 0xFF, 0xFF, 0xFF,
    0xFF, 0xFF, 0xFF, 0xFF, 0xFF, 0xFF, 0xFF, 0xFF, 0xFF, 0xFF, 0xFF, 0xFF, 0xFF, 0xFF, 0xFF, 0xFF, 0xFF, 0xFF, 0xF2, 0xFF,
    0xFF, 0xFF, 0xFF, 0xF8, 0xF2, 0xFF, 0xFF, 0xFF, 0xFF, 0xFF, 0xFF, 0xFF, 0xFF, 0xF4, 0xFF, 0xFF, 0xFF, 0xFF, 0xFF, 0xFF,
    0xFF, 0xFF, 0xF8, 0xF8, 0xFF, 0xFF, 0xFF, 0xFF, 0xF8, 0xF8, 0xFF, 0xFF, 0xFF, 0xFF, 0xFF, 0xFF, 0xF4, 0xF8, 0xFF, 0xFF,
    0xFF, 0xFF, 0xFF, 0xFF, 0xF2, 0xF8, 0xFF, 0xFF, 0xFF, 0xFF, 0xFF, 0xFF, 0xF8, 0xF8, 0xF4, 0xF2, 0xF8, 0xF4, 0xF8, 0xFF,
    0xFF, 0xFF, 0xFF, 0xFF, 0xF2, 0xF8, 0xFF, 0xFF, 0xF2, 0xF4, 0xFF, 0xFF, 0xFF, 0xFF, 0xFF, 0xFF, 0xF4, 0xF8, 0xFF, 0xFF,
    0xFF, 0xFF, 0xF4, 0xFF, 0xFF, 0xFF, 0xFF, 0xFF, 0xFF, 0xFF, 0xFF, 0xFF, 0xFF, 0xFF, 0xFF, 0xFF, 0xFF, 0xFF, 0xFF, 0xFF,
    0xFF, 0xFF, 0xFF, 0xFF, 0xFF, 0xFF, 0xFF, 0xFF, 0xFF, 0xFF, 0xFF, 0xFF, 0xF9, 0xF5, 0xFC, 0xFC, 0xED, 0xC4, 0xB7, 0xC5,
    0xC4, 0xBE, 0xCE, 0xB7, 0xB7, 0xC3, 0xC2, 0xCF, 0xC3, 0xBE, 0xAE, 0xB9, 0xC3, 0xC5, 0xC3, 0xCD, 0xD1, 0xD3, 0xDD, 0xE7,
    0xE0, 0xDF, 0xE4, 0xE5, 0xE3, 0xDF, 0xDD, 0xE9, 0xE4, 0xE7, 0xEB, 0xE4, 0xDD, 0xE6, 0xE4, 0xE0, 0xE5, 0xE9, 0xFF, 0xFF,
    0xFF, 0xFF, 0xFF, 0x9A, 0x91, 0xA3, 0x8A, 0x84, 0x9A, 0x98, 0x62, 0x74, 0x76, 0x97, 0x9F, 0x97, 0x97, 0xA4, 0xA4, 0x9F,
    0x98, 0x84, 0x66, 0x7B, 0x7E, 0x7B, 0x68, 0x85, 0x5F, 0x5C, 0x7B, 0x5C, 0x55, 0x61, 0x7B, 0x84, 0x68, 0xA3, 0xAC, 0x61,
    0x5F, 0x5F, 0x3E, 0x2D, 0x27, 0xAE, 0xEE, 0xFD, 0xF5, 0xFB, 0xFC, 0xFF, 0xFF, 0xFF, 0xFF, 0xFF, 0xFF, 0xFF, 0xFF, 0xFF,
    0xFF, 0xFF, 0xFF, 0xFF, 0xFF, 0xFF, 0xFF, 0xFF, 0xFF, 0xFF, 0xFF, 0xFF, 0xFF, 0xFF, 0xFF, 0xFF, 0xF8, 0xF1, 0xFF, 0xFF,
    0xF2, 0xFF, 0xF1, 0xFF, 0xFF, 0xF1, 0xFF, 0xFF, 0xFF, 0xFF, 0xFF, 0xFF, 0xFF, 0xFF, 0xF8, 0xFF, 0xFF, 0xFF, 0xFF, 0xFF,
    0xFF, 0xFF, 0xFF, 0xFF, 0xFF, 0xFF, 0xFF, 0xFF, 0xFF, 0xFF, 0xFF, 0xFF, 0xFF, 0xFF, 0xFF, 0xF1, 0xFF, 0xFF, 0xF1, 0xFF,
    0xFF, 0xFF, 0xFF, 0xF0, 0xFF, 0xFF, 0xF1, 0xFF, 0xFF, 0xFF, 0xFF, 0xFF, 0xFF, 0xFF, 0xFF, 0xFF, 0xFF, 0xFF, 0xFF, 0xFF,
    0xFF, 0xFF, 0xFF, 0xF4, 0xFF, 0xFF, 0xEF, 0xF0, 0xFF, 0xFF, 0xF4, 0xFF, 0xFF, 0xFF, 0xFF, 0xF8, 0xFF, 0xFF, 0xF8, 0xFF,
    0xFF, 0xF0, 0xFF, 0xFF, 0xF4, 0xFF, 0xFF, 0xFF, 0xFF, 0xFF, 0xFF, 0xFF, 0xFF, 0xFF, 0xFF, 0xFF, 0xFF, 0xFF, 0xFF, 0xFF,
    0xFF, 0xFF, 0xFF, 0xFF, 0xFF, 0xFF, 0xFF, 0xFF, 0xFF, 0xFF, 0xFF, 0xFE, 0xF2, 0xFC, 0xEF, 0xE6, 0xBE, 0xC5, 0xBE, 0xB9,
    0xC0, 0xC1, 0xAE, 0xAF, 0xB2, 0xB2, 0xB2, 0xC2, 0xB3, 0xA8, 0xA4, 0xBB, 0xB7, 0xBC, 0xC2, 0xCB, 0xD5, 0xDD, 0xDD, 0xE6,
    0xD6, 0xDD, 0xE3, 0xE6, 0xE5, 0xDD, 0xE7, 0xEA, 0xEA, 0xE7, 0xE7, 0xE4, 0xE3, 0xE3, 0xE4, 0xE7, 0xE7, 0xE2, 0xFF, 0xFF,
    0xFF, 0xFF, 0xFF, 0x93, 0x92, 0x9C, 0x84, 0x89, 0xA0, 0x8A, 0x74, 0x62, 0x79, 0x97, 0x97, 0x79, 0x97, 0xA0, 0x99, 0x97,
    0x78, 0x79, 0x7B, 0x66, 0x7B, 0x7D, 0x85, 0x6C, 0x75, 0x5C, 0x5F, 0x50, 0x5D, 0x7E, 0x6D, 0x85, 0x7B, 0x8A, 0x71, 0x5C,
    0x51, 0x43, 0x1D, 0x1E, 0x28, 0x44, 0x7F, 0xED, 0xFC, 0xF6, 0xF1, 0xFF, 0xFF, 0xFE, 0xFF, 0xFF, 0xFF, 0xFF, 0xFF, 0xFF,
    0xFF, 0xFF, 0xFF, 0xFF, 0xFF, 0xFF, 0xFF, 0xFF, 0xFF, 0xFF, 0xFF, 0xFF, 0xFF, 0xFF, 0xFF, 0xF8, 0xF0, 0xE8, 0x32, 0xA1,
    0xEF, 0xF4, 0xEE, 0xA1, 0x32, 0xEC, 0xFF, 0xF8, 0xFF, 0xFF, 0xF4, 0xFF, 0xEE, 0xA1, 0xFF, 0xF4, 0xFF, 0xFF, 0xFF, 0xFF,
    0xF2, 0xFF, 0xA1, 0xEE, 0xF8, 0xF4, 0xF2, 0xF8, 0xE8, 0xE8, 0xFF, 0xF4, 0xFF, 0xF8, 0xF8, 0xEC, 0x32, 0x63, 0xEE, 0xF8,
    0xF8, 0xF8, 0xFF, 0xEC, 0x32, 0xA1, 0xEE, 0xF8, 0xF4, 0xF2, 0xFF, 0xE8, 0x32, 0x63, 0x32, 0x32, 0x63, 0x32, 0x63, 0xFF,
    0xF4, 0xF2, 0xF2, 0xFF, 0xE8, 0x63, 0xA1, 0x32, 0x32, 0xEC, 0xFF, 0xF2, 0xF8, 0xF8, 0xFF, 0xF0, 0xA1, 0xEF, 0xFF, 0xF1,
    0xF8, 0xEC, 0x32, 0xA1, 0xF0, 0xF8, 0xF8, 0xFF, 0xFF, 0xFF, 0xFF, 0xFF, 0xFF, 0xFF, 0xFF, 0xFF, 0xFF, 0xFF, 0xFF, 0xFF,
    0xFF, 0xFF, 0xFF, 0xFF, 0xFF, 0xFF, 0xFF, 0xFF, 0xFF, 0xF4, 0xF2, 0xF6, 0xFD, 0xED, 0xBF, 0xB4, 0xBF, 0xCE, 0xAF, 0xBE,
    0xC0, 0xB2, 0xAA, 0xB1, 0xA3, 0x9C, 0xAA, 0xBB, 0xAA, 0xA8, 0xAF, 0xC1, 0xBB, 0xB4, 0xBE, 0xC4, 0xC7, 0xDD, 0xD6, 0xC7,
    0xDD, 0xD5, 0xD5, 0xE3, 0xE6, 0xE3, 0xE7, 0xEB, 0xEA, 0xEA, 0xE5, 0xE1, 0xE5, 0xE7, 0xE3, 0xE7, 0xE7, 0xEB, 0xFF, 0xFF,
    0xFF, 0xFF, 0xFF, 0xB3, 0x92, 0xA0, 0xA0, 0x9A, 0x88, 0x7A, 0x79, 0x62, 0x73, 0x73, 0x79, 0x98, 0x98, 0x9F, 0x9A, 0x79,
    0x97, 0x8A, 0x5F, 0x75, 0x7F, 0x85, 0x61, 0x77, 0x75, 0x6E, 0x5E, 0x5D, 0x55, 0x6A, 0x7E, 0x7F, 0x7A, 0x89, 0x55, 0x5C,
    0x5C, 0x46, 0x28, 0x26, 0x38, 0x5F, 0x69, 0x70, 0xD5, 0xF0, 0xFF, 0xF5, 0xFF, 0xFF, 0xFF, 0xFF, 0xFF, 0xFF, 0xFF, 0xFF,
    0xFF, 0xFF, 0xFF, 0xFF, 0xFF, 0xFF, 0xFF, 0xFF, 0xFF, 0xFF, 0xFF, 0xFF, 0xFF, 0xFF, 0xFF, 0xF2, 0xFF, 0xEE, 0x00, 0xA1,
    0xF4, 0xEF, 0xF4, 0x63, 0x00, 0xF0, 0xFF, 0xF8, 0xFF, 0xFF, 0xF0, 0xFF, 0xA1, 0x00, 0xEF, 0xFF, 0xF8, 0xFF, 0xFF, 0xFF,
    0xF2, 0xFF, 0x00, 0x63, 0xFF, 0xF0, 0xF2, 0xFF, 0x00, 0xA1, 0xFF, 0xF1, 0xFF, 0xFF, 0xF1, 0xFF, 0x00, 0x00, 0xFF, 0xF0,
    0xFF, 0xF8, 0xFF, 0xF2, 0x00, 0x63, 0xFF, 0xF0, 0xF4, 0xF4, 0xF8, 0xE8, 0xEC, 0xEE, 0x32, 0x00, 0xEE, 0xEC, 0xA1, 0xF0,
    0xF8, 0xF2, 0xFF, 0x63, 0x32, 0xEE, 0xF4, 0xEF, 0x63, 0x00, 0xE8, 0xFF, 0xF1, 0xF8, 0xF8, 0xFF, 0x00, 0x00, 0xF1, 0xF4,
    0xF0, 0xFF, 0x32, 0xA1, 0xFF, 0xF2, 0xFF, 0xFF, 0xFF, 0xFF, 0xFF, 0xFF, 0xFF, 0xFF, 0xFF, 0xFF, 0xFF, 0xFF, 0xFF, 0xFF,
    0xFF, 0xFF, 0xFF, 0xFF, 0xFF, 0xFF, 0xFF, 0xFF, 0xFF, 0xF2, 0xFF, 0xF0, 0xEB, 0xB1, 0xBF, 0xBE, 0xB3, 0xC4, 0xB9, 0xBF,
    0xB9, 0xB3, 0xB1, 0x96, 0xB2, 0x9C, 0xAA, 0xA7, 0xAC, 0xAE, 0xAD, 0xAB, 0xAC, 0xA3, 0xAC, 0xBE, 0xB9, 0xC7, 0xD1, 0xD1,
    0xDC, 0xD6, 0xE4, 0xE0, 0xE7, 0xD6, 0xE5, 0xEA, 0xEA, 0xEA, 0xE9, 0xE7, 0xEA, 0xEA, 0xE7, 0xEB, 0xEB, 0xEB, 0xFF, 0xFF,
    0xFF, 0xFF, 0xFF, 0xB9, 0xA5, 0x9C, 0x9D, 0x9E, 0x92, 0x91, 0x79, 0x73, 0x73, 0x73, 0x79, 0x97, 0x98, 0xA4, 0x9F, 0x97,
    0x9F, 0x99, 0x5A, 0x7E, 0x86, 0x84, 0x8A, 0x85, 0x7D, 0x7D, 0x6E, 0x6C, 0x5B, 0x69, 0x6F, 0x7A, 0x7E, 0x6A, 0x59, 0x3A,
    0x4B, 0x30, 0x1E, 0x1D, 0x28, 0x3E, 0x5F, 0x80, 0x2D, 0x8A, 0xEE, 0xFF, 0xF1, 0xF5, 0xFF, 0xFE, 0xFF, 0xFF, 0xFF, 0xFF,
    0xFF, 0xFF, 0xFF, 0xFF, 0xFF, 0xFF, 0xFF, 0xFF, 0xFF, 0xFF, 0xFF, 0xFF, 0xFF, 0xFF, 0xFF, 0xF4, 0xFF, 0xEE, 0x00, 0xE8,
    0xFF, 0xFF, 0xFF, 0xA1, 0x00, 0xF1, 0xFF, 0xF8, 0xFF, 0xF8, 0xF4, 0xF0, 0x32, 0x00, 0xA1, 0xFF, 0xF1, 0xFF, 0xFF, 0xFF,
    0xF8, 0xFF, 0x00, 0x00, 0xEF, 0xF4, 0xFF, 0xEC, 0x00, 0x63, 0xFF, 0xF2, 0xFF, 0xF8, 0xF2, 0xFF, 0x00, 0x32, 0xFF, 0xF1,
    0xFF, 0xFF, 0xFF, 0xFF, 0x00, 0xA1, 0xFF, 0xF1, 0xF8, 0xF4, 0xF8, 0xFF, 0xFF, 0xFF, 0xA1, 0x00, 0xFF, 0xFF, 0xFF, 0xF4,
    0xF2, 0xFF, 0xEC, 0x00, 0xEE, 0xFF, 0xF0, 0xFF, 0xFF, 0x00, 0x00, 0xF0, 0xF8, 0xF8, 0xF8, 0xF0, 0x32, 0x00, 0x32, 0xF8,
    0xF1, 0xFF, 0x32, 0xE8, 0xFF, 0xF2, 0xFF, 0xFF, 0xFF, 0xFF, 0xFF, 0xFF, 0xFF, 0xFF, 0xFF, 0xFF, 0xFF, 0xFF, 0xFF, 0xFF,
    0xFF, 0xFF, 0xFF, 0xFF, 0xFF, 0xFF, 0xFF, 0xFA, 0xF5, 0xFE, 0xEF, 0xDB, 0xAB, 0xBE, 0xB3, 0xB9, 0xBB, 0xB9, 0xB9, 0xAF,
    0xB3, 0xAA, 0xA9, 0xA5, 0xB1, 0xAA, 0xB3, 0xAA, 0xAB, 0xAB, 0xAC, 0xAC, 0xBF, 0xB1, 0xBA, 0xB0, 0xC6, 0xC7, 0xDD, 0xD6,
    0xD9, 0xD3, 0xE7, 0xEB, 0xE9, 0xE2, 0xE9, 0xEA, 0xE9, 0xE7, 0xE7, 0xE7, 0xEB, 0xE7, 0xE0, 0xEA, 0xEA, 0xEB, 0xFF, 0xFF,
    0xFF, 0xFF, 0xFF, 0xAF, 0x9D, 0xA3, 0xA0, 0x98, 0x8A, 0x98, 0x98, 0x79, 0x97, 0x63, 0x73, 0x97, 0x87, 0x9F, 0x9F, 0x97,
    0x90, 0x99, 0x73, 0x6D, 0x86, 0x84, 0x7E, 0x84, 0x84, 0x6D, 0x7E, 0x7F, 0x7D, 0x70, 0x70, 0x7B, 0x5C, 0x56, 0x4A, 0x4B,
    0x38, 0x4B, 0x1E, 0x26, 0x38, 0x3E, 0x56, 0x7C, 0x6E, 0x42, 0x67, 0xEB, 0xFC, 0xF3, 0xF0, 0xF6, 0xF7, 0xFF, 0xFF, 0xFF,
    0xFF, 0xFF, 0xFF, 0xFF, 0xFF, 0xFF, 0xFF, 0xFF, 0xFF, 0xFF, 0xFF, 0xFF, 0xFF, 0xFF, 0xFF, 0xF8, 0xFF, 0xEE, 0x00, 0x63,
    0xE8, 0xA1, 0xE8, 0x32, 0x00, 0xF0, 0xFF, 0xF8, 0xFF, 0xF2, 0xF8, 0xE8, 0xA1, 0xA1, 0x00, 0xF4, 0xF8, 0xFF, 0xFF, 0xF4,
    0xFF, 0xEE, 0x00, 0x00, 0xA1, 0xFF, 0xF4, 0x63, 0x00, 0x32, 0xFF, 0xF4, 0xFF, 0xFF, 0xF4, 0xFF, 0x00, 0x32, 0xFF, 0xF2,
    0xFF, 0xFF, 0xFF, 0xFF, 0x00, 0xA1, 0xFF, 0xF1, 0xFF, 0xFF, 0xFF, 0xF8, 0xF0, 0xF8, 0xA1, 0x00, 0xF2, 0xF4, 0xF4, 0xFF,
    0xF1, 0xFF, 0x63, 0x00, 0xF2, 0xF8, 0xF4, 0xF0, 0xF8, 0xA1, 0x00, 0xEC, 0xFF, 0xF2, 0xFF, 0xEF, 0x32, 0xE8, 0x00, 0x32,
    0xF8, 0xF8, 0x63, 0xE8, 0xFF, 0xF4, 0xFF, 0xFF, 0xFF, 0xFF, 0xFF, 0xFF, 0xFF, 0xFF, 0xFF, 0xFF, 0xFF, 0xFF, 0xFF, 0xFF,
    0xFF, 0xFF, 0xFF, 0xFF, 0xFF, 0xFA, 0xF6, 0xFB, 0xFC, 0xED, 0xC6, 0xB4, 0xB3, 0xAE, 0xAF, 0xB9, 0xB9, 0xBE, 0xB3, 0xB9,
    0xB4, 0xA9, 0xBA, 0xBB, 0xB5, 0xAE, 0xA3, 0xB8, 0xBB, 0xAA, 0xBA, 0xB2, 0xC5, 0xC4, 0xC5, 0xC6, 0xB9, 0xD1, 0xC4, 0xC5,
    0xC7, 0xD1, 0xE5, 0xE7, 0xE5, 0xE5, 0xE9, 0xEA, 0xE5, 0xE7, 0xEA, 0xE6, 0xE7, 0xE7, 0xE6, 0xE6, 0xE7, 0xE5, 0xFF, 0xFF,
    0xFF, 0xFF, 0xFF, 0xFF, 0x9A, 0x9A, 0xA0, 0x97, 0x79, 0x7A, 0x90, 0x97, 0x9F, 0x97, 0x9F, 0x9F, 0x99, 0x9F, 0xA0, 0x90,
    0x99, 0x9F, 0x79, 0x7B, 0x7E, 0x85, 0x78, 0x78, 0x86, 0x7F, 0x85, 0x61, 0x77, 0x7E, 0x7D, 0x5F, 0x6F, 0x70, 0x5C, 0x51,
    0x53, 0x56, 0x34, 0x2D, 0x4B, 0x42, 0x56, 0x7D, 0x69, 0x4B, 0x3A, 0x4D, 0xC7, 0xF0, 0xFD, 0xF1, 0xF7, 0xFE, 0xFF, 0xFF,
    0xFF, 0xFF, 0xFF, 0xFF, 0xFF, 0xFF, 0xFF, 0xFF, 0xFF, 0xFF, 0xFF, 0xFF, 0xFF, 0xFF, 0xFF, 0xF8, 0xFF, 0xEE, 0x00, 0x32,
    0xA1, 0xA1, 0xA1, 0x32, 0x00, 0xF0, 0xFF, 0xF8, 0xFF, 0xF2, 0xFF, 0x32, 0xE8, 0xEC, 0x00, 0xEC, 0xF8, 0xF2, 0xFF, 0xF4,
    0xFF, 0xEC, 0x63, 0xA1, 0x00, 0xF4, 0xE8, 0x63, 0xA1, 0x00, 0xF8, 0xFF, 0xFF, 0xFF, 0xF4, 0xFF, 0x00, 0x32, 0xFF, 0xF2,
    0xFF, 0xFF, 0xFF, 0xFF, 0x00, 0xA1, 0xFF, 0xF1, 0xF8, 0xFF, 0xFF, 0xFF, 0xF1, 0xFF, 0xA1, 0x00, 0xF4, 0xFF, 0xF8, 0xFF,
    0xF2, 0xFF, 0x32, 0x00, 0xF2, 0xFF, 0xF8, 0xF0, 0xF8, 0xA1, 0x00, 0xEC, 0xFF, 0xF2, 0xFF, 0xEF, 0x32, 0xEF, 0xEC, 0x00,
    0x32, 0xFF, 0x63, 0xE8, 0xFF, 0xF4, 0xFF, 0xFF, 0xFF, 0xFF, 0xFF, 0xFF, 0xFF, 0xFF, 0xFF, 0xFF, 0xFF, 0xFF, 0xFF, 0xFF,
    0xFF, 0xFF, 0xFF, 0xFF, 0xFF, 0xF6, 0xFC, 0xF0, 0xEB, 0xBF, 0xCB, 0xC1, 0xBB, 0xB3, 0xAD, 0xB9, 0xB9, 0xB9, 0xBA, 0xBF,
    0xAD, 0xA8, 0xB9, 0xAD, 0xBB, 0xA9, 0xAA, 0xAB, 0xAD, 0xAA, 0xBB, 0xBE, 0xC5, 0xC1, 0xBF, 0xBF, 0xC5, 0xD5, 0xBE, 0xD3,
    0xE0, 0xE0, 0xE0, 0xE1, 0xDD, 0xE0, 0xE4, 0xE9, 0xE7, 0xEA, 0xE7, 0xE4, 0xE5, 0xEA, 0xE6, 0xEA, 0xE7, 0xFF, 0xFF, 0xFF,
    0xFF, 0xFF, 0xFF, 0xFF, 0xA7, 0x95, 0xA0, 0x98, 0x9A, 0x90, 0x98, 0x9F, 0xA4, 0x9F, 0x9F, 0x9F, 0xA0, 0xA0, 0xA0, 0x9B,
    0x98, 0x9F, 0x87, 0x6C, 0x82, 0x86, 0x7D, 0x75, 0x76, 0x8B, 0x7D, 0x75, 0x70, 0x82, 0x83, 0x7C, 0x53, 0x59, 0x5F, 0x53,
    0x4B, 0x3F, 0x44, 0x3A, 0x3E, 0x40, 0x51, 0x6B, 0x4D, 0x45, 0x4B, 0x4D, 0x44, 0x97, 0xEE, 0xFC, 0xF1, 0xF8, 0xFE, 0xFA,
    0xFF, 0xFF, 0xFF, 0xFF, 0xFF, 0xFF, 0xFF, 0xFF, 0xFF, 0xFF, 0xFF, 0xFF, 0xFF, 0xFF, 0xFF, 0xF4, 0xFF, 0xEE, 0x00, 0xE8,
    0xFF, 0xFF, 0xFF, 0xA1, 0x00, 0xF0, 0xFF, 0xF8, 0xF8, 0xF8, 0xEE, 0x00, 0xA1, 0xA1, 0x00, 0x32, 0xFF, 0xF2, 0xFF, 0xF1,
    0xFF, 0xA1, 0xA1, 0xEF, 0x00, 0xA1, 0x63, 0xEC, 0xE8, 0x00, 0xEE, 0xFF, 0xF8, 0xFF, 0xF4, 0xFF, 0x00, 0x32, 0xFF, 0xF2,
    0xFF, 0xFF, 0xFF, 0xFF, 0x00, 0xA1, 0xF4, 0xF0, 0xFF, 0xFF, 0xFF, 0xFF, 0xF1, 0xFF, 0xA1, 0x00, 0xF2, 0xFF, 0xF8, 0xFF,
    0xF1, 0xFF, 0xA1, 0x00, 0xEE, 0xF2, 0xF1, 0xF0, 0xF4, 0xA1, 0x00, 0xEF, 0xFF, 0xF4, 0xFF, 0xEF, 0x32, 0xEE, 0xFF, 0xE8,
    0x00, 0x63, 0xA1, 0xE8, 0xFF, 0xF4, 0xFF, 0xFF, 0xFF, 0xFF, 0xFF, 0xFF, 0xFF, 0xFF, 0xFF, 0xFF, 0xFF, 0xFF, 0xFF, 0xFF,
    0xFF, 0xFE, 0xFE, 0xFA, 0xF8, 0xFE, 0xEE, 0xE0, 0xC4, 0xC7, 0xCE, 0xB9, 0xBB, 0xB4, 0xBA, 0xB9, 0xC3, 0xAD, 0xAC, 0xAD,
    0xB3, 0xB2, 0xA9, 0xB5, 0xAF, 0xAD, 0xAB, 0xA0, 0xAF, 0xCA, 0xCA, 0xBE, 0xC1, 0xB5, 0xB9, 0xC4, 0xC4, 0xD1, 0xDB, 0xE4,
    0xE4, 0xE0, 0xE4, 0xE3, 0xE6, 0xE7, 0xE4, 0xEA, 0xE4, 0xDD, 0xE7, 0xE4, 0xEA, 0xEA, 0xE6, 0xE7, 0xE7, 0xFF, 0xFF, 0xFF,
    0xFF, 0xFF, 0xFF, 0xFF, 0x9B, 0xA0, 0xA0, 0x97, 0x9A, 0xA3, 0xA0, 0xA0, 0x98, 0x99, 0x99, 0x9F, 0x9F, 0xA0, 0x9F, 0xA4,
    0x79, 0x9F, 0x79, 0x60, 0x75, 0x86, 0x83, 0x75, 0x84, 0x88, 0x7A, 0x84, 0x6C, 0x7F, 0x81, 0x6E, 0x38, 0x56, 0x69, 0x4C,
    0x59, 0x53, 0x4B, 0x4C, 0x6E, 0x56, 0x54, 0x4D, 0x43, 0x36, 0x56, 0x5F, 0x65, 0x59, 0x72, 0xEB, 0xFD, 0xFB, 0xF0, 0xF5,
    0xF9, 0xFF, 0xFF, 0xFF, 0xFF, 0xFF, 0xFF, 0xFF, 0xFF, 0xFF, 0xFF, 0xFF, 0xFF, 0xFF, 0xFF, 0xF2, 0xFF, 0xEE, 0x00, 0xC8,
    0xF4, 0xEF, 0xF4, 0xA1, 0x00, 0xF4, 0xFF, 0xF4, 0xF0, 0xFF, 0xA1, 0xA1, 0xFF, 0xFF, 0xA1, 0x00, 0xEF, 0xFF, 0xF1, 0xF0,
    0xFF, 0xA1, 0xA1, 0xFF, 0x63, 0x00, 0x63, 0xFF, 0xEC, 0x00, 0xEC, 0xFF, 0xF2, 0xF8, 0xF1, 0xFF, 0x00, 0x32, 0xFF, 0xF0,
    0xFF, 0xFF, 0xFF, 0xFF, 0x00, 0xA1, 0xFF, 0xFF, 0xF0, 0xF1, 0xFF, 0xFF, 0xF0, 0xFF, 0xA1, 0x00, 0xFF, 0xFF, 0xF8, 0xFF,
    0xF4, 0xF8, 0xEE, 0x00, 0x63, 0xFF, 0xFF, 0xFF, 0xFF, 0x00, 0x63, 0xFF, 0xF0, 0xF4, 0xFF, 0xF0, 0x32, 0xEE, 0xF4, 0xFF,
    0xE8, 0x00, 0x00, 0xEC, 0xFF, 0xF4, 0xFF, 0xFF, 0xFF, 0xFF, 0xFF, 0xFF, 0xFF, 0xFF, 0xFF, 0xFF, 0xFF, 0xFF, 0xFF, 0xFF,
    0xFB, 0xF6, 0xF1, 0xF7, 0xFC, 0xED, 0xDB, 0xD4, 0xD3, 0xD1, 0xB7, 0xC1, 0xBF, 0xC4, 0xC7, 0xCD, 0xCE, 0xAA, 0xAA, 0xB9,
    0xB9, 0xBF, 0xA7, 0xA7, 0xB4, 0xC3, 0x9C, 0x97, 0xAE, 0xBB, 0xC0, 0xC3, 0xC1, 0xBA, 0xD4, 0xD5, 0xC4, 0xD1, 0xDC, 0xDD,
    0xE6, 0xE4, 0xE4, 0xE3, 0xE0, 0xE4, 0xCF, 0xD8, 0xE4, 0xE4, 0xE0, 0xE2, 0xE2, 0xE7, 0xE3, 0xE4, 0xE2, 0xFF, 0xFF, 0xFF,
    0xFF, 0xFF, 0xFF, 0xFF, 0x99, 0xA4, 0xA0, 0xA0, 0xA0, 0xA0, 0xA0, 0x98, 0x98, 0x9F, 0x97, 0x97, 0xA4, 0x97, 0x9F, 0xA2,
    0x73, 0x98, 0x97, 0x76, 0x92, 0x94, 0x90, 0x89, 0x84, 0x78, 0x7C, 0x7E, 0x75, 0x75, 0x89, 0x7D, 0x53, 0x68, 0x3F, 0x56,
    0x69, 0x5F, 0x38, 0x59, 0x6B, 0x57, 0x69, 0x5C, 0x5C, 0x56, 0x66, 0x66, 0x4D, 0x65, 0x43, 0x33, 0xBE, 0xEF, 0xFC, 0xF0,
    0xFB, 0xFF, 0xFF, 0xFF, 0xFF, 0xFF, 0xFF, 0xFF, 0xFF, 0xFF, 0xFF, 0xFF, 0xFF, 0xFF, 0xFF, 0xF2, 0xFF, 0xEC, 0x00, 0xA1,
    0xF1, 0xF0, 0xF2, 0x32, 0x00, 0xEE, 0xFF, 0xF2, 0xF4, 0xEE, 0x00, 0xEC, 0xF8, 0xF8, 0xEE, 0x00, 0x32, 0xEF, 0xF1, 0xF1,
    0xF0, 0x32, 0xA1, 0xF8, 0xEE, 0x00, 0xEC, 0xF8, 0xEE, 0x00, 0xA1, 0xF1, 0xF1, 0xF8, 0xF2, 0xF0, 0x00, 0x00, 0xEF, 0xF1,
    0xF8, 0xF8, 0xFF, 0xEE, 0x00, 0x00, 0xEC, 0xE8, 0xA1, 0xF0, 0xF8, 0xF8, 0xF1, 0xF4, 0x32, 0x00, 0xEE, 0xF8, 0xFF, 0xFF,
    0xFF, 0xF0, 0xFF, 0xE8, 0x00, 0x63, 0xEC, 0xEC, 0xA1, 0x32, 0xEF, 0xF4, 0xF4, 0xF4, 0xFF, 0xEE, 0x00, 0xEC, 0xFF, 0xF0,
    0xFF, 0xE8, 0x00, 0xEC, 0xFF, 0xF4, 0xFF, 0xFF, 0xFF, 0xFF, 0xFF, 0xFF, 0xFF, 0xFF, 0xFF, 0xFF, 0xFF, 0xFF, 0xFF, 0xFF,
    0xF6, 0xF1, 0xFD, 0xEF, 0xEB, 0xD1, 0xDB, 0xD1, 0xC5, 0xCD, 0xC9, 0xBF, 0xD1, 0xCF, 0xC5, 0xC5, 0xBE, 0xAF, 0xB3, 0xBF,
    0xAC, 0xBF, 0xAE, 0xBE, 0xB9, 0xBB, 0xA3, 0x8B, 0xAC, 0xC4, 0xAE, 0xC4, 0xC9, 0xC1, 0xC4, 0xC0, 0xD2, 0xDB, 0xDC, 0xE4,
    0xE3, 0xDB, 0xE9, 0xE3, 0xDD, 0xE1, 0xDA, 0xE0, 0xDD, 0xDD, 0xE4, 0xE4, 0xE9, 0xE9, 0xE2, 0xE0, 0xDC, 0xFF, 0xFF, 0xFF,
    0xFF, 0xFF, 0xFF, 0xFF, 0xA3, 0xBE, 0xAE, 0xA0, 0x9F, 0xA0, 0xA4, 0x98, 0xA0, 0x9F, 0x97, 0x79, 0x9F, 0x9F, 0x9F, 0x9F,
    0x97, 0x9F, 0x97, 0x97, 0x89, 0x9D, 0xA0, 0x86, 0x88, 0x7A, 0x74, 0x77, 0x7B, 0x7C, 0x91, 0x9D, 0x71, 0x7E, 0x3F, 0x4C,
    0x48, 0x59, 0x3A, 0x6F, 0x75, 0x7D, 0x82, 0x61, 0x47, 0x56, 0x51, 0x59, 0x4A, 0x3E, 0x2F, 0x47, 0x47, 0x7B, 0xED, 0xFD,
    0xF5, 0xF6, 0xFF, 0xFF, 0xFF, 0xFF, 0xFF, 0xFF, 0xFF, 0xFF, 0xFF, 0xFF, 0xFF, 0xFF, 0xFF, 0xF8, 0xF2, 0xE8, 0xA1, 0xA1,
    0xEE, 0xF8, 0xEE, 0xA1, 0xA1, 0xE8, 0xF0, 0xF8, 0xF0, 0xE8, 0xA1, 0xEC, 0xF4, 0xF4, 0xF0, 0xA1, 0xA1, 0xEC, 0xF8, 0xF8,
    0xEE, 0xA1, 0xE8, 0xF0, 0xFF, 0xEC, 0xF0, 0xFF, 0xEF, 0xA1, 0xA1, 0xEE, 0xFF, 0xF2, 0xF8, 0xEC, 0xA1, 0xA1, 0xEC, 0xF8,
    0xF8, 0xF8, 0xFF, 0xEC, 0xA1, 0xA1, 0xA1, 0xA1, 0xE8, 0xFF, 0xF4, 0xF8, 0xF8, 0xEE, 0xA1, 0xA1, 0xEC, 0xF0, 0xFF, 0xFF,
    0xFF, 0xF8, 0xF2, 0xFF, 0xEE, 0xA1, 0x63, 0xA1, 0xE8, 0xFF, 0xFF, 0xF4, 0xF8, 0xF8, 0xFF, 0xEC, 0xA1, 0xE8, 0xF0, 0xF8,
    0xF0, 0xFF, 0xE8, 0xEE, 0xF8, 0xF8, 0xFF, 0xFF, 0xFF, 0xFF, 0xFF, 0xFF, 0xFF, 0xFF, 0xFF, 0xFF, 0xFF, 0xFF, 0xFF, 0xFB,
    0xF1, 0xFC, 0xEE, 0xDD, 0xB9, 0xDD, 0xE3, 0xE3, 0xE4, 0xCF, 0xB9, 0xC0, 0xC7, 0xC1, 0xC7, 0xC4, 0xC1, 0xB3, 0xB9, 0xB4,
    0xAF, 0xC1, 0xB9, 0xC0, 0xC5, 0xBF, 0xB9, 0xA3, 0xAB, 0xC4, 0xC4, 0xCF, 0xC6, 0xC1, 0xBA, 0xAF, 0xD2, 0xDD, 0xE0, 0xDD,
    0xE5, 0xDE, 0xE2, 0xE4, 0xE4, 0xE4, 0xE9, 0xE7, 0xE4, 0xE6, 0xE6, 0xE6, 0xEA, 0xE5, 0xE9, 0xE4, 0xE6, 0xFF, 0xFF, 0xFF,
    0xFF, 0xFF, 0xFF, 0xFF, 0xAB, 0xAE, 0x9F, 0xA0, 0x97, 0x97, 0x97, 0x79, 0x99, 0xA4, 0x9F, 0x98, 0xA2, 0xB0, 0x9F, 0x97,
    0x7A, 0xA4, 0xA2, 0x79, 0x7A, 0x8F, 0x86, 0x86, 0x9C, 0x7F, 0x7C, 0x61, 0x7B, 0x5D, 0x92, 0x84, 0x69, 0x69, 0x3F, 0x38,
    0x53, 0x47, 0x45, 0x66, 0x83, 0x7D, 0x7F, 0x72, 0x64, 0x4D, 0x51, 0x4B, 0x52, 0x3E, 0x34, 0x2D, 0x44, 0x27, 0x28, 0xE6,
    0xFC, 0xFC, 0xF1, 0xFF, 0xFF, 0xFF, 0xFF, 0xFF, 0xFF, 0xFF, 0xFF, 0xFF, 0xFF, 0xFF, 0xFF, 0xFF, 0xFF, 0xFF, 0xFF, 0xFF,
    0xFF, 0xFF, 0xFF, 0xFF, 0xFF, 0xFF, 0xFF, 0xFF, 0xFF, 0xFF, 0xFF, 0xFF, 0xF8, 0xFF, 0xF8, 0xFF, 0xFF, 0xFF, 0xFF, 0xFF,
    0xFF, 0xFF, 0xFF, 0xFF, 0xF8, 0xFF, 0xFF, 0xFF, 0xFF, 0xFF, 0xFF, 0xFF, 0xFF, 0xFF, 0xFF, 0xFF, 0xFF, 0xFF, 0xFF, 0xF8,
    0xFF, 0xFF, 0xFF, 0xFF, 0xFF, 0xFF, 0xFF, 0xFF, 0xFF, 0xFF, 0xFF, 0xFF, 0xFF, 0xFF, 0xFF, 0xFF, 0xFF, 0xFF, 0xFF, 0xFF,
    0xFF, 0xFF, 0xFF, 0xF4, 0xFF, 0xFF, 0xFF, 0xFF, 0xFF, 0xF8, 0xF8, 0xFF, 0xFF, 0xFF, 0xFF, 0xFF, 0xFF, 0xFF, 0xFF, 0xFF,
    0xFF, 0xF4, 0xFF, 0xFF, 0xFF, 0xFF, 0xFF, 0xFF, 0xFF, 0xFF, 0xFF, 0xFF, 0xFF, 0xFF, 0xFF, 0xFF, 0xFF, 0xFB, 0xF4, 0xF9,
    0xFC, 0xED, 0xBB, 0xC5, 0xD1, 0xD3, 0xDD, 0xE3, 0xDF, 0xCA, 0xC7, 0xD5, 0xD1, 0xCE, 0xBF, 0xBE, 0xBC, 0xB3, 0xBA, 0xBA,
    0xBB, 0xBC, 0xBC, 0xC6, 0xC5, 0xD4, 0xC4, 0xA4, 0xA5, 0xBF, 0xC7, 0xC3, 0xC6, 0xAF, 0xAF, 0xC3, 0xD3, 0xC5, 0xDC, 0xE9,
    0xE1, 0xD9, 0xE2, 0xD9, 0xDF, 0xE3, 0xE7, 0xE3, 0xEA, 0xE6, 0xE6, 0xE7, 0xE6, 0xE6, 0xE7, 0xE5, 0xE9, 0xFF, 0xFF, 0xFF,
    0xFF, 0xFF, 0xFF, 0xFF, 0xFF, 0xA0, 0xA0, 0xA0, 0xA3, 0x97, 0x9F, 0x9F, 0x9F, 0xA0, 0xA4, 0x9F, 0xB0, 0xB0, 0x87, 0x79,
    0x73, 0x79, 0x87, 0x97, 0x8A, 0x94, 0x94, 0x8E, 0x84, 0x8D, 0x86, 0x75, 0x7D, 0x7E, 0x8B, 0x8A, 0x66, 0x55, 0x29, 0x3E,
    0x4B, 0x3A, 0x56, 0x59, 0x81, 0x82, 0x69, 0x70, 0x84, 0x61, 0x59, 0x4D, 0x52, 0x69, 0x59, 0x58, 0x4C, 0x47, 0x3A, 0x2D,
    0xAF, 0xEF, 0xFE, 0xF1, 0xFE, 0xFF, 0xFF, 0xFF, 0xFF, 0xFF, 0xFF, 0xFF, 0xFF, 0xFF, 0xFF, 0xFF, 0xFF, 0xF4, 0xF1, 0xF2,
    0xFF, 0xFF, 0xFF, 0xF2, 0xF2, 0xF8, 0xFF, 0xFF, 0xFF, 0xF4, 0xF2, 0xF8, 0xFF, 0xFF, 0xFF, 0xF2, 0xF2, 0xF8, 0xFF, 0xFF,
    0xFF, 0xF2, 0xF4, 0xFF, 0xFF, 0xF4, 0xFF, 0xFF, 0xFF, 0xF1, 0xF2, 0xFE, 0xFF, 0xFF, 0xFF, 0xF8, 0xF2, 0xF2, 0xF8, 0xFF,
    0xFF, 0xFF, 0xFF, 0xF8, 0xF1, 0xF1, 0xF2, 0xF1, 0xF4, 0xFF, 0xFF, 0xFF, 0xFF, 0xFF, 0xF2, 0xF2, 0xF8, 0xFF, 0xFF, 0xFF,
    0xFF, 0xFF, 0xFF, 0xFF, 0xF4, 0xF2, 0xF2, 0xF2, 0xF2, 0xFF, 0xFF, 0xFF, 0xFF, 0xFF, 0xFF, 0xF4, 0xF2, 0xF4, 0xFF, 0xFF,
    0xFF, 0xFF, 0xF4, 0xF8, 0xFF, 0xFF, 0xFF, 0xFF, 0xFF, 0xFF, 0xFF, 0xFF, 0xFF, 0xFF, 0xFF, 0xFF, 0xFF, 0xF2, 0xFC, 0xF0,
    0xE6, 0xA9, 0xC5, 0xD6, 0xC7, 0xD5, 0xDD, 0xCC, 0xD3, 0xD4, 0xCB, 0xCB, 0xC4, 0xC5, 0xC0, 0xC5, 0xCD, 0xC7, 0xD2, 0xCE,
    0xBB, 0xCA, 0xD2, 0xCE, 0xC2, 0xC5, 0xBE, 0xBB, 0xBA, 0xC0, 0xBE, 0xD1, 0xCB, 0xBB, 0xBA, 0xC5, 0xB9, 0xC5, 0xE0, 0xE0,
    0xCD, 0xD4, 0xDE, 0xDB, 0xE2, 0xE5, 0xE7, 0xE7, 0xE7, 0xE4, 0xE5, 0xE9, 0xE5, 0xE4, 0xE3, 0xE9, 0xFF, 0xFF, 0xFF, 0xFF,
    0xFF, 0xFF, 0xFF, 0xFF, 0xFF, 0xA4, 0xA0, 0x8A, 0x97, 0x97, 0xA3, 0xA0, 0xA0, 0xAE, 0xA2, 0xA4, 0xA4, 0xB0, 0x99, 0x74,
    0x79, 0x99, 0x99, 0x98, 0x98, 0x8B, 0x8B, 0xA6, 0x86, 0x90, 0x93, 0x81, 0x89, 0x85, 0x8B, 0x82, 0x53, 0x3F, 0x38, 0x3A,
    0x66, 0x66, 0x66, 0x65, 0x85, 0x82, 0x71, 0x81, 0x72, 0x7C, 0x70, 0x7D, 0x7B, 0x61, 0x59, 0x4D, 0x52, 0x5F, 0x4B, 0x67,
    0x4D, 0x89, 0xED, 0xFE, 0xF3, 0xF5, 0xFF, 0xFE, 0xFF, 0xFF, 0xFF, 0xFF, 0xFF, 0xFF, 0xFF, 0xFF, 0xFF, 0xFF, 0xFF, 0xFF,
    0xFF, 0xFF, 0xFF, 0xFF, 0xFF, 0xFF, 0xFF, 0xFF, 0xFF, 0xF8, 0xFF, 0xFF, 0xFF, 0xFF, 0xFF, 0xFF, 0xFF, 0xFF, 0xFF, 0xFF,
    0xFF, 0xFF, 0xFF, 0xFF, 0xFF, 0xFF, 0xFF, 0xFF, 0xFF, 0xFF, 0xFF, 0xFF, 0xFF, 0xFF, 0xFF, 0xFF, 0xFF, 0xFF, 0xFF, 0xFF,
    0xFF, 0xFF, 0xFF, 0xFF, 0xFF, 0xFF, 0xFF, 0xFF, 0xFF, 0xFF, 0xFF, 0xFF, 0xFF, 0xFF, 0xFF, 0xFF, 0xFF, 0xFF, 0xFF, 0xFF,
    0xFF, 0xFF, 0xFF, 0xFF, 0xFF, 0xFF, 0xFF, 0xFF, 0xFF, 0xFF, 0xFF, 0xFF, 0xFF, 0xFF, 0xFF, 0xFF, 0xFF, 0xFF, 0xFF, 0xFF,
    0xFF, 0xFF, 0xFF, 0xFF, 0xFF, 0xFF, 0xFF, 0xFF, 0xFF, 0xFF, 0xFF, 0xFF, 0xFF, 0xFF, 0xFE, 0xF8, 0xFB, 0xFF, 0xEE, 0xC5,
    0xA9, 0xA9, 0xAF, 0xC4, 0xC7, 0xD2, 0xDD, 0xD8, 0xD9, 0xC7, 0xD7, 0xCA, 0xC6, 0xC7, 0xC4, 0xC7, 0xC7, 0xD2, 0xD5, 0xD1,
    0xD1, 0xD6, 0xD1, 0xD2, 0xD6, 0xDD, 0xC4, 0xC6, 0xB9, 0xBA, 0xC5, 0xC4, 0xC0, 0xC0, 0xCB, 0xC7, 0xC0, 0xC7, 0xE3, 0xE0,
    0xCD, 0xD7, 0xDC, 0xE3, 0xE0, 0xDE, 0xEA, 0xEB, 0xEB, 0xE7, 0xEA, 0xEA, 0xE4, 0xE7, 0xE7, 0xE6, 0xFF, 0xFF, 0xFF, 0xFF,
    0xFF, 0xFF, 0xFF, 0xFF, 0xFF, 0x98, 0x89, 0x7F, 0x89, 0x9A, 0x98, 0xAE, 0xA0, 0xAB, 0xA4, 0x9F, 0xA0, 0xAE, 0xAE, 0x79,
    0x97, 0xA0, 0x99, 0x99, 0x99, 0x77, 0x93, 0x8D, 0x8A, 0x9A, 0x9E, 0x86, 0x84, 0x6A, 0x6B, 0x6A, 0x56, 0x4C, 0x69, 0x4B,
    0x56, 0x6E, 0x69, 0x7C, 0x7D, 0x59, 0x56, 0x6E, 0x6B, 0x66, 0x5F, 0x7A, 0x75, 0x7C, 0x69, 0x69, 0x56, 0x80, 0x4B, 0x7B,
    0x7D, 0x66, 0x60, 0xEB, 0xFC, 0xFD, 0xF1, 0xF8, 0xF7, 0xFD, 0xFE, 0xFF, 0xFF, 0xFF, 0xFF, 0xFF, 0xFF, 0xFF, 0xFF, 0xFF,
    0xFF, 0xFF, 0xFF, 0xFF, 0xFF, 0xFF, 0xFF, 0xFF, 0xFF, 0xFF, 0xFF, 0xFF, 0xFF, 0xFF, 0xFF, 0xFF, 0xFF, 0xFF, 0xFF, 0xFF,
    0xFF, 0xFF, 0xFE, 0xFF, 0xFE, 0xFF, 0xFE, 0xFF, 0xFE, 0xFE, 0xFE, 0xFE, 0xFF, 0xFF, 0xFF, 0xFF, 0xFF, 0xFE, 0xFF, 0xFE,
    0xFF, 0xFF, 0xFF, 0xFF, 0xFF, 0xFF, 0xFF, 0xFF, 0xFF, 0xFF, 0xFF, 0xFF, 0xFF, 0xFE, 0xFF, 0xFF, 0xFF, 0xFF, 0xFF, 0xFF,
    0xFF, 0xFF, 0xFF, 0xFD, 0xFF, 0xFF, 0xFF, 0xFF, 0xFF, 0xFF, 0xFF, 0xFF, 0xFF, 0xFF, 0xFF, 0xFF, 0xFF, 0xFF, 0xFF, 0xFF,
    0xFF, 0xFF, 0xFF, 0xFF, 0xFF, 0xFF, 0xFF, 0xFF, 0xFF, 0xFF, 0xFF, 0xFF, 0xFF, 0xFD, 0xF1, 0xFC, 0xF3, 0xEB, 0xA7, 0xB2,
    0xBD, 0xB7, 0xAA, 0xBE, 0xD4, 0xD3, 0xDD, 0xE3, 0xDB, 0xCB, 0xCA, 0xCA, 0xD4, 0xBE, 0xC4, 0xC6, 0xC0, 0xC5, 0xD1, 0xC6,
    0xC0, 0xD6, 0xDB, 0xD1, 0xD6, 0xD6, 0xC4, 0xBE, 0xC0, 0xC1, 0xC0, 0xC7, 0xCE, 0xBF, 0xC4, 0xBE, 0xC3, 0xD6, 0xD6, 0xE0,
    0xE1, 0xDB, 0xDB, 0xE0, 0xE4, 0xE4, 0xE7, 0xEA, 0xE7, 0xE6, 0xE6, 0xEA, 0xE5, 0xE5, 0xE4, 0xE7, 0xFF, 0xFF, 0xFF, 0xFF,
    0xFF, 0xFF, 0xFF, 0xFF, 0xFF, 0x9A, 0x79, 0x89, 0x9A, 0xA3, 0xA0, 0xA0, 0xA0, 0xA3, 0xA0, 0x9F, 0x97, 0xAE, 0xAF, 0x97,
    0x97, 0x97, 0xAE, 0xA7, 0x99, 0x9E, 0xA3, 0x92, 0x91, 0x99, 0x9B, 0x82, 0x83, 0x7E, 0x5F, 0x5C, 0x5C, 0x5F, 0x70, 0x56,
    0x4B, 0x56, 0x66, 0x68, 0x7B, 0x58, 0x71, 0x89, 0x72, 0x3E, 0x40, 0x5C, 0x7E, 0x6B, 0x72, 0x78, 0x5F, 0x84, 0x69, 0x7C,
    0x7F, 0x81, 0x5F, 0x58, 0xBE, 0xEF, 0xFC, 0xF1, 0xF3, 0xFC, 0xFF, 0xFF, 0xFF, 0xFF, 0xFF, 0xFF, 0xFF, 0xFF, 0xFF, 0xFF,
    0xFF, 0xFF, 0xFF, 0xFF, 0xFF, 0xFF, 0xFF, 0xFF, 0xFF, 0xFF, 0xFF, 0xFF, 0xFF, 0xF8, 0xF8, 0xFF, 0xF4, 0xF7, 0xFD, 0xFF,
    0xFF, 0xFA, 0xF4, 0xFE, 0xF4, 0xF8, 0xF4, 0xFF, 0xF5, 0xF5, 0xFA, 0xF3, 0xF7, 0xFF, 0xF5, 0xFF, 0xF4, 0xF4, 0xFF, 0xF4,
    0xF7, 0xF9, 0xF4, 0xF8, 0xFF, 0xFF, 0xFF, 0xF4, 0xF8, 0xF8, 0xF8, 0xF8, 0xF4, 0xF7, 0xF2, 0xF4, 0xF8, 0xF8, 0xF8, 0xF4,
    0xF8, 0xFF, 0xF4, 0xFF, 0xF8, 0xF8, 0xFF, 0xFF, 0xFF, 0xFF, 0xFF, 0xFF, 0xFF, 0xFF, 0xFF, 0xFF, 0xFF, 0xFF, 0xFF, 0xFF,
    0xFF, 0xFF, 0xFF, 0xFF, 0xFF, 0xFF, 0xFF, 0xFF, 0xFF, 0xFF, 0xFF, 0xFF, 0xFF, 0xF3, 0xFD, 0xEF, 0xE3, 0xA3, 0xA4, 0xD6,
    0xCB, 0xC6, 0xBA, 0xC2, 0xCD, 0xDD, 0xDD, 0xDD, 0xD0, 0xC6, 0xC7, 0xC7, 0xC4, 0xC7, 0xC1, 0xD7, 0xDC, 0xD0, 0xD1, 0xCF,
    0xC2, 0xCE, 0xD5, 0xC4, 0xC5, 0xD5, 0xC4, 0xCE, 0xC7, 0xC7, 0xC0, 0xC3, 0xC1, 0xBA, 0xC0, 0xC6, 0xC3, 0xDD, 0xDD, 0xDC,
    0xD6, 0xC6, 0xDC, 0xE6, 0xDD, 0xE5, 0xEA, 0xEA, 0xE4, 0xE3, 0xE7, 0xE4, 0xDB, 0xE2, 0xE4, 0xEA, 0xFF, 0xFF, 0xFF, 0xFF,
    0xFF, 0xFF, 0xFF, 0xFF, 0xFF, 0xFF, 0x9A, 0x8B, 0x99, 0xAC, 0xA3, 0xA0, 0xA4, 0x9F, 0x91, 0x90, 0x99, 0xAB, 0xA0, 0x99,
    0xB0, 0xB0, 0xA2, 0xAE, 0xA0, 0xAC, 0xAB, 0x9C, 0x94, 0xA3, 0xA5, 0x8D, 0x92, 0x84, 0x5F, 0x4B, 0x5F, 0x66, 0x4C, 0x59,
    0x4D, 0x47, 0x65, 0x6B, 0x68, 0x64, 0x69, 0x81, 0x6A, 0x47, 0x34, 0x3C, 0x76, 0x92, 0x70, 0x8A, 0x7B, 0x77, 0x6D, 0x81,
    0x80, 0x64, 0x71, 0x68, 0x48, 0x98, 0xED, 0xFC, 0xF4, 0xF6, 0xFD, 0xFF, 0xFF, 0xFF, 0xFF, 0xFF, 0xFF, 0xFF, 0xFF, 0xFF,
    0xFF, 0xFF, 0xFF, 0xFF, 0xFF, 0xFF, 0xFF, 0xFF, 0xFF, 0xFF, 0xFF, 0xFF, 0xFF, 0xFF, 0xFF, 0xFA, 0xFF, 0xFF, 0xFF, 0xFF,
    0xFF, 0xFF, 0xFF, 0xF3, 0xFF, 0xFF, 0xFF, 0xF7, 0xFF, 0xFF, 0xFC, 0xFF, 0xFF, 0xF7, 0xFF, 0xF8, 0xFF, 0xFF, 0xF3, 0xFF,
    0xFE, 0xFD, 0xFF, 0xFF, 0xFF, 0xFF, 0xFF, 0xFF, 0xFF, 0xFF, 0xFF, 0xFF, 0xFF, 0xFE, 0xFF, 0xFF, 0xFF, 0xFF, 0xF7, 0xFF,
    0xFF, 0xFD, 0xFF, 0xFF, 0xFF, 0xFF, 0xFF, 0xFF, 0xFF, 0xFF, 0xFF, 0xFF, 0xFF, 0xFF, 0xFF, 0xFF, 0xFF, 0xFF, 0xFF, 0xFF,
    0xFF, 0xFF, 0xFF, 0xFF, 0xFF, 0xFF, 0xFF, 0xFF, 0xFF, 0xFE, 0xFF, 0xFA, 0xF8, 0xFF, 0xED, 0xC6, 0xB8, 0xC0, 0xCD, 0xD0,
    0xBF, 0xBF, 0xCE, 0xD1, 0xD2, 0xD5, 0xC8, 0xDD, 0xD9, 0xD5, 0xC7, 0xD1, 0xD2, 0xC6, 0xC7, 0xCC, 0xC7, 0xCE, 0xD5, 0xBB,
    0xBF, 0xC7, 0xC4, 0xB0, 0xC5, 0xD5, 0xC6, 0xD3, 0xDD, 0xE3, 0xC7, 0xD6, 0xD1, 0xC4, 0xD2, 0xD1, 0xD6, 0xDD, 0xD6, 0xD4,
    0xD2, 0xC4, 0xCD, 0xE0, 0xE3, 0xEA, 0xE7, 0xEB, 0xE7, 0xE5, 0xE5, 0xEA, 0xE7, 0xE5, 0xE5, 0xFF, 0xFF, 0xFF, 0xFF, 0xFF,
    0xFF, 0xFF, 0xFF, 0xFF, 0xFF, 0xFF, 0xAB, 0x9F, 0xA4, 0xA0, 0xA3, 0xA3, 0xAE, 0xAE, 0xA0, 0x98, 0xB0, 0xB0, 0xB0, 0xC7,
    0xC8, 0xB0, 0x99, 0xA0, 0xA0, 0xA8, 0xA7, 0xA7, 0xA8, 0x9C, 0x9B, 0xA8, 0x9A, 0xAC, 0x6E, 0x3F, 0x51, 0x3A, 0x4D, 0x71,
    0x65, 0x41, 0x64, 0x71, 0x5F, 0x59, 0x59, 0x72, 0x66, 0x69, 0x5F, 0x5C, 0x5B, 0x74, 0x61, 0x8A, 0x85, 0x77, 0x77, 0x8A,
    0x6A, 0x65, 0x7C, 0x75, 0x76, 0x5F, 0x6B, 0xEB, 0xF0, 0xFC, 0xF1, 0xF4, 0xFF, 0xFF, 0xFE, 0xFF, 0xFF, 0xFF, 0xFF, 0xFF,
    0xFF, 0xFF, 0xFF, 0xFF, 0xFF, 0xFF, 0xFF, 0xFF, 0xFF, 0xFF, 0xFF, 0xF6, 0xFF, 0xED, 0xEC, 0xF0, 0xEC, 0xEC, 0xEE, 0xFE,
    0xFE, 0xEF, 0xE8, 0xF6, 0xEC, 0xEE, 0xEC, 0xF3, 0xE8, 0xE8, 0xF0, 0xA1, 0xEC, 0xF0, 0xEC, 0xFF, 0xEC, 0xE8, 0xF8, 0xE8,
    0xEF, 0xEF, 0xEC, 0xEC, 0xEF, 0xFE, 0xEF, 0xEC, 0xEE, 0xED, 0xEE, 0xEC, 0xEC, 0xF1, 0xE8, 0xEC, 0xEE, 0xEC, 0xFE, 0xE8,
    0xEC, 0xEF, 0xE8, 0xF8, 0xEC, 0xEE, 0xFE, 0xF8, 0xFF, 0xFF, 0xFF, 0xFF, 0xFF, 0xFF, 0xFF, 0xFF, 0xFF, 0xFF, 0xFF, 0xFF,
    0xFF, 0xFF, 0xFF, 0xFF, 0xFF, 0xFF, 0xFF, 0xFF, 0xF7, 0xF6, 0xF5, 0xFD, 0xFB, 0xEB, 0xB6, 0xC9, 0xCC, 0xB8, 0xBD, 0xC9,
    0xCA, 0xC2, 0xB0, 0xD6, 0xC5, 0xD4, 0xE0, 0xD6, 0xD6, 0xDF, 0xD3, 0xC7, 0xD4, 0xD4, 0xD1, 0xCF, 0xC5, 0xD1, 0xC7, 0xBB,
    0xC5, 0xBF, 0xC1, 0xD2, 0xD1, 0xD1, 0xD6, 0xD1, 0xD5, 0xE3, 0xC7, 0xC7, 0xD3, 0xCD, 0xC6, 0xC7, 0xD1, 0xD2, 0xD6, 0xD1,
    0xD4, 0xD6, 0xE0, 0xDA, 0xE5, 0xE9, 0xEA, 0xE5, 0xE5, 0xE9, 0xDB, 0xE7, 0xEA, 0xE7, 0xEA, 0xFF, 0xFF, 0xFF, 0xFF, 0xFF,
    0xFF, 0xFF, 0xFF, 0xFF, 0xFF, 0xFF, 0xAE, 0xAF, 0xAB, 0x98, 0x99, 0xAE, 0xAE, 0xA3, 0xA7, 0xA0, 0xB0, 0xC8, 0xB0, 0xB0,
    0xB0, 0xA2, 0x97, 0x9F, 0xA4, 0xAB, 0xA3, 0xAD, 0xAA, 0x9C, 0xA6, 0x9E, 0x8E, 0xA9, 0x81, 0x59, 0x3F, 0x3E, 0x69, 0x6F,
    0x69, 0x4D, 0x4D, 0x71, 0x69, 0x4C, 0x36, 0x66, 0x6F, 0x47, 0x67, 0x7C, 0x74, 0x7F, 0x6B, 0x78, 0x89, 0x7E, 0x68, 0x7B,
    0x69, 0x5F, 0x72, 0x70, 0x7E, 0x7E, 0x8F, 0x82, 0xD2, 0xEF, 0xFD, 0xF1, 0xF7, 0xFF, 0xFF, 0xFF, 0xFF, 0xFF, 0xFF, 0xFF,
    0xFF, 0xFF, 0xFF, 0xFF, 0xFF, 0xFF, 0xFF, 0xFF, 0xFF, 0xFF, 0xFF, 0xF2, 0xFF, 0xA1, 0xA1, 0xF3, 0x63, 0xA1, 0xED, 0xFF,
    0xFF, 0xEC, 0x32, 0xFF, 0xA1, 0x63, 0x63, 0xF0, 0xA1, 0xEE, 0xEE, 0xA1, 0xA1, 0xEE, 0xA1, 0xEF, 0xA1, 0xEE, 0xF3, 0x63,
    0xEC, 0xEF, 0x63, 0xA1, 0xEE, 0xFF, 0xEF, 0x63, 0x63, 0xE8, 0xEC, 0xA1, 0xC8, 0xEE, 0x63, 0xEF, 0xEC, 0xE8, 0xEE, 0xA1,
    0xEF, 0xEC, 0x32, 0xFF, 0xC8, 0xEC, 0xFF, 0xF4, 0xFF, 0xFF, 0xFF, 0xFF, 0xFF, 0xFF, 0xFF, 0xFF, 0xFF, 0xFF, 0xFF, 0xFF,
    0xFF, 0xFF, 0xFF, 0xFF, 0xFF, 0xFF, 0xFF, 0xFF, 0xF6, 0xF1, 0xFD, 0xEF, 0xE0, 0xB1, 0xB6, 0xC3, 0xC2, 0xCC, 0xC9, 0xB7,
    0xB5, 0xC1, 0xBB, 0xC0, 0xC6, 0xD1, 0xDD, 0xDD, 0xE4, 0xD6, 0xD5, 0xC7, 0xD0, 0xD9, 0xC6, 0xCD, 0xD4, 0xD3, 0xD5, 0xC5,
    0xD1, 0xC3, 0xAF, 0xC4, 0xBF, 0xBF, 0xC7, 0xDB, 0xD9, 0xCF, 0xD3, 0xD2, 0xC3, 0xCE, 0xD5, 0xD9, 0xD9, 0xC5, 0xD6, 0xD5,
    0xD1, 0xDB, 0xE9, 0xE0, 0xE5, 0xE9, 0xEA, 0xEA, 0xEA, 0xEA, 0xE7, 0xE7, 0xE9, 0xE7, 0xEA, 0xFF, 0xFF, 0xFF, 0xFF, 0xFF,
    0xFF, 0xFF, 0xFF, 0xFF, 0xFF, 0xFF, 0x99, 0xA9, 0xAF, 0xA0, 0xA3, 0xBE, 0xAE, 0xA5, 0xA0, 0xAE, 0xB0, 0xB0, 0xA4, 0x9F,
    0xC4, 0xC8, 0xA2, 0x9F, 0xA4, 0x9F, 0xAC, 0xAD, 0xAD, 0xAA, 0xB2, 0x9E, 0x8D, 0xA3, 0x81, 0x4C, 0x4B, 0x3F, 0x7E, 0x8D,
    0x68, 0x6F, 0x81, 0x80, 0x6B, 0x4B, 0x4F, 0x66, 0x59, 0x45, 0x80, 0x7E, 0x7C, 0x8B, 0x82, 0x70, 0x75, 0x7C, 0x8D, 0x68,
    0x6B, 0x66, 0x5F, 0x85, 0x7E, 0x7C, 0x99, 0x92, 0xAF, 0xBE, 0xED, 0xFF, 0xFC, 0xF6, 0xFF, 0xFF, 0xFF, 0xFF, 0xFF, 0xFF,
    0xFF, 0xFF, 0xFF, 0xFF, 0xFF, 0xFF, 0xFF, 0xFF, 0xFF, 0xFF, 0xFF, 0xF8, 0xFF, 0xA1, 0xA1, 0xEF, 0x63, 0x63, 0xEE, 0xFE,
    0xFF, 0xE8, 0x63, 0xEF, 0xC8, 0x32, 0xA1, 0xF0, 0xA1, 0xEC, 0xEE, 0x63, 0xC8, 0xEF, 0xA1, 0xEE, 0xC8, 0xFF, 0xEE, 0x63,
    0xE8, 0xEF, 0x63, 0x63, 0xEF, 0xFF, 0xEF, 0xA1, 0x32, 0xEC, 0xEC, 0xC8, 0xC8, 0xF3, 0xA1, 0xEC, 0xEC, 0xE8, 0xEC, 0xE8,
    0xFF, 0xE8, 0x63, 0xEF, 0xE8, 0xEC, 0xFF, 0xF4, 0xFF, 0xFF, 0xFF, 0xFF, 0xFF, 0xFF, 0xFF, 0xFF, 0xFF, 0xFF, 0xFF, 0xFF,
    0xFF, 0xFF, 0xFF, 0xFF, 0xFF, 0xFF, 0xFE, 0xF6, 0xF5, 0xFD, 0xED, 0xC5, 0xBA, 0xB5, 0xB7, 0xAD, 0xB2, 0xCD, 0xD6, 0xCA,
    0xBD, 0xCB, 0xBC, 0xB9, 0xC5, 0xC7, 0xE7, 0xE6, 0xE5, 0xDA, 0xD1, 0xC7, 0xD9, 0xDA, 0xD9, 0xD3, 0xD5, 0xC7, 0xD2, 0xC5,
    0xC0, 0xC5, 0xC3, 0xB3, 0xC5, 0xC7, 0xCD, 0xD5, 0xD6, 0xCD, 0xD4, 0xC4, 0xD1, 0xD2, 0xD1, 0xD8, 0xCF, 0xD9, 0xDC, 0xE4,
    0xE4, 0xE2, 0xE4, 0xE7, 0xEA, 0xEB, 0xE9, 0xE7, 0xE3, 0xE6, 0xEB, 0xE3, 0xE7, 0xEB, 0xEA, 0xFF, 0xFF, 0xFF, 0xFF, 0xFF,
    0xFF, 0xFF, 0xFF, 0xFF, 0xFF, 0xFF, 0xFF, 0x9B, 0xB0, 0xBE, 0xB3, 0xAE, 0xAE, 0xBE, 0xAE, 0xAE, 0xB0, 0xC4, 0xA4, 0xAE,
    0xA2, 0xBE, 0xA0, 0xA0, 0xA0, 0xAE, 0xAE, 0xA8, 0xAA, 0xAD, 0xA0, 0x9A, 0x95, 0x94, 0x7E, 0x4B, 0x53, 0x3F, 0x56, 0x71,
    0x7B, 0x85, 0x83, 0x8C, 0x80, 0x66, 0x53, 0x45, 0x47, 0x43, 0x53, 0x6F, 0x75, 0x74, 0x71, 0x6E, 0x75, 0x84, 0x84, 0x7C,
    0x67, 0x4D, 0x5F, 0x82, 0x75, 0x85, 0x8C, 0x9E, 0xB2, 0xA5, 0x90, 0xE8, 0xF3, 0xFE, 0xF1, 0xFE, 0xFF, 0xFF, 0xFF, 0xFF,
    0xFF, 0xFF, 0xFF, 0xFF, 0xFF, 0xFF, 0xFF, 0xFF, 0xFF, 0xFF, 0xF8, 0xFF, 0xEF, 0x63, 0x63, 0xEC, 0xA1, 0x63, 0xEE, 0xFE,
    0xFE, 0xA1, 0x32, 0xEC, 0xC8, 0xEC, 0xA1, 0xEF, 0xA1, 0xEE, 0xEE, 0x63, 0xC8, 0xEF, 0xA1, 0xEF, 0xA1, 0xEF, 0xEC, 0x32,
    0xA1, 0xEE, 0xA1, 0x63, 0xEE, 0xFF, 0xEE, 0xA1, 0xE8, 0xE8, 0xEC, 0xA1, 0xA1, 0xFF, 0xE8, 0xA1, 0xEC, 0xE8, 0xEE, 0xA1,
    0xEF, 0xA1, 0x32, 0xEC, 0xE8, 0xE8, 0xF8, 0xF7, 0xFF, 0xFF, 0xFF, 0xFF, 0xFF, 0xFF, 0xFF, 0xFF, 0xFF, 0xFF, 0xFF, 0xFF,
    0xFF, 0xFF, 0xFF, 0xFF, 0xFF, 0xF8, 0xF1, 0xFC, 0xF3, 0xEB, 0xAD, 0xB3, 0xC3, 0xB3, 0xB9, 0xAD, 0xB2, 0xBC, 0xCC, 0xD4,
    0xC6, 0xCB, 0xB7, 0xB7, 0xC7, 0xC4, 0xDD, 0xE7, 0xE3, 0xD3, 0xD4, 0xC7, 0xDE, 0xCB, 0xD1, 0xD9, 0xD6, 0xD1, 0xC3, 0xD0,
    0xBE, 0xC0, 0xC7, 0xBC, 0xC5, 0xD2, 0xC3, 0xD1, 0xD1, 0xD3, 0xC6, 0xCC, 0xCD, 0xC7, 0xC5, 0xD0, 0xC5, 0xDB, 0xE5, 0xE7,
    0xDD, 0xE0, 0xE7, 0xEA, 0xE7, 0xE7, 0xE3, 0xE7, 0xE7, 0xEB, 0xEB, 0xE6, 0xE7, 0xE7, 0xFF, 0xFF, 0xFF, 0xFF, 0xFF, 0xFF,
    0xFF, 0xFF, 0xFF, 0xFF, 0xFF, 0xFF, 0xFF, 0xA7, 0xBE, 0xBA, 0xC7, 0xC8, 0xB0, 0xA4, 0xA0, 0xA4, 0xB0, 0xC8, 0xA2, 0xA2,
    0xA4, 0x97, 0x73, 0x98, 0x9F, 0x98, 0x9B, 0x9D, 0x94, 0x90, 0x9A, 0x9D, 0x96, 0x93, 0x81, 0x4D, 0x4C, 0x4B, 0x56, 0x55,
    0x6E, 0x70, 0x72, 0x6B, 0x64, 0x6B, 0x59, 0x3A, 0x3A, 0x3A, 0x65, 0x64, 0x75, 0x7E, 0x6B, 0x71, 0x7C, 0x81, 0x7E, 0x6B,
    0x45, 0x51, 0x4C, 0x67, 0x7D, 0x75, 0x95, 0xA3, 0x94, 0xA9, 0xA0, 0x9C, 0xC4, 0xEE, 0xFE, 0xF4, 0xFA, 0xFF, 0xFF, 0xFF,
    0xFF, 0xFF, 0xFF, 0xFF, 0xFF, 0xFF, 0xFF, 0xFF, 0xFF, 0xFF, 0xF8, 0xFF, 0xEF, 0xEC, 0xEC, 0xEC, 0xEC, 0xEC, 0xEE, 0xF8,
    0xF0, 0xEC, 0xED, 0xEC, 0xEC, 0xEE, 0xEC, 0xF0, 0xC8, 0xE8, 0xEF, 0xEC, 0xEC, 0xEF, 0xE8, 0xFF, 0xE8, 0xEC, 0xEE, 0xED,
    0xEC, 0xEE, 0xEC, 0xEC, 0xEF, 0xF7, 0xEF, 0xEC, 0xEE, 0xEC, 0xF0, 0xA1, 0xEC, 0xF3, 0xA1, 0xEC, 0xEE, 0xEC, 0xFE, 0xE8,
    0xEC, 0xEC, 0xED, 0xEC, 0xEC, 0xA1, 0xEF, 0xFF, 0xFF, 0xFF, 0xFF, 0xFF, 0xFF, 0xFF, 0xFF, 0xFF, 0xFF, 0xFF, 0xFF, 0xFF,
    0xFF, 0xFF, 0xFF, 0xFF, 0xFA, 0xF2, 0xFC, 0xEF, 0xD5, 0xAB, 0xB5, 0xC0, 0xBB, 0xB7, 0xC5, 0xAF, 0xB9, 0xB9, 0xC2, 0xC3,
    0xD1, 0xD4, 0xB3, 0xC7, 0xDD, 0xC7, 0xC7, 0xE6, 0xE7, 0xE3, 0xDD, 0xC3, 0xD7, 0xCA, 0xC3, 0xD1, 0xD5, 0xD2, 0xCE, 0xC4,
    0xC5, 0xD1, 0xD1, 0xC3, 0xCE, 0xCB, 0xD2, 0xD6, 0xD6, 0xDB, 0xD1, 0xDD, 0xCD, 0xDF, 0xD9, 0xDA, 0xC7, 0xD3, 0xE2, 0xE0,
    0xE4, 0xE0, 0xE7, 0xE7, 0xE7, 0xE7, 0xE7, 0xEB, 0xE7, 0xEA, 0xE7, 0xE6, 0xE7, 0xE4, 0xFF, 0xFF, 0xFF, 0xFF, 0xFF, 0xFF,
    0xFF, 0xFF, 0xFF, 0xFF, 0xFF, 0xFF, 0xFF, 0xAC, 0xBE, 0xA7, 0xBA, 0xD2, 0xAB, 0xAE, 0xA3, 0xA7, 0xA4, 0xB0, 0xB0, 0xAE,
    0xB9, 0x73, 0x73, 0xA0, 0x9F, 0x9A, 0x91, 0x94, 0x91, 0x94, 0x94, 0x9E, 0x8C, 0x8C, 0x80, 0x64, 0x4B, 0x4B, 0x5C, 0x7B,
    0x54, 0x6B, 0x71, 0x59, 0x47, 0x64, 0x64, 0x4D, 0x44, 0x47, 0x69, 0x69, 0x59, 0x69, 0x65, 0x65, 0x53, 0x67, 0x6B, 0x4D,
    0x59, 0x51, 0x4B, 0x64, 0x56, 0x7E, 0xA6, 0xA8, 0x9B, 0x9D, 0xAF, 0xB9, 0x9B, 0x9C, 0xED, 0xFF, 0xFF, 0xF5, 0xFF, 0xFE,
    0xFF, 0xFF, 0xFF, 0xFF, 0xFF, 0xFF, 0xFF, 0xFF, 0xFF, 0xFF, 0xFF, 0xFF, 0xFF, 0xFF, 0xFE, 0xFC, 0xFF, 0xFF, 0xFE, 0xF3,
    0xF4, 0xFF, 0xFF, 0xFF, 0xFF, 0xF9, 0xFF, 0xFD, 0xFF, 0xFF, 0xFC, 0xFF, 0xFF, 0xFE, 0xFF, 0xF3, 0xFF, 0xFF, 0xFF, 0xFF,
    0xFF, 0xFF, 0xFF, 0xFF, 0xFD, 0xF7, 0xFE, 0xFF, 0xFF, 0xFF, 0xFD, 0xFF, 0xFF, 0xF3, 0xFF, 0xFF, 0xFF, 0xFF, 0xF3, 0xFF,
    0xFD, 0xFF, 0xFF, 0xFF, 0xFF, 0xFF, 0xFF, 0xFF, 0xFF, 0xFF, 0xFF, 0xFF, 0xFF, 0xFF, 0xFF, 0xFF, 0xFF, 0xFF, 0xFF, 0xFF,
    0xFF, 0xFF, 0xFF, 0xF8, 0xFF, 0xFC, 0xED, 0xC5, 0xAF, 0xB0, 0xC7, 0xC1, 0xB7, 0xB8, 0xBC, 0xC2, 0xB1, 0xC3, 0xCD, 0xCD,
    0xD6, 0xC2, 0xB1, 0xCB, 0xC6, 0xB9, 0xC7, 0xDB, 0xDB, 0xE0, 0xD3, 0xC5, 0xD6, 0xCF, 0xC3, 0xD1, 0xD6, 0xD3, 0xD3, 0xCE,
    0xC7, 0xD5, 0xD5, 0xD2, 0xD2, 0xD3, 0xCD, 0xC7, 0xD2, 0xD2, 0xD9, 0xD9, 0xCE, 0xD6, 0xCD, 0xCB, 0xD2, 0xD5, 0xE4, 0xE5,
    0xE9, 0xE4, 0xE4, 0xEB, 0xEB, 0xE7, 0xEA, 0xEB, 0xEB, 0xEA, 0xE7, 0xE6, 0xE7, 0xE6, 0xFF, 0xFF, 0xFF, 0xFF, 0xFF, 0xFF,
    0xFF, 0xFF, 0xFF, 0xFF, 0xFF, 0xFF, 0xFF, 0xFF, 0xAE, 0xA8, 0xA5, 0xA7, 0x9B, 0xAB, 0xAC, 0x9B, 0xA0, 0xA4, 0xA4, 0xA2,
    0xC4, 0xA7, 0xA0, 0x97, 0x9A, 0x9A, 0x8D, 0x95, 0x9B, 0x92, 0x8E, 0x83, 0x8C, 0x80, 0x8D, 0x83, 0x7C, 0x61, 0x5D, 0x61,
    0x5F, 0x6A, 0x69, 0x4D, 0x4C, 0x59, 0x64, 0x4B, 0x45, 0x41, 0x66, 0x61, 0x51, 0x66, 0x45, 0x4D, 0x56, 0x64, 0x67, 0x65,
    0x6A, 0x69, 0x44, 0x3A, 0x44, 0x6F, 0xA6, 0x96, 0x94, 0x9A, 0x95, 0xA8, 0xA7, 0x8E, 0xA3, 0xE3, 0xEF, 0xFC, 0xF0, 0xF1,
    0xF6, 0xFF, 0xFF, 0xFF, 0xFF, 0xFF, 0xFF, 0xFF, 0xFF, 0xFF, 0xFF, 0xFF, 0xF8, 0xF8, 0xF8, 0xF7, 0xF8, 0xF4, 0xF9, 0xFF,
    0xFF, 0xF7, 0xF8, 0xF8, 0xF8, 0xF8, 0xF5, 0xFF, 0xF4, 0xF6, 0xFF, 0xF5, 0xF8, 0xFF, 0xF4, 0xFF, 0xF4, 0xF7, 0xF8, 0xF8,
    0xF7, 0xFE, 0xF7, 0xF4, 0xFE, 0xFF, 0xF8, 0xF7, 0xF8, 0xF8, 0xFF, 0xF4, 0xF8, 0xFF, 0xF4, 0xF8, 0xFA, 0xF8, 0xFF, 0xF4,
    0xF8, 0xF8, 0xF8, 0xF8, 0xF8, 0xF4, 0xFF, 0xFF, 0xFF, 0xFF, 0xFF, 0xFF, 0xFF, 0xFF, 0xFF, 0xFF, 0xFF, 0xFF, 0xFF, 0xFF,
    0xFF, 0xF7, 0xF3, 0xFE, 0xF1, 0xEB, 0xB9, 0xBB, 0xC7, 0xBE, 0xD5, 0xC5, 0xBE, 0xBB, 0xBF, 0xBC, 0xB3, 0xB7, 0xCF, 0xC7,
    0xD1, 0xCA, 0xB8, 0xB5, 0xC6, 0xD5, 0xD1, 0xD1, 0xD5, 0xD1, 0xCB, 0xC6, 0xD8, 0xCB, 0xC3, 0xCF, 0xCD, 0xCD, 0xD3, 0xD1,
    0xD5, 0xC6, 0xD1, 0xD1, 0xD4, 0xD3, 0xCD, 0xD4, 0xC6, 0xD1, 0xE0, 0xD2, 0xC4, 0xC4, 0xC0, 0xC3, 0xCE, 0xD5, 0xE3, 0xE4,
    0xE5, 0xE1, 0xE2, 0xEA, 0xE6, 0xE7, 0xEA, 0xEB, 0xEB, 0xEB, 0xEB, 0xEB, 0xEB, 0xFF, 0xFF, 0xFF, 0xFF, 0xFF, 0xFF, 0xFF,
    0xFF, 0xFF, 0xFF, 0xFF, 0xFF, 0xFF, 0xFF, 0xFF, 0xBE, 0xAA, 0x9C, 0xA7, 0xAB, 0xAC, 0xAB, 0x9F, 0x9A, 0x9F, 0xA2, 0xA2,
    0xC4, 0xA4, 0xAB, 0x79, 0x79, 0x8B, 0x8E, 0x8B, 0x9E, 0x92, 0x86, 0x91, 0x91, 0x92, 0x94, 0x81, 0x82, 0x7C, 0x56, 0x82,
    0x71, 0x69, 0x6F, 0x6A, 0x59, 0x7E, 0x6B, 0x33, 0x3A, 0x3A, 0x5F, 0x7B, 0x51, 0x4C, 0x44, 0x45, 0x59, 0x53, 0x65, 0x72,
    0x71, 0x59, 0x3F, 0x3E, 0x48, 0x61, 0x89, 0x9C, 0xAA, 0x9C, 0xA7, 0xA5, 0xA6, 0x88, 0xA3, 0x87, 0xC4, 0xEE, 0xFC, 0xF0,
    0xF6, 0xFF, 0xFF, 0xFF, 0xFF, 0xFF, 0xFF, 0xFF, 0xFF, 0xFF, 0xFF, 0xFF, 0xFF, 0xFF, 0xFF, 0xFF, 0xFF, 0xFF, 0xFF, 0xFF,
    0xFF, 0xFF, 0xFF, 0xFF, 0xFF, 0xFF, 0xFF, 0xFF, 0xFF, 0xFF, 0xFF, 0xFF, 0xFF, 0xFF, 0xFF, 0xFF, 0xFF, 0xFF, 0xFF, 0xFF,
    0xFF, 0xFF, 0xFF, 0xFF, 0xFF, 0xFF, 0xFF, 0xFF, 0xFF, 0xFF, 0xFF, 0xFF, 0xFF, 0xFF, 0xFF, 0xFF, 0xFF, 0xFF, 0xFF, 0xFF,
    0xFF, 0xFF, 0xFF, 0xFF, 0xFF, 0xFF, 0xFF, 0xFF, 0xFF, 0xFF, 0xFF, 0xFF, 0xFF, 0xFF, 0xFF, 0xFF, 0xFF, 0xFF, 0xFF, 0xFF,
    0xFA, 0xF4, 0xFE, 0xEE, 0xDD, 0xBF, 0xC3, 0xC6, 0xD5, 0xC4, 0xC5, 0xC2, 0xBF, 0xD2, 0xBB, 0xC3, 0xB3, 0xBB, 0xC0, 0xCB,
    0xCE, 0xC4, 0xC3, 0xCF, 0xC5, 0xD1, 0xD7, 0xD1, 0xD1, 0xC0, 0xBB, 0xC2, 0xC2, 0xDE, 0xCF, 0xC6, 0xC0, 0xC4, 0xD1, 0xCB,
    0xD3, 0xD3, 0xD3, 0xD2, 0xD1, 0xC6, 0xCF, 0xD2, 0xC7, 0xE0, 0xD6, 0xD3, 0xDD, 0xDD, 0xD5, 0xD5, 0xD2, 0xD6, 0xE0, 0xE9,
    0xE5, 0xE4, 0xE7, 0xEA, 0xE7, 0xEA, 0xEA, 0xEB, 0xE9, 0xEA, 0xEB, 0xEB, 0xEB, 0xFF, 0xFF, 0xFF, 0xFF, 0xFF, 0xFF, 0xFF,
    0xFF, 0xFF, 0xFF, 0xFF, 0xFF, 0xFF, 0xFF, 0xFF, 0xAF, 0xBA, 0xAA, 0xAC, 0xA3, 0x91, 0xB9, 0xAB, 0x88, 0x94, 0x9F, 0xB0,
    0xB0, 0xA4, 0xA4, 0x9A, 0x98, 0x8A, 0x9A, 0x8A, 0x8B, 0x9D, 0x8B, 0x94, 0x86, 0x7F, 0xA5, 0x8C, 0x81, 0x6D, 0x7B, 0x85,
    0x59, 0x69, 0x65, 0x65, 0x59, 0x65, 0x6B, 0x59, 0x59, 0x3A, 0x4C, 0x61, 0x5C, 0x4B, 0x45, 0x64, 0x56, 0x59, 0x65, 0x71,
    0x4B, 0x56, 0x4C, 0x69, 0x7B, 0x7F, 0x71, 0x94, 0xA5, 0xA8, 0xA3, 0xAB, 0xA3, 0x9E, 0x9B, 0x9D, 0x95, 0xA5, 0xEB, 0xFC,
    0xFB, 0xF5, 0xFF, 0xFF, 0xFF, 0xFF, 0xFF, 0xFF, 0xFF, 0xFF, 0xFF, 0xFF, 0xFF, 0xFF, 0xFF, 0xFF, 0xFF, 0xFF, 0xFF, 0xFF,
    0xFF, 0xFF, 0xFF, 0xFF, 0xFF, 0xFF, 0xFF, 0xFF, 0xFF, 0xFF, 0xFF, 0xFF, 0xFF, 0xFF, 0xFF, 0xFF, 0xFF, 0xFF, 0xFF, 0xFF,
    0xFF, 0xFF, 0xFF, 0xFF, 0xFF, 0xFF, 0xFF, 0xFF, 0xFF, 0xFF, 0xFF, 0xFF, 0xFF, 0xFF, 0xFF, 0xFF, 0xFF, 0xFF, 0xFF, 0xFF,
    0xFF, 0xFF, 0xFF, 0xFF, 0xFF, 0xFF, 0xFF, 0xFF, 0xFF, 0xFF, 0xFF, 0xFF, 0xFF, 0xFF, 0xFF, 0xFF, 0xFF, 0xFF, 0xFF, 0xF5,
    0xFF, 0xFF, 0xED, 0xCD, 0xC1, 0xCF, 0xD6, 0xD3, 0xD9, 0xD4, 0xCA, 0xC6, 0xD6, 0xD1, 0xCF, 0xDB, 0xB7, 0xB0, 0xD3, 0xD0,
    0xC5, 0xB9, 0xDB, 0xD1, 0xCD, 0xD0, 0xD2, 0xC6, 0xCA, 0xD1, 0xC0, 0xC3, 0xC6, 0xD3, 0xCE, 0xD6, 0xC5, 0xD1, 0xD1, 0xD1,
    0xC4, 0xCB, 0xCB, 0xD1, 0xD4, 0xCE, 0xBF, 0xD4, 0xD3, 0xD2, 0xC7, 0xD3, 0xDD, 0xD1, 0xD1, 0xD2, 0xCF, 0xD2, 0xDB, 0xDF,
    0xE4, 0xE6, 0xEA, 0xEA, 0xEA, 0xEB, 0xEB, 0xEB, 0xEA, 0xEB, 0xEA, 0xEA, 0xEB, 0xFF, 0xFF, 0xFF, 0xFF, 0xFF, 0xFF, 0xFF,
    0xFF, 0xFF, 0xFF, 0xFF, 0xFF, 0xFF, 0xFF, 0xFF, 0xFF, 0xC3, 0xBE, 0xAB, 0xAF, 0xA3, 0xA0, 0xAE, 0xA3, 0x8D, 0x84, 0x99,
    0xBE, 0xBF, 0xB0, 0xAE, 0xAE, 0x87, 0x8F, 0x7E, 0x7A, 0x9D, 0x89, 0x91, 0xA6, 0x8B, 0xA6, 0x8D, 0x7C, 0x7B, 0x59, 0x53,
    0x53, 0x69, 0x67, 0x71, 0x58, 0x66, 0x6A, 0x4B, 0x4D, 0x4D, 0x59, 0x5F, 0x52, 0x3A, 0x45, 0x6F, 0x69, 0x5F, 0x5C, 0x58,
    0x3A, 0x5C, 0x7B, 0x5F, 0x5F, 0x80, 0x80, 0x94, 0x91, 0xA9, 0x93, 0x94, 0xA6, 0x95, 0x94, 0x91, 0xA0, 0x94, 0x93, 0xC8,
    0xEF, 0xFD, 0xF0, 0xF6, 0xFF, 0xFF, 0xFF, 0xFF, 0xFF, 0xFF, 0xFF, 0xFF, 0xFF, 0xFF, 0xFF, 0xFF, 0xFF, 0xFF, 0xFF, 0xFF,
    0xFF, 0xFF, 0xFF, 0xFF, 0xFF, 0xFF, 0xFF, 0xFF, 0xFF, 0xFF, 0xFF, 0xFF, 0xFF, 0xFF, 0xFF, 0xFF, 0xFF, 0xFF, 0xFF, 0xFF,
    0xFF, 0xFF, 0xFF, 0xFF, 0xFF, 0xFF, 0xFF, 0xFF, 0xFF, 0xFF, 0xFF, 0xFF, 0xFF, 0xFF, 0xFF, 0xFF, 0xFF, 0xFF, 0xFF, 0xFF,
    0xFF, 0xFF, 0xFF, 0xFF, 0xFF, 0xFF, 0xFF, 0xFF, 0xFF, 0xFF, 0xFF, 0xFF, 0xFF, 0xFF, 0xFF, 0xFF, 0xF7, 0xF5, 0xF1, 0xFC,
    0xF0, 0xEB, 0xC7, 0xE1, 0xDB, 0xD5, 0xC7, 0xBF, 0xC6, 0xD2, 0xC3, 0xD9, 0xD3, 0xD8, 0xDC, 0xD9, 0xD9, 0xC7, 0xD1, 0xD5,
    0xD6, 0xD7, 0xD1, 0xD6, 0xD0, 0xC2, 0xC3, 0xD2, 0xAD, 0xB1, 0xBB, 0xD2, 0xCD, 0xCF, 0xC3, 0xC3, 0xCB, 0xBF, 0xC7, 0xD1,
    0xC7, 0xD2, 0xCD, 0xCE, 0xC2, 0xCC, 0xC3, 0xCD, 0xCE, 0xCB, 0xD2, 0xD3, 0xD2, 0xC7, 0xE4, 0xD0, 0xC3, 0xD3, 0xDF, 0xDB,
    0xE0, 0xE5, 0xEA, 0xE9, 0xEA, 0xEA, 0xEB, 0xE9, 0xEB, 0xEB, 0xE9, 0xE9, 0xFF, 0xFF, 0xFF, 0xFF, 0xFF, 0xFF, 0xFF, 0xFF,
    0xFF, 0xFF, 0xFF, 0xFF, 0xFF, 0xFF, 0xFF, 0xFF, 0xFF, 0xC0, 0xBE, 0xAB, 0xBA, 0xAB, 0x9A, 0xAF, 0xB9, 0x90, 0x85, 0x97,
    0xA4, 0xB0, 0xBE, 0x9F, 0xB0, 0x89, 0x7E, 0x7E, 0x8F, 0x92, 0x92, 0x90, 0x8D, 0x8C, 0x92, 0x56, 0x59, 0x7B, 0x56, 0x56,
    0x56, 0x69, 0x80, 0x58, 0x4D, 0x65, 0x6B, 0x64, 0x3A, 0x48, 0x66, 0x53, 0x4C, 0x4B, 0x56, 0x4B, 0x56, 0x56, 0x7B, 0x66,
    0x59, 0x55, 0x7C, 0x5E, 0x6F, 0x82, 0x86, 0x9D, 0x89, 0x92, 0x8F, 0x94, 0x9D, 0x95, 0x94, 0x9A, 0x9B, 0x9D, 0x86, 0x77,
    0xA0, 0xED, 0xFC, 0xF0, 0xF8, 0xFF, 0xFF, 0xFF, 0xFF, 0xFF, 0xFF, 0xFF, 0xFF, 0xFF, 0xFF, 0xFF, 0xFF, 0xFF, 0xFF, 0xFF,
    0xFF, 0xFF, 0xFF, 0xFF, 0xFF, 0xFF, 0xFF, 0xFF, 0xFF, 0xFF, 0xFF, 0xFF, 0xFF, 0xFF, 0xFF, 0xFF, 0xFF, 0xFF, 0xFF, 0xFF,
    0xFF, 0xFF, 0xFF, 0xFF, 0xFF, 0xFF, 0xFF, 0xFF, 0xFF, 0xFF, 0xFF, 0xFF, 0xFF, 0xFF, 0xFF, 0xFF, 0xFF, 0xFF, 0xFF, 0xFF,
    0xFF, 0xFF, 0xFF, 0xFF, 0xFF, 0xFF, 0xFF, 0xFF, 0xFF, 0xFF, 0xFF, 0xFF, 0xFF, 0xFF, 0xFF, 0xFE, 0xF3, 0xF2, 0xFD, 0xEE,
    0xDD, 0xCD, 0xD6, 0xDB, 0xDB, 0xD6, 0xD9, 0xC3, 0xC6, 0xD3, 0xDD, 0xD1, 0xCD, 0xD1, 0xDB, 0xD3, 0xDD, 0xC6, 0xD3, 0xCD,
    0xD1, 0xC7, 0xCB, 0xC5, 0xC7, 0xD1, 0xBF, 0xBB, 0xAE, 0xB8, 0xC2, 0xC0, 0xC6, 0xD5, 0xD0, 0xBB, 0xBC, 0xC1, 0xBF, 0xCD,
    0xD2, 0xD2, 0xC7, 0xC7, 0xCA, 0xCB, 0xD2, 0xD5, 0xD5, 0xD9, 0xD2, 0xD9, 0xDA, 0xC3, 0xC6, 0xC3, 0xC7, 0xE3, 0xE3, 0xE7,
    0xE7, 0xE9, 0xEA, 0xE9, 0xE9, 0xE4, 0xEA, 0xEA, 0xEB, 0xEA, 0xEA, 0xEB, 0xFF, 0xFF, 0xFF, 0xFF, 0xFF, 0xFF, 0xFF, 0xFF,
    0xFF, 0xFF, 0xFF, 0xFF, 0xFF, 0xFF, 0xFF, 0xFF, 0xFF, 0xAE, 0xBA, 0xA3, 0x98, 0x8A, 0x9D, 0xBA, 0xAE, 0xAC, 0x87, 0x99,
    0x9F, 0xA4, 0xA4, 0xA4, 0xAE, 0xA3, 0x86, 0x8D, 0x94, 0x86, 0xA6, 0x92, 0x86, 0x9E, 0x8A, 0x69, 0x59, 0x6E, 0x58, 0x56,
    0x56, 0x59, 0x6B, 0x64, 0x4D, 0x64, 0x80, 0x6B, 0x56, 0x48, 0x5F, 0x69, 0x5F, 0x53, 0x56, 0x4D, 0x47, 0x4B, 0x56, 0x51,
    0x5F, 0x5F, 0x58, 0x4C, 0x58, 0x7B, 0x59, 0x83, 0x8D, 0x8A, 0x91, 0x9C, 0x9E, 0x95, 0x91, 0x91, 0x95, 0x94, 0x7F, 0x96,
    0x7C, 0x5E, 0xE7, 0xFC, 0xFF, 0xF8, 0xFA, 0xFF, 0xFF, 0xFF, 0xFF, 0xFF, 0xFF, 0xFF, 0xFF, 0xFF, 0xFF, 0xFF, 0xFF, 0xFF,
    0xFF, 0xFF, 0xFF, 0xFF, 0xFF, 0xFF, 0xFF, 0xFF, 0xFF, 0xFF, 0xFF, 0xFF, 0xFF, 0xFF, 0xFF, 0xFF, 0xFF, 0xFF, 0xFF, 0xFF,
    0xFF, 0xFF, 0xFF, 0xFF, 0xFF, 0xFF, 0xFF, 0xFF, 0xFF, 0xFF, 0xFF, 0xFF, 0xFF, 0xFF, 0xFF, 0xFF, 0xFF, 0xFF, 0xFF, 0xFF,
    0xFF, 0xFF, 0xFF, 0xFF, 0xFF, 0xFF, 0xFF, 0xFF, 0xFF, 0xFF, 0xFF, 0xFF, 0xFF, 0xFF, 0xFF, 0xFA, 0xFE, 0xFC, 0xED, 0xC6,
    0xCE, 0xD1, 0xDA, 0xDD, 0xE3, 0xD1, 0xD2, 0xD7, 0xCC, 0xD5, 0xD7, 0xCC, 0xC3, 0xD1, 0xC7, 0xC2, 0xD8, 0xD1, 0xC7, 0xD2,
    0xD6, 0xBE, 0xCD, 0xCC, 0xC5, 0xC3, 0xBE, 0xAD, 0xBD, 0xC0, 0xCD, 0xC5, 0xC0, 0xC1, 0xCB, 0xCC, 0xB7, 0xCE, 0xD1, 0xD3,
    0xD5, 0xD2, 0xDA, 0xD2, 0xCD, 0xC6, 0xCD, 0xDC, 0xDB, 0xD3, 0xD6, 0xD9, 0xCD, 0xD4, 0xC6, 0xC1, 0xCF, 0xE3, 0xE3, 0xE4,
    0xE5, 0xE7, 0xE9, 0xEA, 0xE9, 0xE5, 0xEA, 0xE9, 0xE7, 0xEA, 0xEA, 0xE7, 0xFF, 0xFF, 0xFF, 0xFF, 0xFF, 0xFF, 0xFF, 0xFF,
    0xFF, 0xFF, 0xFF, 0xFF, 0xFF, 0xFF, 0xFF, 0xFF, 0xFF, 0xFF, 0x99, 0xA6, 0x9D, 0x7A, 0x98, 0xA3, 0xA3, 0xA5, 0x72, 0x87,
    0x9F, 0xA2, 0xB0, 0xA4, 0xBE, 0xAF, 0xA5, 0xA6, 0xA3, 0x8E, 0x94, 0x9A, 0x94, 0x84, 0x91, 0x53, 0x69, 0x5C, 0x3F, 0x4B,
    0x7B, 0x6E, 0x71, 0x69, 0x59, 0x59, 0x7E, 0x4D, 0x59, 0x59, 0x56, 0x53, 0x5C, 0x66, 0x56, 0x4D, 0x47, 0x44, 0x4D, 0x3A,
    0x4B, 0x40, 0x56, 0x69, 0x59, 0x69, 0x59, 0x6B, 0x8D, 0x6A, 0x92, 0xA5, 0x8B, 0x8F, 0x83, 0xA6, 0x9C, 0x8A, 0x92, 0xA6,
    0xA0, 0x8A, 0x61, 0xC8, 0xEF, 0xF3, 0xF2, 0xFF, 0xFF, 0xFF, 0xFF, 0xFF, 0xFF, 0xFF, 0xFF, 0xFF, 0xFF, 0xFF, 0xFF, 0xFF,
    0xFF, 0xFF, 0xFF, 0xFF, 0xFF, 0xFF, 0xFF, 0xFF, 0xFF, 0xFF, 0xFF, 0xFF, 0xFF, 0xFF, 0xFF, 0xFF, 0xFF, 0xFF, 0xFF, 0xFF,
    0xFF, 0xFF, 0xFF, 0xFF, 0xFF, 0xFF, 0xFF, 0xFF, 0xFF, 0xFF, 0xFF, 0xFF, 0xFF, 0xFF, 0xFF, 0xFF, 0xFF, 0xFF, 0xFF, 0xFF,
    0xFF, 0xFF, 0xFF, 0xFF, 0xFF, 0xFF, 0xFF, 0xFF, 0xFF, 0xFF, 0xFF, 0xFF, 0xFF, 0xFF, 0xF8, 0xFF, 0xF0, 0xE8, 0xB9, 0xD1,
    0xD1, 0xC7, 0xCD, 0xD6, 0xDD, 0xDD, 0xD2, 0xC7, 0xD1, 0xC7, 0xC7, 0xBD, 0xC6, 0xC3, 0xC6, 0xCA, 0xD8, 0xCF, 0xCE, 0xD4,
    0xD4, 0xBA, 0xC7, 0xD2, 0xC3, 0xC3, 0xBF, 0xB7, 0xB6, 0xC3, 0xD4, 0xD4, 0xD1, 0xC2, 0xC6, 0xBF, 0xB4, 0xC5, 0xD1, 0xD9,
    0xDC, 0xCD, 0xD1, 0xD6, 0xD3, 0xDA, 0xDA, 0xD3, 0xD6, 0xDB, 0xDF, 0xD9, 0xD5, 0xD5, 0xE3, 0xDB, 0xDB, 0xE0, 0xD6, 0xE4,
    0xE0, 0xE7, 0xE7, 0xE0, 0xEA, 0xEA, 0xEA, 0xE9, 0xE9, 0xEA, 0xE7, 0xFF, 0xFF, 0xFF, 0xFF, 0xFF, 0xFF, 0xFF, 0xFF, 0xFF,
    0xFF, 0xFF, 0xFF, 0xFF, 0xFF, 0xFF, 0xFF, 0xFF, 0xFF, 0xFF, 0xA0, 0xA3, 0xAA, 0x94, 0x89, 0x9A, 0x9D, 0x9D, 0x89, 0x88,
    0xA0, 0x97, 0xA2, 0xA4, 0xAF, 0xA3, 0x96, 0x9D, 0xA0, 0xA6, 0x92, 0x93, 0xA0, 0x9A, 0x81, 0x66, 0x59, 0x51, 0x2D, 0x47,
    0x6F, 0x77, 0x81, 0x66, 0x56, 0x4D, 0x6F, 0x4B, 0x47, 0x59, 0x59, 0x38, 0x4C, 0x59, 0x59, 0x4A, 0x38, 0x45, 0x45, 0x4C,
    0x4B, 0x41, 0x3A, 0x47, 0x59, 0x6A, 0x66, 0x71, 0x7E, 0x71, 0x8D, 0xB1, 0x9D, 0x88, 0x7F, 0xA3, 0xAB, 0x92, 0x90, 0x94,
    0x9B, 0x9B, 0x97, 0x76, 0xAE, 0xF0, 0xF6, 0xFA, 0xFF, 0xFF, 0xFF, 0xFF, 0xFF, 0xFF, 0xFF, 0xFF, 0xFF, 0xFF, 0xFF, 0xFF,
    0xFF, 0xFF, 0xFF, 0xFF, 0xFF, 0xFF, 0xFF, 0xFF, 0xFF, 0xFF, 0xFF, 0xFF, 0xFF, 0xFF, 0xFF, 0xFF, 0xFF, 0xFF, 0xFF, 0xFF,
    0xFF, 0xFF, 0xFF, 0xFF, 0xFF, 0xFF, 0xFF, 0xFF, 0xFF, 0xFF, 0xFF, 0xFF, 0xFF, 0xFF, 0xFF, 0xFF, 0xFF, 0xFF, 0xFF, 0xFF,
    0xFF, 0xFF, 0xFF, 0xFF, 0xFF, 0xFF, 0xFF, 0xFF, 0xFF, 0xFF, 0xFF, 0xFF, 0xFF, 0xFF, 0xFF, 0xF0, 0xE6, 0xC1, 0xD1, 0xD1,
    0xBC, 0xC5, 0xC2, 0xC0, 0xD2, 0xD6, 0xC0, 0xCF, 0xCF, 0xC6, 0xC3, 0xC2, 0xCB, 0xCF, 0xD6, 0xCD, 0xC5, 0xD6, 0xDC, 0xD3,
    0xCD, 0xAD, 0xCA, 0xCF, 0xBD, 0xC5, 0xBE, 0xDB, 0xC6, 0xD2, 0xCD, 0xD0, 0xD6, 0xD2, 0xD2, 0xCD, 0xBB, 0xC3, 0xD4, 0xCD,
    0xD0, 0xD0, 0xD4, 0xDB, 0xDB, 0xD9, 0xDC, 0xD1, 0xD3, 0xDC, 0xDC, 0xDA, 0xD9, 0xDC, 0xE4, 0xDF, 0xDA, 0xE2, 0xE0, 0xE4,
    0xE7, 0xE4, 0xE7, 0xE9, 0xE0, 0xEA, 0xEA, 0xEA, 0xEA, 0xE9, 0xEA, 0xFF, 0xFF, 0xFF, 0xFF, 0xFF, 0xFF, 0xFF, 0xFF, 0xFF,
    0xFF, 0xFF, 0xFF, 0xFF, 0xFF, 0xFF, 0xFF, 0xFF, 0xFF, 0xFF, 0xFF, 0xA0, 0xA3, 0x93, 0x94, 0x9B, 0x94, 0x9A, 0x9C, 0x9B,
    0x8A, 0x8A, 0xB0, 0xA2, 0x98, 0xA3, 0xAA, 0x94, 0x94, 0xAD, 0x9B, 0x8C, 0x95, 0x91, 0x5F, 0x56, 0x5F, 0x3A, 0x47, 0x4B,
    0x59, 0x69, 0x80, 0x6A, 0x5F, 0x64, 0x64, 0x65, 0x69, 0x4C, 0x4B, 0x3A, 0x3A, 0x40, 0x4C, 0x64, 0x45, 0x64, 0x44, 0x56,
    0x59, 0x2D, 0x28, 0x47, 0x53, 0x85, 0x72, 0x7F, 0x89, 0x7C, 0x8D, 0xA5, 0x99, 0xA0, 0x94, 0x9B, 0x8B, 0x90, 0xA8, 0x9D,
    0x87, 0xA3, 0x93, 0x83, 0xBE, 0xF3, 0xF6, 0xFF, 0xFF, 0xFF, 0xFF, 0xFF, 0xFF, 0xFF, 0xFF, 0xFF, 0xFF, 0xFF, 0xFF, 0xFF,
    0xFF, 0xFF, 0xFF, 0xFF, 0xFF, 0xFF, 0xFF, 0xFF, 0xFF, 0xFF, 0xFF, 0xFF, 0xFF, 0xFF, 0xFF, 0xFF, 0xFF, 0xFF, 0xFF, 0xFF,
    0xFF, 0xFF, 0xFF, 0xFF, 0xFF, 0xFF, 0xFF, 0xFF, 0xFF, 0xFF, 0xFF, 0xFF, 0xFF, 0xFF, 0xFF, 0xFF, 0xFF, 0xFF, 0xFF, 0xFF,
    0xFF, 0xFF, 0xFF, 0xFF, 0xFF, 0xFF, 0xFF, 0xFF, 0xFF, 0xFF, 0xFF, 0xFF, 0xFF, 0xFF, 0xFF, 0xF4, 0xE3, 0xCD, 0xD5, 0xC1,
    0xB2, 0xB4, 0xB4, 0xB6, 0xBC, 0xCE, 0xBB, 0xB6, 0xBD, 0xC1, 0xC0, 0xB9, 0xCA, 0xBF, 0xDD, 0xDA, 0xD9, 0xDA, 0xD6, 0xD1,
    0xD6, 0xBB, 0xC9, 0xCA, 0xB7, 0xB7, 0xD1, 0xDB, 0xC6, 0xDB, 0xD9, 0xD8, 0xD4, 0xCE, 0xD0, 0xCF, 0xC6, 0xCB, 0xCA, 0xCE,
    0xC6, 0xC6, 0xCF, 0xCF, 0xDC, 0xD3, 0xD6, 0xD6, 0xD6, 0xE0, 0xDD, 0xD6, 0xD3, 0xDA, 0xE0, 0xDF, 0xDF, 0xE1, 0xE9, 0xE7,
    0xE4, 0xE4, 0xE7, 0xE7, 0xE0, 0xE4, 0xEB, 0xEB, 0xE7, 0xE7, 0xFF, 0xFF, 0xFF, 0xFF, 0xFF, 0xFF, 0xFF, 0xFF, 0xFF, 0xFF,
    0xFF, 0xFF, 0xFF, 0xFF, 0xFF, 0xFF, 0xFF, 0xFF, 0xFF, 0xFF, 0xFF, 0xAD, 0xAB, 0x9B, 0xA8, 0x90, 0x9D, 0xAC, 0xA3, 0xA0,
    0x98, 0x9F, 0xAE, 0xA2, 0x98, 0xA0, 0xA7, 0x8F, 0x92, 0x9C, 0xA7, 0x93, 0x96, 0xA9, 0x6F, 0x6E, 0x5F, 0x4B, 0x4B, 0x51,
    0x5F, 0x59, 0x80, 0x83, 0x7E, 0x67, 0x65, 0x6B, 0x6B, 0x67, 0x4B, 0x4B, 0x51, 0x53, 0x56, 0x4D, 0x4B, 0x80, 0x64, 0x4B,
    0x38, 0x2D, 0x3A, 0x5F, 0x5C, 0x7C, 0x85, 0x8A, 0x95, 0x93, 0x95, 0x88, 0x98, 0xA8, 0x88, 0x8B, 0x94, 0x9B, 0x8B, 0x99,
    0x9A, 0x8A, 0x8F, 0x70, 0xEB, 0xFE, 0xF4, 0xFF, 0xFF, 0xFF, 0xFF, 0xFF, 0xFF, 0xFF, 0xFF, 0xFF, 0xFF, 0xFF, 0xFF, 0xFF,
    0xFF, 0xFF, 0xFF, 0xFF, 0xFF, 0xFF, 0xFF, 0xFF, 0xFF, 0xFF, 0xFF, 0xFF, 0xFF, 0xFF, 0xFF, 0xFF, 0xFF, 0xFF, 0xFF, 0xFF,
    0xFF, 0xFF, 0xFF, 0xFF, 0xFF, 0xFF, 0xFF, 0xFF, 0xFF, 0xFF, 0xFF, 0xFF, 0xFF, 0xFF, 0xFF, 0xFF, 0xFF, 0xFF, 0xFF, 0xFF,
    0xFF, 0xFF, 0xFF, 0xFF, 0xFF, 0xFF, 0xFF, 0xFF, 0xFF, 0xFF, 0xFF, 0xFF, 0xFF, 0xFF, 0xF5, 0xFF, 0xED, 0xC3, 0xC5, 0xB9,
    0xBD, 0xB5, 0xB8, 0xBF, 0xC4, 0xCA, 0xB7, 0xBB, 0xB9, 0xAB, 0xCA, 0xB7, 0xB7, 0xC6, 0xD9, 0xD6, 0xDD, 0xD3, 0xD6, 0xD3,
    0xDC, 0xC5, 0xD9, 0xBE, 0xC2, 0xC0, 0xD9, 0xDD, 0xD3, 0xD8, 0xDC, 0xDA, 0xD9, 0xD1, 0xD4, 0xCF, 0xD3, 0xB9, 0xC3, 0xD3,
    0xCE, 0xB9, 0xCD, 0xC3, 0xC6, 0xCF, 0xD3, 0xD6, 0xDA, 0xE0, 0xDC, 0xE1, 0xE1, 0xD9, 0xDB, 0xDF, 0xDF, 0xE5, 0xE5, 0xDF,
    0xE5, 0xE9, 0xE7, 0xE5, 0xEA, 0xEA, 0xEA, 0xEA, 0xE7, 0xE5, 0xFF, 0xFF, 0xFF, 0xFF, 0xFF, 0xFF, 0xFF, 0xFF, 0xFF, 0xFF,
    0xFF, 0xFF, 0xFF, 0xFF, 0xFF, 0xFF, 0xFF, 0xFF, 0xFF, 0xFF, 0xFF, 0xAE, 0xAF, 0x9E, 0x94, 0x9D, 0xA3, 0xA0, 0xA4, 0xBE,
    0xAB, 0xA4, 0x98, 0xBA, 0x9F, 0x9C, 0x95, 0x8B, 0x94, 0x8B, 0x94, 0x8D, 0x95, 0x9C, 0x92, 0x81, 0x71, 0x58, 0x56, 0x53,
    0x68, 0x59, 0x85, 0x84, 0x83, 0x8C, 0x7F, 0x7E, 0x6E, 0x7E, 0x47, 0x4C, 0x5C, 0x6E, 0x72, 0x65, 0x4D, 0x71, 0x4D, 0x6B,
    0x56, 0x4B, 0x53, 0x7E, 0x81, 0x8D, 0x7E, 0x77, 0xAA, 0xAD, 0xB7, 0x9B, 0x94, 0x94, 0x94, 0x92, 0x9D, 0xA3, 0x91, 0xAD,
    0x89, 0x89, 0x8A, 0x6A, 0xEE, 0xFF, 0xF2, 0xFA, 0xFF, 0xFF, 0xFF, 0xFF, 0xFF, 0xFF, 0xFF, 0xFF, 0xFF, 0xFF, 0xFF, 0xFF,
    0xFF, 0xFF, 0xFF, 0xFF, 0xFF, 0xFF, 0xFF, 0xFF, 0xFF, 0xFF, 0xFF, 0xFF, 0xFF, 0xFF, 0xFF, 0xFF, 0xFF, 0xFF, 0xFF, 0xFF,
    0xFF, 0xFF, 0xFF, 0xFF, 0xFF, 0xFF, 0xFF, 0xFF, 0xFF, 0xFF, 0xFF, 0xFF, 0xFF, 0xFF, 0xFF, 0xFF, 0xFF, 0xFF, 0xFF, 0xFF,
    0xFF, 0xFF, 0xFF, 0xFF, 0xFF, 0xFF, 0xFF, 0xFF, 0xFF, 0xFF, 0xFF, 0xFF, 0xFF, 0xFF, 0xFA, 0xFF, 0xEF, 0xCC, 0xCA, 0xC1,
    0xC7, 0xD1, 0xC0, 0xBF, 0xC7, 0xCF, 0xBC, 0xC3, 0xC9, 0xBC, 0xB1, 0xC9, 0xC7, 0xD6, 0xDA, 0xCD, 0xE3, 0xDF, 0xD6, 0xD3,
    0xE2, 0xD9, 0xC5, 0xB9, 0xBF, 0xC7, 0xD4, 0xD6, 0xD3, 0xD9, 0xD9, 0xDA, 0xDE, 0xD6, 0xD4, 0xD3, 0xC3, 0xBC, 0xC3, 0xCA,
    0xBD, 0xC6, 0xD0, 0xBB, 0xB8, 0xCC, 0xD3, 0xD5, 0xD2, 0xE0, 0xE0, 0xDB, 0xDD, 0xE4, 0xDA, 0xE1, 0xDD, 0xDD, 0xE6, 0xEA,
    0xE6, 0xE7, 0xEA, 0xE9, 0xE6, 0xEA, 0xE9, 0xEB, 0xEA, 0xE5, 0xFF, 0xFF, 0xFF, 0xFF, 0xFF, 0xFF, 0xFF, 0xFF, 0xFF, 0xFF,
    0xFF, 0xFF, 0xFF, 0xFF, 0xFF, 0xFF, 0xFF, 0xFF, 0xFF, 0xFF, 0xFF, 0xFF, 0xA3, 0x94, 0xB1, 0xAF, 0x9D, 0x8E, 0xA0, 0xAF,
    0xAA, 0xAC, 0xA0, 0xA4, 0xA2, 0x9F, 0x94, 0xA6, 0x8E, 0x8D, 0x8F, 0x81, 0x85, 0x82, 0x7E, 0x7C, 0x5C, 0x6F, 0x55, 0x7B,
    0x8D, 0x66, 0x8D, 0x93, 0x83, 0x8C, 0x83, 0x71, 0x59, 0x69, 0x56, 0x4D, 0x56, 0x56, 0x71, 0x59, 0x64, 0x70, 0x71, 0x80,
    0x4C, 0x3E, 0x6F, 0x83, 0x83, 0x7C, 0x8B, 0x8E, 0xA8, 0xAE, 0xAF, 0x93, 0x93, 0x84, 0x85, 0x83, 0x8A, 0xAB, 0xA3, 0xAB,
    0x98, 0x91, 0x78, 0x9B, 0xF0, 0xF3, 0xF6, 0xFF, 0xFF, 0xFF, 0xFF, 0xFF, 0xFF, 0xFF, 0xFF, 0xFF, 0xFF, 0xFF, 0xFF, 0xFF,
    0xFF, 0xFF, 0xFF, 0xFF, 0xFF, 0xFF, 0xFF, 0xFF, 0xFF, 0xFF, 0xFF, 0xFF, 0xFF, 0xFF, 0xFF, 0xFF, 0xFF, 0xFF, 0xFF, 0xFF,
    0xFF, 0xFF, 0xFF, 0xFF, 0xFF, 0xFF, 0xFF, 0xFF, 0xFF, 0xFF, 0xFF, 0xFF, 0xFF, 0xFF, 0xFF, 0xFF, 0xFF, 0xFF, 0xFF, 0xFF,
    0xFF, 0xFF, 0xFF, 0xFF, 0xFF, 0xFF, 0xFF, 0xFF, 0xFF, 0xFF, 0xFF, 0xFF, 0xFF, 0xFF, 0xFF, 0xFF, 0xF3, 0xE4, 0xC2, 0xD0,
    0xD6, 0xD9, 0xD4, 0xCE, 0xD7, 0xBD, 0xC4, 0xC7, 0xCA, 0xCE, 0xCC, 0xBF, 0xDB, 0xDB, 0xDC, 0xDB, 0xE3, 0xDD, 0xBE, 0xBF,
    0xD1, 0xD5, 0xC7, 0xBC, 0xCF, 0xD9, 0xC7, 0xD5, 0xDC, 0xCD, 0xDE, 0xD8, 0xD8, 0xD8, 0xDA, 0xD3, 0xCB, 0xC0, 0xC0, 0xB1,
    0xAD, 0xA4, 0xBF, 0xC0, 0xC6, 0xC7, 0xD5, 0xD5, 0xD6, 0xE1, 0xE1, 0xDB, 0xE0, 0xDB, 0xD9, 0xD8, 0xD0, 0xE1, 0xE4, 0xEA,
    0xE5, 0xE7, 0xEB, 0xEA, 0xE0, 0xE2, 0xE9, 0xEA, 0xEA, 0xFF, 0xFF, 0xFF, 0xFF, 0xFF, 0xFF, 0xFF, 0xFF, 0xFF, 0xFF, 0xFF,
    0xFF, 0xFF, 0xFF, 0xFF, 0xFF, 0xFF, 0xFF, 0xFF, 0xFF, 0xFF, 0xFF, 0xFF, 0xA3, 0xAD, 0xAD, 0xA0, 0xA3, 0xA3, 0xAF, 0xA3,
    0xAC, 0xA0, 0x97, 0x9F, 0xA4, 0x79, 0x9A, 0xA7, 0x8B, 0x85, 0x8A, 0x7E, 0x81, 0x85, 0x81, 0x8F, 0x8B, 0x6E, 0x6E, 0x56,
    0x65, 0x53, 0x82, 0x93, 0x80, 0x67, 0x64, 0x71, 0x5F, 0x56, 0x4D, 0x64, 0x58, 0x56, 0x5F, 0x59, 0x56, 0x7A, 0x66, 0x83,
    0x71, 0x47, 0x67, 0x6A, 0x7C, 0x6E, 0x8F, 0xAA, 0xAD, 0xA5, 0xAB, 0xA3, 0xA3, 0x92, 0x95, 0x8E, 0x91, 0xAE, 0x94, 0xA5,
    0xA0, 0x9E, 0x85, 0xE3, 0xFF, 0xF5, 0xFF, 0xFF, 0xFF, 0xFF, 0xFF, 0xFF, 0xFF, 0xFF, 0xFF, 0xFF, 0xFF, 0xFF, 0xFF, 0xFF,
    0xFF, 0xFF, 0xFF, 0xFF, 0xFF, 0xFF, 0xFF, 0xFF, 0xFF, 0xFF, 0xFF, 0xFF, 0xFF, 0xFF, 0xFF, 0xFF, 0xFF, 0xFF, 0xFF, 0xFF,
    0xFF, 0xFF, 0xFF, 0xFF, 0xFF, 0xFF, 0xFF, 0xFF, 0xFF, 0xFF, 0xFF, 0xFF, 0xFF, 0xFF, 0xFF, 0xFF, 0xFF, 0xFF, 0xFF, 0xFF,
    0xFF, 0xFF, 0xFF, 0xFF, 0xFF, 0xFF, 0xFF, 0xFF, 0xFF, 0xFF, 0xFF, 0xFF, 0xFF, 0xFF, 0xFF, 0xF8, 0xFD, 0xED, 0xC4, 0xD6,
    0xDC, 0xD3, 0xC6, 0xD3, 0xD3, 0xCE, 0xC9, 0xCB, 0xC3, 0xC4, 0xC5, 0xC0, 0xD3, 0xDF, 0xE0, 0xD6, 0xDB, 0xE3, 0xAE, 0xC1,
    0xC6, 0xC7, 0xDD, 0xD1, 0xD7, 0xD8, 0xDA, 0xD3, 0xDC, 0xD3, 0xDA, 0xD3, 0xD0, 0xCB, 0xD8, 0xD7, 0xCF, 0xBE, 0xCB, 0xA7,
    0xAB, 0xAB, 0xC0, 0xC0, 0xC5, 0xD6, 0xDB, 0xD1, 0xE0, 0xE3, 0xE0, 0xDC, 0xDD, 0xDC, 0xDC, 0xDF, 0xE1, 0xE5, 0xE9, 0xE9,
    0xE9, 0xE5, 0xE7, 0xEA, 0xEA, 0xEA, 0xEA, 0xEB, 0xEA, 0xFF, 0xFF, 0xFF, 0xFF, 0xFF, 0xFF, 0xFF, 0xFF, 0xFF, 0xFF, 0xFF,
    0xFF, 0xFF, 0xFF, 0xFF, 0xFF, 0xFF, 0xFF, 0xFF, 0xFF, 0xFF, 0xFF, 0xFF, 0xFF, 0xB9, 0xBF, 0xA3, 0x92, 0xAC, 0xBE, 0xA7,
    0xA7, 0xAB, 0x97, 0x97, 0x98, 0x7D, 0x7D, 0x8A, 0x85, 0x7F, 0x7F, 0x7E, 0x92, 0x86, 0x7F, 0x7E, 0x85, 0x69, 0x67, 0x42,
    0x3A, 0x3A, 0x6E, 0x8C, 0x80, 0x64, 0x69, 0x70, 0x83, 0x6A, 0x59, 0x6F, 0x59, 0x59, 0x6D, 0x6A, 0x56, 0x7E, 0x67, 0x72,
    0x69, 0x3A, 0x65, 0x58, 0x69, 0x6F, 0x81, 0xA3, 0xA8, 0x8A, 0x8E, 0x8A, 0x9E, 0x94, 0x8E, 0x91, 0xA8, 0xAA, 0xAD, 0xA0,
    0x9A, 0x9E, 0x90, 0xEE, 0xFF, 0xF5, 0xFF, 0xFF, 0xFF, 0xFF, 0xFF, 0xFF, 0xFF, 0xFF, 0xFF, 0xFF, 0xFF, 0xFF, 0xFF, 0xFF,
    0xFF, 0xFF, 0xFF, 0xFF, 0xFF, 0xFF, 0xFF, 0xFF, 0xFF, 0xFF, 0xFF, 0xFF, 0xFF, 0xFF, 0xFF, 0xFF, 0xFF, 0xFF, 0xFF, 0xFF,
    0xFF, 0xFF, 0xFF, 0xFF, 0xFF, 0xFF, 0xFF, 0xFF, 0xFF, 0xFF, 0xFF, 0xFF, 0xFF, 0xFF, 0xFF, 0xFF, 0xFF, 0xFF, 0xFF, 0xFF,
    0xFF, 0xFF, 0xFF, 0xFF, 0xFF, 0xFF, 0xFF, 0xFF, 0xFF, 0xFF, 0xFF, 0xFF, 0xFF, 0xFF, 0xFF, 0xF7, 0xFC, 0xEE, 0xD1, 0xDD,
    0xD2, 0xD7, 0xC3, 0xC7, 0xD5, 0xD2, 0xCF, 0xD6, 0xD2, 0xD2, 0xD1, 0xC2, 0xCC, 0xE0, 0xE7, 0xDC, 0xD8, 0xDD, 0xD3, 0xCA,
    0xC3, 0xCB, 0xE3, 0xDD, 0xD0, 0xD5, 0xD3, 0xDE, 0xCA, 0xCA, 0xD4, 0xCD, 0xD4, 0xCF, 0xD0, 0xDA, 0xD1, 0xDD, 0xBF, 0xA3,
    0xA0, 0xAD, 0xC2, 0xB3, 0xBC, 0xD2, 0xD1, 0xD5, 0xDD, 0xE4, 0xDF, 0xDF, 0xE1, 0xE0, 0xDC, 0xDA, 0xDF, 0xE2, 0xE2, 0xE2,
    0xE9, 0xE5, 0xE0, 0xE9, 0xE9, 0xE7, 0xE4, 0xEA, 0xFF, 0xFF, 0xFF, 0xFF, 0xFF, 0xFF, 0xFF, 0xFF, 0xFF, 0xFF, 0xFF, 0xFF,
    0xFF, 0xFF, 0xFF, 0xFF, 0xFF, 0xFF, 0xFF, 0xFF, 0xFF, 0xFF, 0xFF, 0xFF, 0xFF, 0xAF, 0xBA, 0xAC, 0xA5, 0xB8, 0xB3, 0x9A,
    0x94, 0xAB, 0xAB, 0x9F, 0x9F, 0x7F, 0x7F, 0x7E, 0x75, 0x85, 0x95, 0x92, 0x86, 0x69, 0x7E, 0x7E, 0x6E, 0x5F, 0x53, 0x53,
    0x4B, 0x45, 0x3A, 0x4D, 0x67, 0x3A, 0x3A, 0x59, 0x83, 0x81, 0x81, 0x66, 0x5F, 0x51, 0x68, 0x69, 0x64, 0x71, 0x82, 0x83,
    0x4C, 0x65, 0x81, 0x56, 0x69, 0x76, 0x7C, 0x83, 0x81, 0x77, 0x8B, 0x81, 0x85, 0x94, 0xA8, 0xB3, 0xAD, 0x85, 0x95, 0xA3,
    0x8E, 0x8E, 0xAB, 0xEF, 0xFF, 0xFA, 0xFF, 0xFF, 0xFF, 0xFF, 0xFF, 0xFF, 0xFF, 0xFF, 0xFF, 0xFF, 0xFF, 0xFF, 0xFF, 0xFF,
    0xFF, 0xFF, 0xFF, 0xFF, 0xFF, 0xFF, 0xFF, 0xFF, 0xFF, 0xFF, 0xFF, 0xFF, 0xFF, 0xFF, 0xFF, 0xFF, 0xFF, 0xFF, 0xFF, 0xFF,
    0xFF, 0xFF, 0xFF, 0xFF, 0xFF, 0xFF, 0xFF, 0xFF, 0xFF, 0xFF, 0xFF, 0xFF, 0xFF, 0xFF, 0xFF, 0xFF, 0xFF, 0xFF, 0xFF, 0xFF,
    0xFF, 0xFF, 0xFF, 0xFF, 0xFF, 0xFF, 0xFF, 0xFF, 0xFF, 0xFF, 0xFF, 0xFF, 0xFF, 0xFF, 0xFF, 0xFF, 0xF3, 0xF0, 0xE6, 0xD1,
    0xC7, 0xD8, 0xD7, 0xD9, 0xC5, 0xCF, 0xCB, 0xC7, 0xD1, 0xCD, 0xD8, 0xC9, 0xCE, 0xE0, 0xD1, 0xC7, 0xDC, 0xE0, 0xD1, 0xCC,
    0xC1, 0xD9, 0xDF, 0xDE, 0xD9, 0xDB, 0xDC, 0xDF, 0xCD, 0xC9, 0xCC, 0xC3, 0xCE, 0xD8, 0xD0, 0xD8, 0xD3, 0xD3, 0xBF, 0xB3,
    0xAB, 0xBB, 0xB5, 0xB5, 0xBC, 0xC4, 0xD3, 0xCD, 0xDC, 0xE0, 0xE0, 0xE5, 0xDE, 0xD9, 0xDB, 0xD9, 0xD3, 0xE7, 0xEA, 0xE6,
    0xE0, 0xE5, 0xE0, 0xEB, 0xE7, 0xE9, 0xE9, 0xEA, 0xFF, 0xFF, 0xFF, 0xFF, 0xFF, 0xFF, 0xFF, 0xFF, 0xFF, 0xFF, 0xFF, 0xFF,
    0xFF, 0xFF, 0xFF, 0xFF, 0xFF, 0xFF, 0xFF, 0xFF, 0xFF, 0xFF, 0xFF, 0xFF, 0xFF, 0xFF, 0xA8, 0xA7, 0xBA, 0xAF, 0xA3, 0x8B,
    0x7F, 0xAC, 0xA7, 0x7A, 0x97, 0x92, 0x8D, 0x8C, 0x7F, 0x75, 0x94, 0xA9, 0x85, 0x5C, 0x7D, 0x6F, 0x5F, 0x5F, 0x44, 0x44,
    0x44, 0x44, 0x4D, 0x67, 0x4C, 0x3A, 0x47, 0x59, 0x80, 0x82, 0x81, 0x67, 0x5F, 0x65, 0x6B, 0x6E, 0x82, 0x85, 0x7B, 0x6C,
    0x47, 0x4B, 0x81, 0x66, 0x64, 0x69, 0x6F, 0x8B, 0x75, 0x92, 0x9E, 0x8C, 0x8B, 0xA3, 0xA7, 0xAC, 0x94, 0x8C, 0x96, 0x95,
    0x8C, 0x80, 0xDD, 0xFD, 0xF6, 0xFF, 0xFF, 0xFF, 0xFF, 0xFF, 0xFF, 0xFF, 0xFF, 0xFF, 0xFF, 0xFF, 0xFF, 0xFF, 0xFF, 0xFF,
    0xFF, 0xFF, 0xFF, 0xFF, 0xFF, 0xFF, 0xFF, 0xFF, 0xFF, 0xFF, 0xFF, 0xFF, 0xFF, 0xFF, 0xFF, 0xFF, 0xFF, 0xFF, 0xFF, 0xFF,
    0xFF, 0xFF, 0xFF, 0xFF, 0xFF, 0xFF, 0xFF, 0xFF, 0xFF, 0xFF, 0xFF, 0xFF, 0xFF, 0xFF, 0xFF, 0xFF, 0xFF, 0xFF, 0xFF, 0xFF,
    0xFF, 0xFF, 0xFF, 0xFF, 0xFF, 0xFF, 0xFF, 0xFF, 0xFF, 0xFF, 0xFF, 0xFF, 0xFF, 0xFF, 0xFF, 0xFF, 0xF3, 0xFE, 0xEB, 0xC4,
    0xD3, 0xD4, 0xCD, 0xC6, 0xD9, 0xCA, 0xCA, 0xD2, 0xD2, 0xC6, 0xCD, 0xD5, 0xD5, 0xDB, 0xE1, 0xD0, 0xDA, 0xDF, 0xD7, 0xBD,
    0xD1, 0xDD, 0xE4, 0xDF, 0xDC, 0xD2, 0xDC, 0xE1, 0xD8, 0xCC, 0xD4, 0xCE, 0xD4, 0xDA, 0xCA, 0xBD, 0xC9, 0xB7, 0xB2, 0xAB,
    0xC6, 0xB3, 0xBD, 0xB2, 0xBD, 0xD1, 0xD1, 0xD5, 0xD6, 0xDB, 0xD9, 0xDF, 0xDE, 0xDE, 0xDC, 0xD6, 0xDD, 0xE4, 0xE7, 0xE4,
    0xDC, 0xE5, 0xE5, 0xE9, 0xEB, 0xEB, 0xE9, 0xFF, 0xFF, 0xFF, 0xFF, 0xFF, 0xFF, 0xFF, 0xFF, 0xFF, 0xFF, 0xFF, 0xFF, 0xFF,
    0xFF, 0xFF, 0xFF, 0xFF, 0xFF, 0xFF, 0xFF, 0xFF, 0xFF, 0xFF, 0xFF, 0xFF, 0xFF, 0xFF, 0xAB, 0xB2, 0xB4, 0xA3, 0x94, 0x90,
    0x8A, 0x85, 0x9D, 0xA0, 0xA4, 0x9F, 0x9D, 0x9E, 0x92, 0x7D, 0x8F, 0x9C, 0x8A, 0x75, 0x7B, 0x5F, 0x4B, 0x43, 0x4D, 0x45,
    0x3F, 0x3E, 0x58, 0x72, 0x4D, 0x44, 0x44, 0x4D, 0x59, 0x6A, 0x6D, 0x7C, 0x56, 0x5C, 0x5F, 0x68, 0x93, 0x94, 0x6F, 0x72,
    0x45, 0x44, 0x58, 0x6F, 0x69, 0x59, 0x66, 0x86, 0x86, 0x8A, 0x9A, 0x94, 0x90, 0x95, 0x94, 0x8E, 0x8D, 0x8C, 0x8C, 0x93,
    0x92, 0x8C, 0xED, 0xFF, 0xF6, 0xFF, 0xFF, 0xFF, 0xFF, 0xFF, 0xFF, 0xFF, 0xFF, 0xFF, 0xFF, 0xFF, 0xFF, 0xFF, 0xFF, 0xFF,
    0xFF, 0xFF, 0xFF, 0xFF, 0xFF, 0xFF, 0xFF, 0xFF, 0xFF, 0xFF, 0xFF, 0xFF, 0xFF, 0xFF, 0xFF, 0xFF, 0xFF, 0xFF, 0xFF, 0xFF,
    0xFF, 0xFF, 0xFF, 0xFF, 0xFF, 0xFF, 0xFF, 0xFF, 0xFF, 0xFF, 0xFF, 0xFF, 0xFF, 0xFF, 0xFF, 0xFF, 0xFF, 0xFF, 0xFF, 0xFF,
    0xFF, 0xFF, 0xFF, 0xFF, 0xFF, 0xFF, 0xFF, 0xFF, 0xFF, 0xFF, 0xFF, 0xFF, 0xFF, 0xFF, 0xFF, 0xFF, 0xF3, 0xFD, 0xEE, 0xCF,
    0xD1, 0xC4, 0xC2, 0xC0, 0xCD, 0xC0, 0xCF, 0xC6, 0xD1, 0xC3, 0xC2, 0xB9, 0xD3, 0xDB, 0xDF, 0xD9, 0xC7, 0xD0, 0xC3, 0xC5,
    0xDB, 0xE0, 0xD3, 0xD4, 0xCF, 0xD4, 0xDD, 0xDE, 0xD8, 0xD7, 0xC6, 0xCD, 0xC6, 0xC3, 0xCD, 0xC9, 0xB7, 0xAC, 0xAC, 0xB1,
    0xB2, 0xC0, 0xC3, 0xB1, 0xB7, 0xC7, 0xD6, 0xD5, 0xD6, 0xDB, 0xDF, 0xE1, 0xDB, 0xD8, 0xD7, 0xD9, 0xDD, 0xE0, 0xE5, 0xDC,
    0xE6, 0xE5, 0xE9, 0xEA, 0xEB, 0xEB, 0xEB, 0xFF, 0xFF, 0xFF, 0xFF, 0xFF, 0xFF, 0xFF, 0xFF, 0xFF, 0xFF, 0xFF, 0xFF, 0xFF,
    0xFF, 0xFF, 0xFF, 0xFF, 0xFF, 0xFF, 0xFF, 0xFF, 0xFF, 0xFF, 0xFF, 0xFF, 0xFF, 0xFF, 0xFF, 0xAF, 0xA3, 0xA8, 0x9C, 0x8B,
    0x86, 0x8D, 0x94, 0x9A, 0x97, 0x9F, 0x9F, 0x9E, 0x8C, 0x8A, 0x8B, 0xAD, 0x92, 0x83, 0x85, 0x75, 0x68, 0x53, 0x51, 0x47,
    0x4B, 0x4B, 0x53, 0x64, 0x45, 0x45, 0x64, 0x44, 0x67, 0x65, 0x68, 0x85, 0x5F, 0x6E, 0x7D, 0x5F, 0x85, 0x82, 0x8D, 0x83,
    0x64, 0x48, 0x4D, 0x67, 0x70, 0x88, 0x75, 0x71, 0x72, 0x75, 0x84, 0x82, 0x9D, 0x91, 0xA3, 0xA9, 0x95, 0x92, 0x82, 0x9E,
    0x9D, 0xAB, 0xEF, 0xFD, 0xF8, 0xFF, 0xFF, 0xFF, 0xFF, 0xFF, 0xFF, 0xFF, 0xFF, 0xFF, 0xFF, 0xFF, 0xFF, 0xFF, 0xFF, 0xFF,
    0xFF, 0xFF, 0xFF, 0xFF, 0xFF, 0xFF, 0xFF, 0xFF, 0xFF, 0xFF, 0xFF, 0xFF, 0xFF, 0xFF, 0xFF, 0xFF, 0xFF, 0xFF, 0xFF, 0xFF,
    0xFF, 0xFF, 0xFF, 0xFF, 0xFF, 0xFF, 0xFF, 0xFF, 0xFF, 0xFF, 0xFF, 0xFF, 0xFF, 0xFF, 0xFF, 0xFF, 0xFF, 0xFF, 0xFF, 0xFF,
    0xFF, 0xFF, 0xFF, 0xFF, 0xFF, 0xFF, 0xFF, 0xFF, 0xFF, 0xFF, 0xFF, 0xFF, 0xFF, 0xFF, 0xFF, 0xFF, 0xF5, 0xFA, 0xF0, 0xDB,
    0xCE, 0xB3, 0xC1, 0xCE, 0xCB, 0xC6, 0xC6, 0xCF, 0xCA, 0xCA, 0xC6, 0xAB, 0xCF, 0xD0, 0xDE, 0xDA, 0xC0, 0xCC, 0xC5, 0xC6,
    0xD8, 0xC6, 0xB9, 0xCD, 0xC9, 0xBF, 0xD1, 0xC2, 0xCC, 0xDE, 0xCF, 0xCE, 0xBB, 0xC3, 0xD1, 0xCF, 0xC1, 0xAE, 0xAB, 0xB9,
    0xB2, 0xB8, 0xBB, 0xBD, 0xB5, 0xB9, 0xC4, 0xD0, 0xDA, 0xDD, 0xE0, 0xE0, 0xD6, 0xD8, 0xD7, 0xDA, 0xDC, 0xE3, 0xDC, 0xE1,
    0xE5, 0xDC, 0xEA, 0xE6, 0xE7, 0xE4, 0xFF, 0xFF, 0xFF, 0xFF, 0xFF, 0xFF, 0xFF, 0xFF, 0xFF, 0xFF, 0xFF, 0xFF, 0xFF, 0xFF,
    0xFF, 0xFF, 0xFF, 0xFF, 0xFF, 0xFF, 0xFF, 0xFF, 0xFF, 0xFF, 0xFF, 0xFF, 0xFF, 0xFF, 0xFF, 0xAF, 0xAC, 0xAC, 0xA7, 0x94,
    0x86, 0x7C, 0x94, 0x9A, 0x76, 0x98, 0x76, 0x85, 0x82, 0x7D, 0x92, 0xA9, 0x8A, 0x7C, 0x85, 0x6E, 0x66, 0x69, 0x75, 0x69,
    0x59, 0x56, 0x59, 0x4D, 0x4B, 0x4C, 0x4D, 0x45, 0x64, 0x65, 0x66, 0x7B, 0x6E, 0x6B, 0x7E, 0x8A, 0x7C, 0x6B, 0x8C, 0x7C,
    0x4C, 0x5F, 0x6E, 0x5F, 0x67, 0x71, 0x81, 0x81, 0x7C, 0x83, 0x8C, 0x81, 0x92, 0x9B, 0xA5, 0xAA, 0x92, 0x85, 0x88, 0xB4,
    0x92, 0xD1, 0xFC, 0xF1, 0xFF, 0xFF, 0xFF, 0xFF, 0xFF, 0xFF, 0xFF, 0xFF, 0xFF, 0xFF, 0xFF, 0xFF, 0xFF, 0xFF, 0xFF, 0xFF,
    0xFF, 0xFF, 0xFF, 0xFF, 0xFF, 0xFF, 0xFF, 0xFF, 0xFF, 0xFF, 0xFF, 0xFF, 0xFF, 0xFF, 0xFF, 0xFF, 0xFF, 0xFF, 0xFF, 0xFF,
    0xFF, 0xFF, 0xFF, 0xFF, 0xFF, 0xFF, 0xFF, 0xFF, 0xFF, 0xFF, 0xFF, 0xFF, 0xFF, 0xFF, 0xFF, 0xFF, 0xFF, 0xFF, 0xFF, 0xFF,
    0xFF, 0xFF, 0xFF, 0xFF, 0xFF, 0xFF, 0xFF, 0xFF, 0xFF, 0xFF, 0xFF, 0xFF, 0xFF, 0xFF, 0xFF, 0xFF, 0xFF, 0xFA, 0xFE, 0xEB,
    0xC1, 0xCB, 0xC9, 0xC0, 0xCC, 0xC6, 0xD3, 0xCA, 0xC9, 0xBC, 0xD2, 0xC4, 0xD9, 0xDF, 0xD4, 0xBB, 0xC2, 0xCD, 0xD3, 0xD3,
    0xC7, 0xCE, 0xBB, 0xCA, 0xCB, 0xC4, 0xD2, 0xC6, 0xD0, 0xC2, 0xCF, 0xCA, 0xCB, 0xD6, 0xC5, 0xD7, 0xBC, 0xBC, 0xC9, 0xBF,
    0xB3, 0xC0, 0xD4, 0xCB, 0xC2, 0xBB, 0xD3, 0xDA, 0xE3, 0xE3, 0xE0, 0xE2, 0xE0, 0xD8, 0xD4, 0xDA, 0xE2, 0xE6, 0xE9, 0xE4,
    0xDF, 0xE1, 0xE4, 0xEA, 0xEB, 0xE7, 0xFF, 0xFF, 0xFF, 0xFF, 0xFF, 0xFF, 0xFF, 0xFF, 0xFF, 0xFF, 0xFF, 0xFF, 0xFF, 0xFF,
    0xFF, 0xFF, 0xFF, 0xFF, 0xFF, 0xFF, 0xFF, 0xFF, 0xFF, 0xFF, 0xFF, 0xFF, 0xFF, 0xFF, 0xFF, 0xFF, 0xAD, 0xAA, 0x9D, 0xAC,
    0x9E, 0x8D, 0x91, 0x91, 0x89, 0xA8, 0x7F, 0x86, 0x7E, 0x7E, 0x83, 0x93, 0x7B, 0x7C, 0x6B, 0x69, 0x66, 0x65, 0x69, 0x59,
    0x65, 0x56, 0x4B, 0x4D, 0x59, 0x59, 0x67, 0x64, 0x4D, 0x5C, 0x59, 0x6F, 0x5C, 0x85, 0x8A, 0xA5, 0x92, 0x8D, 0x72, 0x58,
    0x64, 0x65, 0x5C, 0x61, 0x6B, 0x72, 0x7E, 0x8C, 0x81, 0x81, 0x7E, 0x7E, 0x95, 0x9E, 0xAC, 0xB1, 0x93, 0x80, 0x9E, 0xAF,
    0x9D, 0xED, 0xFD, 0xF3, 0xFF, 0xFF, 0xFF, 0xFF, 0xFF, 0xFF, 0xFF, 0xFF, 0xFF, 0xFF, 0xFF, 0xFF, 0xFF, 0xFF, 0xFF, 0xFF,
    0xFF, 0xFF, 0xFF, 0xFF, 0xFF, 0xFF, 0xFF, 0xFF, 0xFF, 0xFF, 0xFF, 0xFF, 0xFF, 0xFF, 0xFF, 0xFF, 0xFF, 0xFF, 0xFF, 0xFF,
    0xFF, 0xFF, 0xFF, 0xFF, 0xFF, 0xFF, 0xFF, 0xFF, 0xFF, 0xFF, 0xFF, 0xFF, 0xFF, 0xFF, 0xFF, 0xFF, 0xFF, 0xFF, 0xFF, 0xFF,
    0xFF, 0xFF, 0xFF, 0xFF, 0xFF, 0xFF, 0xFF, 0xFF, 0xFF, 0xFF, 0xFF, 0xFF, 0xFF, 0xFF, 0xFF, 0xFF, 0xFF, 0xF5, 0xFF, 0xEE,
    0xCA, 0xCB, 0xD9, 0xC0, 0xC3, 0xCC, 0xCB, 0xBC, 0xCE, 0xC5, 0xC0, 0xD2, 0xDF, 0xD0, 0xCA, 0xB7, 0xBE, 0xD6, 0xE3, 0xD9,
    0xBD, 0xC7, 0xBC, 0xBF, 0xC3, 0xC3, 0xBC, 0xCA, 0xCA, 0xCA, 0xC0, 0xC6, 0xCF, 0xD4, 0xC6, 0xCA, 0xCF, 0xCC, 0xC3, 0xBC,
    0xBF, 0xD1, 0xE0, 0xD3, 0xD9, 0xD9, 0xD3, 0xD3, 0xE0, 0xE2, 0xE2, 0xE7, 0xE1, 0xE2, 0xDA, 0xD8, 0xE2, 0xE5, 0xE6, 0xE6,
    0xD8, 0xDA, 0xE4, 0xEA, 0xEA, 0xFF, 0xFF, 0xFF, 0xFF, 0xFF, 0xFF, 0xFF, 0xFF, 0xFF, 0xFF, 0xFF, 0xFF, 0xFF, 0xFF, 0xFF,
    0xFF, 0xFF, 0xFF, 0xFF, 0xFF, 0xFF, 0xFF, 0xFF, 0xFF, 0xFF, 0xFF, 0xFF, 0xFF, 0xFF, 0xFF, 0xFF, 0xB3, 0xAD, 0xAA, 0x9E,
    0xA5, 0x95, 0x8E, 0x8F, 0x86, 0x8A, 0x7A, 0x86, 0x6E, 0x6F, 0x8D, 0x8D, 0x75, 0x69, 0x80, 0x4C, 0x5F, 0x71, 0x59, 0x4D,
    0x80, 0x56, 0x56, 0x65, 0x59, 0x64, 0x80, 0x71, 0x67, 0x6A, 0x6F, 0x5C, 0x5C, 0x8A, 0x9A, 0x94, 0x91, 0x89, 0x7E, 0x6F,
    0x59, 0x48, 0x53, 0x7B, 0x7E, 0x7E, 0x86, 0x72, 0x83, 0x93, 0x95, 0x95, 0x94, 0x8E, 0x9D, 0xA9, 0xA9, 0xAA, 0xB2, 0x9C,
    0xA4, 0xEF, 0xFD, 0xF1, 0xFF, 0xFF, 0xFF, 0xFF, 0xFF, 0xFF, 0xFF, 0xFF, 0xFF, 0xFF, 0xFF, 0xFF, 0xFF, 0xFF, 0xFF, 0xFF,
    0xFF, 0xFF, 0xFF, 0xFF, 0xFF, 0xFF, 0xFF, 0xFF, 0xFF, 0xFF, 0xFF, 0xFF, 0xFF, 0xFF, 0xFF, 0xFF, 0xFF, 0xFF, 0xFF, 0xFF,
    0xFF, 0xFF, 0xFF, 0xFF, 0xFF, 0xFF, 0xFF, 0xFF, 0xFF, 0xFF, 0xFF, 0xFF, 0xFF, 0xFF, 0xFF, 0xFF, 0xFF, 0xFF, 0xFF, 0xFF,
    0xFF, 0xFF, 0xFF, 0xFF, 0xFF, 0xFF, 0xFF, 0xFF, 0xFF, 0xFF, 0xFF, 0xFF, 0xFF, 0xFF, 0xFF, 0xFF, 0xFF, 0xFA, 0xFF, 0xEF,
    0xC6, 0xC9, 0xCB, 0xC2, 0xC4, 0xC7, 0xD2, 0xBA, 0xC5, 0xD5, 0xBF, 0xD5, 0xD5, 0xBD, 0xCC, 0xC3, 0xD1, 0xE6, 0xD5, 0xD3,
    0xCD, 0xC6, 0xD5, 0xC4, 0xC6, 0xCE, 0xBB, 0xCB, 0xC3, 0xD0, 0xCF, 0xD9, 0xD3, 0xCE, 0xCF, 0xCA, 0xCD, 0xD7, 0xCC, 0xD7,
    0xD0, 0xDA, 0xDA, 0xD0, 0xD0, 0xDC, 0xE3, 0xDD, 0xE4, 0xE0, 0xE4, 0xE4, 0xE2, 0xE2, 0xDE, 0xDE, 0xE2, 0xE7, 0xE3, 0xE2,
    0xD0, 0xD9, 0xEA, 0xE9, 0xE9, 0xFF, 0xFF, 0xFF, 0xFF, 0xFF, 0xFF, 0xFF, 0xFF, 0xFF, 0xFF, 0xFF, 0xFF, 0xFF, 0xFF, 0xFF,
    0xFF, 0xFF, 0xFF, 0xFF, 0xFF, 0xFF, 0xFF, 0xFF, 0xFF, 0xFF, 0xFF, 0xFF, 0xFF, 0xFF, 0xFF, 0xFF, 0xFF, 0xAC, 0xBA, 0x93,
    0x93, 0xA7, 0x9A, 0x7F, 0x76, 0x9A, 0x88, 0x91, 0x71, 0x7E, 0x7F, 0x8B, 0x92, 0x7D, 0x6E, 0x5C, 0x7B, 0x84, 0x5C, 0x5F,
    0x88, 0x7C, 0x69, 0x65, 0x6B, 0x65, 0x80, 0x7E, 0x65, 0x6B, 0x71, 0x5C, 0x4E, 0x6D, 0x9A, 0x8C, 0x83, 0x85, 0x7D, 0x7B,
    0x66, 0x6E, 0x6E, 0x71, 0x7E, 0x5E, 0x8C, 0x5F, 0x7E, 0x92, 0xA9, 0xAA, 0xA3, 0x9B, 0x8E, 0xA0, 0xAB, 0xAE, 0xB4, 0x92,
    0xC4, 0xF6, 0xF8, 0xFF, 0xFF, 0xFF, 0xFF, 0xFF, 0xFF, 0xFF, 0xFF, 0xFF, 0xFF, 0xFF, 0xFF, 0xFF, 0xFF, 0xFF, 0xFF, 0xFF,
    0xFF, 0xFF, 0xFF, 0xFF, 0xFF, 0xFF, 0xFF, 0xFF, 0xFF, 0xFF, 0xFF, 0xFF, 0xFF, 0xFF, 0xFF, 0xFF, 0xFF, 0xFF, 0xFF, 0xFF,
    0xFF, 0xFF, 0xFF, 0xFF, 0xFF, 0xFF, 0xFF, 0xFF, 0xFF, 0xFF, 0xFF, 0xFF, 0xFF, 0xFF, 0xFF, 0xFF, 0xFF, 0xFF, 0xFF, 0xFF,
    0xFF, 0xFF, 0xFF, 0xFF, 0xFF, 0xFF, 0xFF, 0xFF, 0xFF, 0xFF, 0xFF, 0xFF, 0xFF, 0xFF, 0xFF, 0xFF, 0xFF, 0xFF, 0xF5, 0xFC,
    0xE6, 0xBF, 0xCA, 0xBD, 0xCE, 0xC0, 0xC3, 0xC5, 0xC6, 0xD5, 0xC0, 0xC5, 0xD5, 0xB7, 0xCD, 0xD5, 0xD5, 0xE6, 0xDC, 0xCD,
    0xC5, 0xD6, 0xC7, 0xCF, 0xCF, 0xDC, 0xC7, 0xCA, 0xCA, 0xCF, 0xD7, 0xD4, 0xD6, 0xCD, 0xD7, 0xCA, 0xCB, 0xCC, 0xDA, 0xDA,
    0xD0, 0xD7, 0xD7, 0xD7, 0xD8, 0xD1, 0xDD, 0xDC, 0xE7, 0xE7, 0xE4, 0xE0, 0xE5, 0xE4, 0xDE, 0xDE, 0xE1, 0xDB, 0xDD, 0xE4,
    0xD3, 0xD3, 0xE4, 0xE1, 0xFF, 0xFF, 0xFF, 0xFF, 0xFF, 0xFF, 0xFF, 0xFF, 0xFF, 0xFF, 0xFF, 0xFF, 0xFF, 0xFF, 0xFF, 0xFF,
    0xFF, 0xFF, 0xFF, 0xFF, 0xFF, 0xFF, 0xFF, 0xFF, 0xFF, 0xFF, 0xFF, 0xFF, 0xFF, 0xFF, 0xFF, 0xFF, 0xFF, 0x9C, 0xA6, 0x94,
    0x9D, 0xAC, 0x94, 0x9F, 0x7D, 0x97, 0x8A, 0x7A, 0x76, 0x7E, 0x7E, 0x8D, 0x93, 0x86, 0x80, 0x6C, 0x86, 0x92, 0x55, 0x69,
    0x8A, 0x8A, 0x5F, 0x6B, 0x83, 0x67, 0x80, 0x80, 0x59, 0x59, 0x77, 0x5C, 0x31, 0x84, 0x8F, 0x90, 0x7D, 0x7F, 0x85, 0x71,
    0x66, 0x6F, 0x7E, 0x7E, 0x86, 0x82, 0x8C, 0x6C, 0x68, 0x9E, 0xAC, 0x9D, 0x94, 0xAA, 0x9D, 0x9A, 0xAD, 0xB2, 0xB3, 0x86,
    0xEB, 0xFF, 0xF5, 0xFF, 0xFF, 0xFF, 0xFF, 0xFF, 0xFF, 0xFF, 0xFF, 0xFF, 0xFF, 0xFF, 0xFF, 0xFF, 0xFF, 0xFF, 0xFF, 0xFF,
    0xFF, 0xFF, 0xFF, 0xFF, 0xFF, 0xFF, 0xFF, 0xFF, 0xFF, 0xFF, 0xFF, 0xFF, 0xFF, 0xFF, 0xFF, 0xFF, 0xFF, 0xFF, 0xFF, 0xFF,
    0xFF, 0xFF, 0xFF, 0xFF, 0xFF, 0xFF, 0xFF, 0xFF, 0xFF, 0xFF, 0xFF, 0xFF, 0xFF, 0xFF, 0xFF, 0xFF, 0xFF, 0xFF, 0xFF, 0xFF,
    0xFF, 0xFF, 0xFF, 0xFF, 0xFF, 0xFF, 0xFF, 0xFF, 0xFF, 0xFF, 0xFF, 0xFF, 0xFF, 0xFF, 0xFF, 0xFF, 0xFF, 0xFF, 0xF5, 0xFD,
    0xED, 0xB3, 0xBC, 0xC1, 0xC2, 0xB8, 0xB3, 0xCE, 0xC0, 0xD9, 0xD1, 0xD5, 0xD1, 0xC4, 0xD5, 0xD3, 0xD3, 0xE2, 0xE2, 0xE0,
    0xDE, 0xE2, 0xCD, 0xCF, 0xD5, 0xDC, 0xE0, 0xD7, 0xD7, 0xCC, 0xC9, 0xC1, 0xD3, 0xCC, 0xD4, 0xCB, 0xD8, 0xD4, 0xD3, 0xE1,
    0xDF, 0xDA, 0xDE, 0xDA, 0xDA, 0xDC, 0xE0, 0xE5, 0xE5, 0xE9, 0xE9, 0xE2, 0xE2, 0xE0, 0xD6, 0xE1, 0xE0, 0xE3, 0xE0, 0xDB,
    0xE5, 0xE1, 0xE0, 0xDE, 0xFF, 0xFF, 0xFF, 0xFF, 0xFF, 0xFF, 0xFF, 0xFF, 0xFF, 0xFF, 0xFF, 0xFF, 0xFF, 0xFF, 0xFF, 0xFF,
    0xFF, 0xFF, 0xFF, 0xFF, 0xFF, 0xFF, 0xFF, 0xFF, 0xFF, 0xFF, 0xFF, 0xFF, 0xFF, 0xFF, 0xFF, 0xFF, 0xFF, 0xFF, 0xAA, 0xA6,
    0x90, 0x9A, 0x92, 0x98, 0x7D, 0x76, 0x7D, 0x76, 0x61, 0x84, 0x7C, 0x8A, 0x7F, 0x89, 0x81, 0x7E, 0x8A, 0x61, 0x6E, 0x71,
    0x66, 0x83, 0x8A, 0x6A, 0x8D, 0x71, 0x80, 0x58, 0x71, 0x66, 0x7B, 0x62, 0x4F, 0x7F, 0x88, 0x8D, 0x7C, 0x85, 0x80, 0x68,
    0x66, 0x7C, 0x89, 0x85, 0x8B, 0x95, 0x96, 0x9E, 0x95, 0xA9, 0x90, 0x7F, 0xAC, 0x8B, 0x94, 0xA7, 0xA8, 0x95, 0xA5, 0xA3,
    0xEE, 0xFF, 0xF6, 0xFF, 0xFF, 0xFF, 0xFF, 0xFF, 0xFF, 0xFF, 0xFF, 0xFF, 0xFF, 0xFF, 0xFF, 0xFF, 0xFF, 0xFF, 0xFF, 0xFF,
    0xFF, 0xFF, 0xFF, 0xFF, 0xFF, 0xFF, 0xFF, 0xFF, 0xFF, 0xFF, 0xFF, 0xFF, 0xFF, 0xFF, 0xFF, 0xFF, 0xFF, 0xFF, 0xFF, 0xFF,
    0xFF, 0xFF, 0xFF, 0xFF, 0xFF, 0xFF, 0xFF, 0xFF, 0xFF, 0xFF, 0xFF, 0xFF, 0xFF, 0xFF, 0xFF, 0xFF, 0xFF, 0xFF, 0xFF, 0xFF,
    0xFF, 0xFF, 0xFF, 0xFF, 0xFF, 0xFF, 0xFF, 0xFF, 0xFF, 0xFF, 0xFF, 0xFF, 0xFF, 0xFF, 0xFF, 0xFF, 0xFF, 0xFF, 0xFA, 0xFD,
    0xEF, 0xC9, 0xB9, 0xBE, 0xBB, 0xB5, 0xAF, 0xC3, 0xC7, 0xD4, 0xD1, 0xDD, 0xE3, 0xD5, 0xD6, 0xCB, 0xCC, 0xE5, 0xE7, 0xE9,
    0xE5, 0xD9, 0xC9, 0xD9, 0xE3, 0xDA, 0xDA, 0xD9, 0xD7, 0xCB, 0xC6, 0xBF, 0xC6, 0xCB, 0xDB, 0xD4, 0xD7, 0xD8, 0xD9, 0xD8,
    0xE1, 0xE5, 0xDF, 0xE2, 0xDF, 0xE0, 0xE4, 0xE5, 0xE6, 0xEA, 0xEA, 0xE5, 0xE4, 0xE0, 0xDC, 0xE1, 0xDF, 0xE0, 0xE0, 0xE4,
    0xE7, 0xE2, 0xE9, 0xFF, 0xFF, 0xFF, 0xFF, 0xFF, 0xFF, 0xFF, 0xFF, 0xFF, 0xFF, 0xFF, 0xFF, 0xFF, 0xFF, 0xFF, 0xFF, 0xFF,
    0xFF, 0xFF, 0xFF, 0xFF, 0xFF, 0xFF, 0xFF, 0xFF, 0xFF, 0xFF, 0xFF, 0xFF, 0xFF, 0xFF, 0xFF, 0xFF, 0xFF, 0xFF, 0xB1, 0x9E,
    0x8B, 0xA8, 0x8B, 0x89, 0x7A, 0x76, 0x7A, 0x76, 0x6E, 0x7E, 0x85, 0x85, 0x85, 0x8B, 0x82, 0x8A, 0x81, 0x5C, 0x5F, 0x82,
    0x7E, 0x8D, 0x9D, 0x82, 0x83, 0x82, 0x83, 0x67, 0x71, 0x69, 0x7B, 0x7D, 0x66, 0x7F, 0x98, 0x8A, 0x66, 0x6B, 0x69, 0x6B,
    0x67, 0x6F, 0x86, 0x7B, 0x85, 0x95, 0xA5, 0xA9, 0x96, 0xAD, 0xA6, 0x89, 0xA8, 0x89, 0x9E, 0xAE, 0xA8, 0x96, 0xAA, 0xC4,
    0xF0, 0xFA, 0xFF, 0xFF, 0xFF, 0xFF, 0xFF, 0xFF, 0xFF, 0xFF, 0xFF, 0xFF, 0xFF, 0xFF, 0xFF, 0xFF, 0xFF, 0xFF, 0xFF, 0xFF,
    0xFF, 0xFF, 0xFF, 0xFF, 0xFF, 0xFF, 0xFF, 0xFF, 0xFF, 0xFF, 0xFF, 0xFF, 0xFF, 0xFF, 0xFF, 0xFF, 0xFF, 0xFF, 0xFF, 0xFF,
    0xFF, 0xFF, 0xFF, 0xFF, 0xFF, 0xFF, 0xFF, 0xFF, 0xFF, 0xFF, 0xFF, 0xFF, 0xFF, 0xFF, 0xFF, 0xFF, 0xFF, 0xFF, 0xFF, 0xFF,
    0xFF, 0xFF, 0xFF, 0xFF, 0xFF, 0xFF, 0xFF, 0xFF, 0xFF, 0xFF, 0xFF, 0xFF, 0xFF, 0xFF, 0xFF, 0xFF, 0xFF, 0xFF, 0xFE, 0xF2,
    0xF8, 0xDD, 0xAC, 0xAD, 0xB1, 0xB5, 0xB9, 0xC3, 0xC6, 0xCC, 0xDA, 0xE4, 0xE0, 0xE2, 0xDF, 0xDE, 0xD7, 0xE0, 0xE4, 0xE9,
    0xE5, 0xE2, 0xE2, 0xDD, 0xE5, 0xD8, 0xD7, 0xE1, 0xD8, 0xCB, 0xBF, 0xCA, 0xE2, 0xCD, 0xDA, 0xD7, 0xDE, 0xDA, 0xDC, 0xDB,
    0xDE, 0xDA, 0xE0, 0xE5, 0xE5, 0xDF, 0xE5, 0xE7, 0xE6, 0xE7, 0xE5, 0xE2, 0xDF, 0xD3, 0xDD, 0xE0, 0xE4, 0xD6, 0xE4, 0xE5,
    0xE7, 0xE4, 0xEA, 0xFF, 0xFF, 0xFF, 0xFF, 0xFF, 0xFF, 0xFF, 0xFF, 0xFF, 0xFF, 0xFF, 0xFF, 0xFF, 0xFF, 0xFF, 0xFF, 0xFF,
    0xFF, 0xFF, 0xFF, 0xFF, 0xFF, 0xFF, 0xFF, 0xFF, 0xFF, 0xFF, 0xFF, 0xFF, 0xFF, 0xFF, 0xFF, 0xFF, 0xFF, 0xFF, 0xFF, 0x94,
    0x9E, 0xA5, 0x91, 0x98, 0x97, 0x7F, 0x7A, 0x7D, 0x6E, 0x72, 0x8D, 0x86, 0x92, 0x8F, 0x82, 0x7E, 0x92, 0x61, 0x5F, 0x85,
    0x7F, 0x8D, 0x8D, 0x86, 0x83, 0x84, 0x8D, 0x83, 0x6F, 0x69, 0x7C, 0x7A, 0x7E, 0x81, 0x89, 0x85, 0x6F, 0x58, 0x65, 0x6A,
    0x71, 0x80, 0x6D, 0x6A, 0x6B, 0x8F, 0xA5, 0x96, 0xAA, 0xAD, 0x8B, 0x8A, 0x9C, 0xAD, 0x9D, 0xA3, 0xA3, 0xB7, 0x9D, 0xE6,
    0xFF, 0xF5, 0xFF, 0xFF, 0xFF, 0xFF, 0xFF, 0xFF, 0xFF, 0xFF, 0xFF, 0xFF, 0xFF, 0xFF, 0xFF, 0xFF, 0xFF, 0xFF, 0xFF, 0xFF,
    0xFF, 0xFF, 0xFF, 0xFF, 0xFF, 0xFF, 0xFF, 0xFF, 0xFF, 0xFF, 0xFF, 0xFF, 0xFF, 0xFF, 0xFF, 0xFF, 0xFF, 0xFF, 0xFF, 0xFF,
    0xFF, 0xFF, 0xFF, 0xFF, 0xFF, 0xFF, 0xFF, 0xFF, 0xFF, 0xFF, 0xFF, 0xFF, 0xFF, 0xFF, 0xFF, 0xFF, 0xFF, 0xFF, 0xFF, 0xFF,
    0xFF, 0xFF, 0xFF, 0xFF, 0xFF, 0xFF, 0xFF, 0xFF, 0xFF, 0xFF, 0xFF, 0xFF, 0xFF, 0xFF, 0xFF, 0xFF, 0xFF, 0xFF, 0xF9, 0xF1,
    0xFC, 0xED, 0xAA, 0xC3, 0xC6, 0xD2, 0xC5, 0xD0, 0xCF, 0xDC, 0xD3, 0xE0, 0xDC, 0xDF, 0xE5, 0xE4, 0xE0, 0xE5, 0xE7, 0xE5,
    0xE7, 0xE5, 0xE4, 0xE3, 0xE2, 0xDD, 0xE0, 0xDF, 0xD8, 0xD9, 0xCF, 0xD7, 0xDF, 0xD5, 0xD7, 0xDE, 0xD3, 0xE1, 0xDC, 0xD9,
    0xDE, 0xDC, 0xDC, 0xE2, 0xE5, 0xE0, 0xE5, 0xE6, 0xE6, 0xE5, 0xE4, 0xDB, 0xE2, 0xE9, 0xDE, 0xDE, 0xEA, 0xE9, 0xE2, 0xE9,
    0xE7, 0xE5, 0xFF, 0xFF, 0xFF, 0xFF, 0xFF, 0xFF, 0xFF, 0xFF, 0xFF, 0xFF, 0xFF, 0xFF, 0xFF, 0xFF, 0xFF, 0xFF, 0xFF, 0xFF,
    0xFF, 0xFF, 0xFF, 0xFF, 0xFF, 0xFF, 0xFF, 0xFF, 0xFF, 0xFF, 0xFF, 0xFF, 0xFF, 0xFF, 0xFF, 0xFF, 0xFF, 0xFF, 0xFF, 0xFF,
    0xA8, 0xB1, 0x9D, 0x8A, 0x9A, 0x98, 0x98, 0x7A, 0x71, 0x8A, 0x8B, 0x86, 0x86, 0x82, 0x70, 0x81, 0x8D, 0x89, 0x85, 0x8A,
    0x75, 0x71, 0x8D, 0x93, 0x8C, 0x81, 0x84, 0x85, 0x71, 0x80, 0x8B, 0x9A, 0x75, 0x86, 0x84, 0x6B, 0x7E, 0x85, 0x7E, 0x6A,
    0x83, 0x86, 0x8D, 0x81, 0x67, 0x6B, 0x8F, 0x95, 0xAC, 0x95, 0xA9, 0x94, 0x9D, 0xAC, 0x9B, 0xA8, 0x9D, 0xB1, 0xA3, 0xED,
    0xFE, 0xF5, 0xFF, 0xFF, 0xFF, 0xFF, 0xFF, 0xFF, 0xFF, 0xFF, 0xFF, 0xFF, 0xFF, 0xFF, 0xFF, 0xFF, 0xFF, 0xFF, 0xFF, 0xFF,
    0xFF, 0xFF, 0xFF, 0xFF, 0xFF, 0xFF, 0xFF, 0xFF, 0xFF, 0xFF, 0xFF, 0xFF, 0xFF, 0xFF, 0xFF, 0xFF, 0xFF, 0xFF, 0xFF, 0xFF,
    0xFF, 0xFF, 0xFF, 0xFF, 0xFF, 0xFF, 0xFF, 0xFF, 0xFF, 0xFF, 0xFF, 0xFF, 0xFF, 0xFF, 0xFF, 0xFF, 0xFF, 0xFF, 0xFF, 0xFF,
    0xFF, 0xFF, 0xFF, 0xFF, 0xFF, 0xFF, 0xFF, 0xFF, 0xFF, 0xFF, 0xFF, 0xFF, 0xFF, 0xFF, 0xFF, 0xFF, 0xFF, 0xFF, 0xFF, 0xF4,
    0xFB, 0xEF, 0xCA, 0xD1, 0xD1, 0xD2, 0xD1, 0xD3, 0xDD, 0xD3, 0xD0, 0xDC, 0xD6, 0xE0, 0xE4, 0xE0, 0xE7, 0xE4, 0xE7, 0xE5,
    0xE5, 0xDF, 0xE1, 0xE7, 0xE0, 0xE0, 0xE0, 0xE5, 0xDC, 0xE1, 0xE1, 0xE2, 0xE1, 0xE0, 0xE1, 0xD4, 0xDF, 0xE0, 0xD9, 0xDE,
    0xD9, 0xE3, 0xE3, 0xE5, 0xE0, 0xDD, 0xDF, 0xE0, 0xE4, 0xE4, 0xE9, 0xE4, 0xE4, 0xE4, 0xE0, 0xDC, 0xE2, 0xDF, 0xE2, 0xE5,
    0xDF, 0xFF, 0xFF, 0xFF, 0xFF, 0xFF, 0xFF, 0xFF, 0xFF, 0xFF, 0xFF, 0xFF, 0xFF, 0xFF, 0xFF, 0xFF, 0xFF, 0xFF, 0xFF, 0xFF,
    0xFF, 0xFF, 0xFF, 0xFF, 0xFF, 0xFF, 0xFF, 0xFF, 0xFF, 0xFF, 0xFF, 0xFF, 0xFF, 0xFF, 0xFF, 0xFF, 0xFF, 0xFF, 0xFF, 0xFF,
    0xA8, 0xA9, 0x9D, 0x91, 0x79, 0x9F, 0xA3, 0x9A, 0x6F, 0x85, 0x92, 0x94, 0x94, 0x8B, 0x82, 0x95, 0x8E, 0xA8, 0x89, 0x8F,
    0x83, 0x71, 0x93, 0x8D, 0x94, 0x8D, 0x7F, 0x85, 0x81, 0x81, 0x89, 0x8A, 0x86, 0x8A, 0x92, 0x71, 0x66, 0x80, 0x93, 0x86,
    0x72, 0x82, 0x84, 0x6B, 0x69, 0x71, 0x83, 0x91, 0x91, 0x8B, 0x91, 0x89, 0x9B, 0xAC, 0xAF, 0xAA, 0x9E, 0xAC, 0xB9, 0xEF,
    0xFD, 0xFA, 0xFF, 0xFF, 0xFF, 0xFF, 0xFF, 0xFF, 0xFF, 0xFF, 0xFF, 0xFF, 0xFF, 0xFF, 0xFF, 0xFF, 0xFF, 0xFF, 0xFF, 0xFF,
    0xFF, 0xFF, 0xFF, 0xFF, 0xFF, 0xFF, 0xFF, 0xFF, 0xFF, 0xFF, 0xFF, 0xFF, 0xFF, 0xFF, 0xFF, 0xFF, 0xFF, 0xFF, 0xFF, 0xFF,
    0xFF, 0xFF, 0xFF, 0xFF, 0xFF, 0xFF, 0xFF, 0xFF, 0xFF, 0xFF, 0xFF, 0xFF, 0xFF, 0xFF, 0xFF, 0xFF, 0xFF, 0xFF, 0xFF, 0xFF,
    0xFF, 0xFF, 0xFF, 0xFF, 0xFF, 0xFF, 0xFF, 0xFF, 0xFF, 0xFF, 0xFF, 0xFF, 0xFF, 0xFF, 0xFF, 0xFF, 0xFF, 0xFF, 0xFF, 0xFF,
    0xFF, 0xFB, 0xE7, 0xD7, 0xCA, 0xC7, 0xC8, 0xD3, 0xDA, 0xE0, 0xE0, 0xDC, 0xDF, 0xE5, 0xE0, 0xE4, 0xE4, 0xE9, 0xE7, 0xE7,
    0xE2, 0xDB, 0xE7, 0xE7, 0xE3, 0xDC, 0xDA, 0xDF, 0xE5, 0xDF, 0xE1, 0xD9, 0xDF, 0xE2, 0xE1, 0xD7, 0xDC, 0xE2, 0xDF, 0xDF,
    0xE2, 0xDF, 0xE3, 0xE7, 0xE9, 0xE5, 0xDF, 0xE5, 0xE4, 0xE4, 0xE7, 0xE5, 0xE9, 0xE1, 0xDF, 0xE0, 0xD9, 0xE2, 0xE4, 0xE7,
    0xE5, 0xFF, 0xFF, 0xFF, 0xFF, 0xFF, 0xFF, 0xFF, 0xFF, 0xFF, 0xFF, 0xFF, 0xFF, 0xFF, 0xFF, 0xFF, 0xFF, 0xFF, 0xFF, 0xFF,
    0xFF, 0xFF, 0xFF, 0xFF, 0xFF, 0xFF, 0xFF, 0xFF, 0xFF, 0xFF, 0xFF, 0xFF, 0xFF, 0xFF, 0xFF, 0xFF, 0xFF, 0xFF, 0xFF, 0xFF,
    0xFF, 0x9E, 0xA7, 0xA3, 0x7A, 0x99, 0x9B, 0xA0, 0x92, 0x95, 0x90, 0x9E, 0x93, 0x92, 0x91, 0x9D, 0x91, 0x9C, 0x92, 0x84,
    0x7F, 0x7E, 0x6B, 0x8C, 0x8F, 0x85, 0x82, 0x7F, 0x84, 0x83, 0x80, 0x8E, 0x9D, 0x8A, 0x89, 0x75, 0x6F, 0x81, 0x8C, 0x83,
    0x69, 0x83, 0x92, 0x8C, 0x6B, 0x71, 0x85, 0x8D, 0xA9, 0x85, 0x8A, 0x84, 0x93, 0x94, 0xAF, 0xAF, 0x94, 0x94, 0xE6, 0xFF,
    0xF4, 0xFE, 0xFF, 0xFF, 0xFF, 0xFF, 0xFF, 0xFF, 0xFF, 0xFF, 0xFF, 0xFF, 0xFF, 0xFF, 0xFF, 0xFF, 0xFF, 0xFF, 0xFF, 0xFF,
    0xFF, 0xFF, 0xFF, 0xFF, 0xFF, 0xFF, 0xFF, 0xFF, 0xFF, 0xFF, 0xFF, 0xFF, 0xFF, 0xFF, 0xFF, 0xFF, 0xFF, 0xFF, 0xFF, 0xFF,
    0xFF, 0xFF, 0xFF, 0xFF, 0xFF, 0xFF, 0xFF, 0xFF, 0xFF, 0xFF, 0xFF, 0xFF, 0xFF, 0xFF, 0xFF, 0xFF, 0xFF, 0xFF, 0xFF, 0xFF,
    0xFF, 0xFF, 0xFF, 0xFF, 0xFF, 0xFF, 0xFF, 0xFF, 0xFF, 0xFF, 0xFF, 0xFF, 0xFF, 0xFF, 0xFF, 0xFF, 0xFF, 0xFF, 0xFF, 0xFF,
    0xF8, 0xFF, 0xED, 0xD1, 0xD6, 0xD6, 0xD6, 0xD1, 0xD6, 0xE1, 0xD8, 0xDF, 0xDC, 0xDB, 0xDB, 0xE9, 0xE4, 0xE4, 0xE5, 0xEA,
    0xE7, 0xEA, 0xE7, 0xEA, 0xDD, 0xDD, 0xDF, 0xE5, 0xE0, 0xDF, 0xD6, 0xDE, 0xDE, 0xE2, 0xDC, 0xDB, 0xE5, 0xD7, 0xDE, 0xE6,
    0xE0, 0xDA, 0xE2, 0xE7, 0xE6, 0xE4, 0xE1, 0xE5, 0xE5, 0xE2, 0xE4, 0xE9, 0xE9, 0xE7, 0xE9, 0xDF, 0xE2, 0xE5, 0xE5, 0xE9,
    0xFF, 0xFF, 0xFF, 0xFF, 0xFF, 0xFF, 0xFF, 0xFF, 0xFF, 0xFF, 0xFF, 0xFF, 0xFF, 0xFF, 0xFF, 0xFF, 0xFF, 0xFF, 0xFF, 0xFF,
    0xFF, 0xFF, 0xFF, 0xFF, 0xFF, 0xFF, 0xFF, 0xFF, 0xFF, 0xFF, 0xFF, 0xFF, 0xFF, 0xFF, 0xFF, 0xFF, 0xFF, 0xFF, 0xFF, 0xFF,
    0xFF, 0xFF, 0xA5, 0xAC, 0x9A, 0x94, 0xA0, 0x9A, 0x89, 0x88, 0xA0, 0x9A, 0x92, 0x9E, 0x8B, 0x9E, 0xAB, 0xA5, 0x94, 0x83,
    0x7C, 0x7E, 0x71, 0x93, 0x8D, 0x86, 0x84, 0x85, 0x93, 0x8E, 0x82, 0x8B, 0x98, 0x92, 0x86, 0x7F, 0x85, 0x86, 0x80, 0x6B,
    0x6F, 0x82, 0x9A, 0x92, 0x8C, 0x81, 0x93, 0x94, 0xA8, 0x90, 0x93, 0x85, 0x8A, 0x90, 0x9C, 0xAB, 0xAA, 0x95, 0xED, 0xFE,
    0xF1, 0xFE, 0xFF, 0xFF, 0xFF, 0xFF, 0xFF, 0xFF, 0xFF, 0xFF, 0xFF, 0xFF, 0xFF, 0xFF, 0xFF, 0xFF, 0xFF, 0xFF, 0xFF, 0xFF,
    0xFF, 0xFF, 0xFF, 0xFF, 0xFF, 0xFF, 0xFF, 0xFF, 0xFF, 0xFF, 0xFF, 0xFF, 0xFF, 0xFF, 0xFF, 0xFF, 0xFF, 0xFF, 0xFA, 0xFB,
    0xF5, 0xFE, 0xFF, 0xFF, 0xFF, 0xFF, 0xFF, 0xFF, 0xFF, 0xFF, 0xFF, 0xFF, 0xFF, 0xFF, 0xFF, 0xFF, 0xFF, 0xFF, 0xFF, 0xFF,
    0xFF, 0xFF, 0xFF, 0xFF, 0xFF, 0xFF, 0xFF, 0xFF, 0xFF, 0xFF, 0xFF, 0xFF, 0xFF, 0xFF, 0xFF, 0xFF, 0xFF, 0xFF, 0xFF, 0xFF,
    0xFA, 0xFF, 0xEF, 0xC7, 0xC5, 0xD5, 0xCC, 0xC0, 0xD6, 0xE3, 0xDC, 0xE2, 0xDB, 0xDF, 0xE0, 0xE5, 0xDF, 0xDD, 0xE7, 0xE9,
    0xE9, 0xE7, 0xE4, 0xE2, 0xDF, 0xDA, 0xE2, 0xE1, 0xE5, 0xE1, 0xD7, 0xE0, 0xE1, 0xE2, 0xE0, 0xE2, 0xDE, 0xE2, 0xDC, 0xD6,
    0xDA, 0xE5, 0xE4, 0xE9, 0xE4, 0xE9, 0xE4, 0xE7, 0xE9, 0xE5, 0xE9, 0xE9, 0xE5, 0xEA, 0xE3, 0xE5, 0xE5, 0xE7, 0xE2, 0xFF,
    0xFF, 0xFF, 0xFF, 0xFF, 0xFF, 0xFF, 0xFF, 0xFF, 0xFF, 0xFF, 0xFF, 0xFF, 0xFF, 0xFF, 0xFF, 0xFF, 0xFF, 0xFF, 0xFF, 0xFF,
    0xFF, 0xFF, 0xFF, 0xFF, 0xFF, 0xFF, 0xFF, 0xFF, 0xFF, 0xFF, 0xFF, 0xFF, 0xFF, 0xFF, 0xFF, 0xFF, 0xFF, 0xFF, 0xFF, 0xFF,
    0xFF, 0xFF, 0xA8, 0xAA, 0x9A, 0x99, 0xA0, 0xA8, 0x9A, 0x9A, 0x9A, 0x92, 0x92, 0x9D, 0x8A, 0x96, 0xB7, 0xB2, 0xA8, 0x86,
    0x71, 0x8A, 0x8B, 0x8F, 0x95, 0x8F, 0x86, 0x95, 0x8D, 0x91, 0x8B, 0x98, 0x9A, 0x89, 0x89, 0x7F, 0x69, 0x72, 0x8D, 0x53,
    0x69, 0x70, 0x8B, 0x86, 0x80, 0x8D, 0x81, 0x85, 0x92, 0x92, 0x89, 0x8D, 0x92, 0xAB, 0xAD, 0xAC, 0xB3, 0xAD, 0xEF, 0xFF,
    0xF4, 0xFF, 0xFF, 0xFF, 0xFF, 0xFF, 0xFF, 0xFF, 0xFF, 0xFF, 0xFF, 0xFF, 0xFF, 0xFF, 0xFF, 0xFF, 0xFF, 0xFF, 0xFF, 0xFF,
    0xFF, 0xFF, 0xFF, 0xFF, 0xFF, 0xFF, 0xFF, 0xFF, 0xFF, 0xFF, 0xFF, 0xFF, 0xFF, 0xFF, 0xFF, 0xFF, 0xFA, 0xF8, 0xF3, 0xF3,
    0xFC, 0xF6, 0xF4, 0xFF, 0xFF, 0xFF, 0xFF, 0xFF, 0xFF, 0xFF, 0xFF, 0xFF, 0xFF, 0xFF, 0xFF, 0xFF, 0xFF, 0xFF, 0xFF, 0xFF,
    0xFF, 0xFF, 0xFF, 0xFF, 0xFF, 0xFF, 0xFF, 0xFF, 0xFF, 0xFF, 0xFF, 0xFF, 0xFF, 0xFF, 0xFF, 0xFF, 0xFF, 0xFF, 0xFF, 0xFF,
    0xFF, 0xFF, 0xF1, 0xE0, 0xCA, 0xC6, 0xD4, 0xCF, 0xD3, 0xE0, 0xD3, 0xE5, 0xE7, 0xD8, 0xE1, 0xE9, 0xD3, 0xD7, 0xE4, 0xE7,
    0xE4, 0xE2, 0xDF, 0xE0, 0xD6, 0xD0, 0xDE, 0xDA, 0xE0, 0xDF, 0xD0, 0xD9, 0xDA, 0xE0, 0xE7, 0xDF, 0xDF, 0xE5, 0xE0, 0xD9,
    0xD7, 0xDE, 0xE4, 0xE9, 0xE0, 0xE9, 0xE4, 0xE7, 0xEB, 0xE5, 0xE9, 0xE9, 0xE3, 0xE7, 0xD5, 0xCF, 0xE6, 0xE7, 0xE2, 0xFF,
    0xFF, 0xFF, 0xFF, 0xFF, 0xFF, 0xFF, 0xFF, 0xFF, 0xFF, 0xFF, 0xFF, 0xFF, 0xFF, 0xFF, 0xFF, 0xFF, 0xFF, 0xFF, 0xFF, 0xFF,
    0xFF, 0xFF, 0xFF, 0xFF, 0xFF, 0xFF, 0xFF, 0xFF, 0xFF, 0xFF, 0xFF, 0xFF, 0xFF, 0xFF, 0xFF, 0xFF, 0xFF, 0xFF, 0xFF, 0xFF,
    0xFF, 0xFF, 0xFF, 0x9D, 0xAC, 0xA8, 0x99, 0xA7, 0xA3, 0x9A, 0x9D, 0x92, 0x8E, 0x95, 0x86, 0x94, 0xA7, 0xAD, 0xAA, 0x8B,
    0x85, 0x8B, 0x94, 0x93, 0x8D, 0x92, 0x94, 0x93, 0x95, 0xA5, 0x91, 0xA3, 0x99, 0x91, 0x8E, 0x91, 0x6F, 0x6B, 0x69, 0x5C,
    0x56, 0x56, 0x7C, 0x89, 0x80, 0x8C, 0x82, 0x85, 0x93, 0x8D, 0x7F, 0x7F, 0x8B, 0xB2, 0xAA, 0xA3, 0xAC, 0xE3, 0xFD, 0xFA,
    0xFA, 0xFF, 0xFF, 0xFF, 0xFF, 0xFF, 0xFF, 0xFF, 0xFF, 0xFF, 0xFF, 0xFF, 0xFF, 0xFF, 0xFF, 0xFF, 0xFF, 0xFF, 0xFF, 0xFF,
    0xFF, 0xFF, 0xFF, 0xFF, 0xFF, 0xFF, 0xFF, 0xFF, 0xFF, 0xFF, 0xFF, 0xFF, 0xFF, 0xFF, 0xFF, 0xFF, 0xFF, 0xF1, 0xFE, 0xEF,
    0xED, 0xF6, 0xFC, 0xF6, 0xFF, 0xFF, 0xFF, 0xFF, 0xFF, 0xFF, 0xFF, 0xFF, 0xFF, 0xFF, 0xFF, 0xFF, 0xFF, 0xFF, 0xFF, 0xFF,
    0xFF, 0xFF, 0xFF, 0xFF, 0xFF, 0xFF, 0xFF, 0xFF, 0xFF, 0xFF, 0xFF, 0xFF, 0xFF, 0xFF, 0xFF, 0xFF, 0xFF, 0xFF, 0xFF, 0xFF,
    0xFF, 0xF6, 0xFE, 0xED, 0xBC, 0xCC, 0xD4, 0xD0, 0xDC, 0xE0, 0xE0, 0xDA, 0xE0, 0xDC, 0xDF, 0xE0, 0xE2, 0xDA, 0xE2, 0xE7,
    0xE3, 0xDB, 0xE4, 0xE7, 0xD8, 0xDF, 0xDF, 0xE1, 0xE2, 0xD9, 0xDF, 0xE0, 0xDE, 0xD7, 0xE4, 0xE5, 0xDA, 0xDC, 0xDC, 0xE1,
    0xE1, 0xE2, 0xE5, 0xEA, 0xE2, 0xE2, 0xDF, 0xE5, 0xE6, 0xE9, 0xEA, 0xE9, 0xDD, 0xE0, 0xE1, 0xD8, 0xE9, 0xE5, 0xFF, 0xFF,
    0xFF, 0xFF, 0xFF, 0xFF, 0xFF, 0xFF, 0xFF, 0xFF, 0xFF, 0xFF, 0xFF, 0xFF, 0xFF, 0xFF, 0xFF, 0xFF, 0xFF, 0xFF, 0xFF, 0xFF,
    0xFF, 0xFF, 0xFF, 0xFF, 0xFF, 0xFF, 0xFF, 0xFF, 0xFF, 0xFF, 0xFF, 0xFF, 0xFF, 0xFF, 0xFF, 0xFF, 0xFF, 0xFF, 0xFF, 0xFF,
    0xFF, 0xFF, 0xFF, 0xFF, 0xA3, 0xAC, 0xA0, 0x9B, 0xA8, 0xA3, 0x98, 0xA5, 0x91, 0x93, 0x8F, 0xA3, 0xA3, 0xA7, 0x92, 0x82,
    0x83, 0x92, 0xA6, 0x96, 0x8F, 0x8A, 0xA3, 0x9D, 0x8F, 0xA6, 0x92, 0x9D, 0x9A, 0x9A, 0xA7, 0x88, 0x8D, 0x6B, 0x65, 0x6F,
    0x59, 0x4B, 0x71, 0x71, 0x83, 0x81, 0x58, 0x8B, 0x8B, 0x7C, 0x98, 0xAC, 0x91, 0x9E, 0xA8, 0xAA, 0xA5, 0xED, 0xFF, 0xF5,
    0xFB, 0xFF, 0xFF, 0xFF, 0xFF, 0xFF, 0xFF, 0xFF, 0xFF, 0xFF, 0xFF, 0xFF, 0xFF, 0xFF, 0xFF, 0xFF, 0xFF, 0xFF, 0xFF, 0xFF,
    0xFF, 0xFF, 0xFF, 0xFF, 0xFF, 0xFF, 0xFF, 0xFF, 0xFF, 0xFF, 0xFF, 0xFF, 0xFF, 0xFF, 0xFA, 0xF6, 0xF4, 0xFE, 0xEE, 0xD6,
    0xAD, 0xEB, 0xF0, 0xFF, 0xF5, 0xFF, 0xFF, 0xFF, 0xFF, 0xFF, 0xFF, 0xFF, 0xFF, 0xFF, 0xFF, 0xFF, 0xFF, 0xFF, 0xFF, 0xFF,
    0xFF, 0xFF, 0xFF, 0xFF, 0xFF, 0xFF, 0xFF, 0xFF, 0xFF, 0xFF, 0xFF, 0xFF, 0xFF, 0xFF, 0xFF, 0xFF, 0xFF, 0xFF, 0xFF, 0xFF,
    0xFF, 0xF8, 0xFE, 0xEE, 0xB7, 0xCC, 0xD2, 0xD9, 0xE0, 0xDF, 0xD9, 0xDA, 0xDB, 0xE5, 0xE9, 0xE0, 0xE1, 0xE5, 0xD6, 0xE4,
    0xE5, 0xE2, 0xE0, 0xDB, 0xDD, 0xDA, 0xE1, 0xDE, 0xE3, 0xE4, 0xE5, 0xE5, 0xE1, 0xE4, 0xE5, 0xD7, 0xD9, 0xE1, 0xDB, 0xE0,
    0xE1, 0xE5, 0xE9, 0xE9, 0xDE, 0xD7, 0xE1, 0xDD, 0xE7, 0xE9, 0xE5, 0xEA, 0xE1, 0xD8, 0xDC, 0xE2, 0xE2, 0xFF, 0xFF, 0xFF,
    0xFF, 0xFF, 0xFF, 0xFF, 0xFF, 0xFF, 0xFF, 0xFF, 0xFF, 0xFF, 0xFF, 0xFF, 0xFF, 0xFF, 0xFF, 0xFF, 0xFF, 0xFF, 0xFF, 0xFF,
    0xFF, 0xFF, 0xFF, 0xFF, 0xFF, 0xFF, 0xFF, 0xFF, 0xFF, 0xFF, 0xFF, 0xFF, 0xFF, 0xFF, 0xFF, 0xFF, 0xFF, 0xFF, 0xFF, 0xFF,
    0xFF, 0xFF, 0xFF, 0xFF, 0xA3, 0xA3, 0xAC, 0xA3, 0x9B, 0x9D, 0x99, 0xAE, 0xA3, 0x95, 0x95, 0xB4, 0xAC, 0xA5, 0x82, 0x86,
    0x81, 0x94, 0xA7, 0xA5, 0x94, 0x92, 0x8F, 0xA6, 0x89, 0x9D, 0x9A, 0x90, 0xA0, 0x9A, 0xA3, 0x8A, 0x7E, 0x71, 0x7E, 0x7C,
    0x85, 0x6E, 0x80, 0x67, 0x5F, 0x69, 0x59, 0x5F, 0x6E, 0x7B, 0x84, 0x91, 0x8F, 0x92, 0x98, 0xAA, 0xAB, 0xEE, 0xFF, 0xFA,
    0xFE, 0xFF, 0xFF, 0xFF, 0xFF, 0xFF, 0xFF, 0xFF, 0xFF, 0xFF, 0xFF, 0xFF, 0xFF, 0xFF, 0xFF, 0xFF, 0xFF, 0xFF, 0xFF, 0xFF,
    0xFF, 0xFF, 0xFF, 0xFF, 0xFF, 0xFF, 0xFF, 0xFF, 0xFF, 0xFF, 0xFF, 0xFF, 0xFF, 0xFA, 0xF1, 0xF7, 0xFD, 0xED, 0xB5, 0xB4,
    0xC1, 0xCE, 0xD3, 0xEE, 0xFC, 0xF0, 0xF4, 0xFA, 0xFB, 0xFF, 0xFF, 0xFF, 0xFF, 0xFF, 0xFF, 0xFF, 0xFF, 0xFF, 0xFF, 0xFF,
    0xFF, 0xFF, 0xFF, 0xFF, 0xFF, 0xFF, 0xFF, 0xFF, 0xFF, 0xFF, 0xFF, 0xFF, 0xFF, 0xFF, 0xFF, 0xFF, 0xFF, 0xFF, 0xFF, 0xFF,
    0xFF, 0xFE, 0xF1, 0xF0, 0xD9, 0xCA, 0xD3, 0xD3, 0xE0, 0xE0, 0xD9, 0xE1, 0xDF, 0xE4, 0xE5, 0xDD, 0xDF, 0xDF, 0xE3, 0xDB,
    0xE0, 0xE1, 0xDF, 0xD6, 0xDC, 0xD7, 0xD0, 0xDE, 0xDC, 0xE0, 0xE7, 0xE5, 0xDE, 0xE2, 0xE5, 0xE2, 0xD8, 0xDE, 0xD8, 0xE5,
    0xE1, 0xE4, 0xE5, 0xE5, 0xE2, 0xDC, 0xDC, 0xE5, 0xE5, 0xE6, 0xE3, 0xE5, 0xE5, 0xE2, 0xE1, 0xE2, 0xE2, 0xFF, 0xFF, 0xFF,
    0xFF, 0xFF, 0xFF, 0xFF, 0xFF, 0xFF, 0xFF, 0xFF, 0xFF, 0xFF, 0xFF, 0xFF, 0xFF, 0xFF, 0xFF, 0xFF, 0xFF, 0xFF, 0xFF, 0xFF,
    0xFF, 0xFF, 0xFF, 0xFF, 0xFF, 0xFF, 0xFF, 0xFF, 0xFF, 0xFF, 0xFF, 0xFF, 0xFF, 0xFF, 0xFF, 0xFF, 0xFF, 0xFF, 0xFF, 0xFF,
    0xFF, 0xFF, 0xFF, 0xFF, 0xFF, 0x9D, 0xAF, 0xAD, 0xA0, 0xA0, 0xA0, 0xAE, 0xA7, 0x9E, 0x9A, 0x9E, 0xA6, 0x94, 0x81, 0x83,
    0x72, 0x94, 0xA8, 0xA5, 0x94, 0x9C, 0x8D, 0x95, 0x94, 0x9C, 0x9D, 0x9D, 0xA7, 0xA3, 0xA6, 0x92, 0x81, 0x82, 0x71, 0x7E,
    0x94, 0x71, 0x80, 0x80, 0x69, 0x55, 0x4C, 0x4B, 0x4B, 0x5F, 0x68, 0x9A, 0x89, 0x85, 0x9A, 0xA8, 0xD5, 0xF3, 0xFA, 0xFF,
    0xFF, 0xFF, 0xFF, 0xFF, 0xFF, 0xFF, 0xFF, 0xFF, 0xFF, 0xFF, 0xFF, 0xFF, 0xFF, 0xFF, 0xFF, 0xFF, 0xFF, 0xFF, 0xFF, 0xFF,
    0xFF, 0xFF, 0xFF, 0xFF, 0xFF, 0xFF, 0xFF, 0xFF, 0xFF, 0xFF, 0xFF, 0xFF, 0xFF, 0xF5, 0xFC, 0xF0, 0xE6, 0xA9, 0xB4, 0xCC,
    0xC9, 0xD2, 0xBF, 0xBC, 0xED, 0xFC, 0xF6, 0xF6, 0xFF, 0xFF, 0xFF, 0xFF, 0xFF, 0xFF, 0xFF, 0xFF, 0xFF, 0xFF, 0xFF, 0xFF,
    0xFF, 0xFF, 0xFF, 0xFF, 0xFF, 0xFF, 0xFF, 0xFF, 0xFF, 0xFF, 0xFF, 0xFF, 0xFF, 0xFF, 0xFF, 0xFF, 0xFF, 0xFF, 0xFF, 0xFF,
    0xFF, 0xFF, 0xF1, 0xFE, 0xEB, 0xCB, 0xE0, 0xDC, 0xD6, 0xE3, 0xDB, 0xE0, 0xE4, 0xDD, 0xE4, 0xE3, 0xD9, 0xE1, 0xDD, 0xD3,
    0xDD, 0xE3, 0xE1, 0xDF, 0xD8, 0xD2, 0xDD, 0xDA, 0xD5, 0xDC, 0xCC, 0xD8, 0xE2, 0xD7, 0xD0, 0xD8, 0xDA, 0xD8, 0xD7, 0xDE,
    0xE4, 0xE0, 0xDE, 0xE1, 0xE3, 0xE5, 0xDC, 0xE0, 0xE1, 0xE5, 0xE2, 0xE9, 0xE7, 0xE7, 0xEA, 0xEA, 0xFF, 0xFF, 0xFF, 0xFF,
    0xFF, 0xFF, 0xFF, 0xFF, 0xFF, 0xFF, 0xFF, 0xFF, 0xFF, 0xFF, 0xFF, 0xFF, 0xFF, 0xFF, 0xFF, 0xFF, 0xFF, 0xFF, 0xFF, 0xFF,
    0xFF, 0xFF, 0xFF, 0xFF, 0xFF, 0xFF, 0xFF, 0xFF, 0xFF, 0xFF, 0xFF, 0xFF, 0xFF, 0xFF, 0xFF, 0xFF, 0xFF, 0xFF, 0xFF, 0xFF,
    0xFF, 0xFF, 0xFF, 0xFF, 0xFF, 0xFF, 0xAE, 0xA3, 0xBE, 0xA4, 0xA3, 0xAF, 0xB4, 0x9A, 0xA8, 0x9C, 0x86, 0x83, 0x72, 0x81,
    0x85, 0x8E, 0xA9, 0xA9, 0xA5, 0xA6, 0x95, 0x94, 0x9A, 0x9D, 0x94, 0x9D, 0xAD, 0x9B, 0xA9, 0x94, 0x8C, 0x86, 0x6F, 0x71,
    0x7E, 0x66, 0x7C, 0x8D, 0x84, 0x6C, 0x4D, 0x4B, 0x47, 0x5C, 0x7B, 0x78, 0x9A, 0x92, 0xA8, 0x8E, 0xEB, 0xFC, 0xF5, 0xFF,
    0xFF, 0xFF, 0xFF, 0xFF, 0xFF, 0xFF, 0xFF, 0xFF, 0xFF, 0xFF, 0xFF, 0xFF, 0xFF, 0xFF, 0xFF, 0xFF, 0xFF, 0xFF, 0xFF, 0xFF,
    0xFF, 0xFF, 0xFF, 0xFF, 0xFF, 0xFF, 0xFF, 0xFF, 0xFF, 0xFE, 0xFE, 0xF8, 0xF5, 0xFF, 0xEE, 0xD6, 0xA8, 0x91, 0xAD, 0xB3,
    0xB6, 0xC6, 0xCE, 0xB6, 0xA6, 0xE7, 0xF0, 0xFE, 0xF1, 0xFF, 0xFE, 0xFF, 0xFF, 0xFF, 0xFF, 0xFF, 0xFF, 0xFF, 0xFF, 0xFF,
    0xFF, 0xFF, 0xFF, 0xFF, 0xFF, 0xFF, 0xFF, 0xFF, 0xFF, 0xFF, 0xFF, 0xFF, 0xFF, 0xFF, 0xFF, 0xFF, 0xFF, 0xFF, 0xFF, 0xFF,
    0xFF, 0xFF, 0xF6, 0xFF, 0xEE, 0xD0, 0xDB, 0xDF, 0xE5, 0xE0, 0xCD, 0xDC, 0xE3, 0xDC, 0xE5, 0xE3, 0xE5, 0xDF, 0xD7, 0xD9,
    0xDD, 0xE0, 0xDD, 0xDD, 0xDF, 0xE1, 0xD1, 0xD0, 0xCF, 0xDA, 0xD8, 0xD9, 0xDE, 0xD8, 0xD8, 0xC9, 0xDE, 0xDE, 0xDF, 0xDF,
    0xE2, 0xE0, 0xDA, 0xE4, 0xE2, 0xD8, 0xDA, 0xDA, 0xE1, 0xE1, 0xE5, 0xE7, 0xEA, 0xE7, 0xEA, 0xFF, 0xFF, 0xFF, 0xFF, 0xFF,
    0xFF, 0xFF, 0xFF, 0xFF, 0xFF, 0xFF, 0xFF, 0xFF, 0xFF, 0xFF, 0xFF, 0xFF, 0xFF, 0xFF, 0xFF, 0xFF, 0xFF, 0xFF, 0xFF, 0xFF,
    0xFF, 0xFF, 0xFF, 0xFF, 0xFF, 0xFF, 0xFF, 0xFF, 0xFF, 0xFF, 0xFF, 0xFF, 0xFF, 0xFF, 0xFF, 0xFF, 0xFF, 0xFF, 0xFF, 0xFF,
    0xFF, 0xFF, 0xFF, 0xFF, 0xFF, 0xFF, 0xFF, 0xA7, 0xB2, 0x9C, 0x9E, 0xAC, 0xAB, 0xA8, 0x9E, 0xA3, 0x91, 0x8F, 0x8F, 0x84,
    0x92, 0x8E, 0xA9, 0x9E, 0xA5, 0x91, 0x92, 0x96, 0x9D, 0x9D, 0xA6, 0x9B, 0xBA, 0x9B, 0xAC, 0x9E, 0x71, 0x7E, 0x7E, 0x71,
    0x72, 0x71, 0x8F, 0x93, 0x83, 0x81, 0x68, 0x56, 0x5C, 0x5F, 0x85, 0x7F, 0xA0, 0x99, 0x9D, 0xA5, 0xEE, 0xFE, 0xF8, 0xFF,
    0xFF, 0xFF, 0xFF, 0xFF, 0xFF, 0xFF, 0xFF, 0xFF, 0xFF, 0xFF, 0xFF, 0xFF, 0xFF, 0xFF, 0xFF, 0xFF, 0xFF, 0xFF, 0xFF, 0xFF,
    0xFF, 0xFF, 0xFF, 0xFF, 0xFF, 0xFF, 0xFF, 0xFF, 0xF7, 0xF4, 0xF5, 0xF3, 0xFC, 0xED, 0xB1, 0xAA, 0xA8, 0x9D, 0xBA, 0xC0,
    0xB7, 0xB7, 0xCE, 0xBB, 0xB5, 0xAB, 0xD1, 0xEE, 0xFE, 0xF1, 0xF4, 0xFB, 0xFF, 0xFF, 0xFF, 0xFF, 0xFF, 0xFF, 0xFF, 0xFF,
    0xFF, 0xFF, 0xFF, 0xFF, 0xFF, 0xFF, 0xFF, 0xFF, 0xFF, 0xFF, 0xFF, 0xFF, 0xFF, 0xFF, 0xFF, 0xFF, 0xFF, 0xFF, 0xFF, 0xFF,
    0xFF, 0xFF, 0xF7, 0xFE, 0xF0, 0xDC, 0xCD, 0xE0, 0xDD, 0xDB, 0xE2, 0xDF, 0xDF, 0xDF, 0xE1, 0xDC, 0xE2, 0xDA, 0xD9, 0xDB,
    0xE0, 0xDC, 0xDA, 0xD6, 0xDB, 0xE1, 0xD3, 0xD8, 0xD7, 0xD8, 0xDE, 0xDC, 0xD8, 0xDA, 0xD3, 0xE2, 0xE2, 0xD8, 0xDF, 0xDF,
    0xE2, 0xDC, 0xE4, 0xE2, 0xDE, 0xD9, 0xC0, 0xD9, 0xCF, 0xE2, 0xE9, 0xEA, 0xE7, 0xEA, 0xFF, 0xFF, 0xFF, 0xFF, 0xFF, 0xFF,
    0xFF, 0xFF, 0xFF, 0xFF, 0xFF, 0xFF, 0xFF, 0xFF, 0xFF, 0xFF, 0xFF, 0xFF, 0xFF, 0xFF, 0xFF, 0xFF, 0xFF, 0xFF, 0xFF, 0xFF,
    0xFF, 0xFF, 0xFF, 0xFF, 0xFF, 0xFF, 0xFF, 0xFF, 0xFF, 0xFF, 0xFF, 0xFF, 0xFF, 0xFF, 0xFF, 0xFF, 0xFF, 0xFF, 0xFF, 0xFF,
    0xFF, 0xFF, 0xFF, 0xFF, 0xFF, 0xFF, 0xFF, 0xB5, 0xAA, 0xA8, 0x92, 0x92, 0xA8, 0x9D, 0x9E, 0x9B, 0xA5, 0x94, 0xA6, 0x8F,
    0x84, 0x9E, 0x9E, 0x93, 0x95, 0x8D, 0x86, 0x9E, 0xA8, 0xA8, 0x94, 0x9D, 0xAB, 0x9A, 0xA8, 0xA0, 0x6C, 0x7D, 0x85, 0x80,
    0x83, 0x66, 0x8F, 0x94, 0x81, 0x7B, 0x6F, 0x4B, 0x40, 0x3F, 0x86, 0x8B, 0xA7, 0xAE, 0xA3, 0xC4, 0xF0, 0xF3, 0xFA, 0xFF,
    0xFF, 0xFF, 0xFF, 0xFF, 0xFF, 0xFF, 0xFF, 0xFF, 0xFF, 0xFF, 0xFF, 0xFF, 0xFF, 0xFF, 0xFF, 0xFF, 0xFF, 0xFF, 0xFF, 0xFF,
    0xFF, 0xFF, 0xFF, 0xFF, 0xFF, 0xFF, 0xFF, 0xFF, 0xF8, 0xF1, 0xFC, 0xF1, 0xE6, 0x94, 0xA9, 0xB2, 0xA9, 0xAC, 0xAD, 0xBE,
    0xB8, 0xBB, 0xC3, 0xCB, 0xB6, 0xBB, 0xB5, 0xC2, 0xED, 0xFD, 0xFE, 0xF4, 0xFF, 0xFF, 0xFF, 0xFF, 0xFF, 0xFF, 0xFF, 0xFF,
    0xFF, 0xFF, 0xFF, 0xFF, 0xFF, 0xFF, 0xFF, 0xFF, 0xFF, 0xFF, 0xFF, 0xFF, 0xFF, 0xFF, 0xFF, 0xFF, 0xFF, 0xFF, 0xFF, 0xFF,
    0xFF, 0xFF, 0xFF, 0xF6, 0xFE, 0xEB, 0xCE, 0xDD, 0xD5, 0xDD, 0xE0, 0xDB, 0xE2, 0xE1, 0xE5, 0xDD, 0xDC, 0xDE, 0xDA, 0xDD,
    0xDB, 0xD9, 0xD7, 0xDC, 0xE0, 0xDA, 0xD6, 0xE4, 0xE0, 0xE4, 0xC7, 0xD9, 0xD6, 0xDF, 0xE1, 0xE5, 0xE1, 0xD8, 0xD0, 0xE1,
    0xDD, 0xE0, 0xE2, 0xD0, 0xD3, 0xE0, 0xCC, 0xCE, 0xCD, 0xD3, 0xDC, 0xEA, 0xE7, 0xEB, 0xFF, 0xFF, 0xFF, 0xFF, 0xFF, 0xFF,
    0xFF, 0xFF, 0xFF, 0xFF, 0xFF, 0xFF, 0xFF, 0xFF, 0xFF, 0xFF, 0xFF, 0xFF, 0xFF, 0xFF, 0xFF, 0xFF, 0xFF, 0xFF, 0xFF, 0xFF,
    0xFF, 0xFF, 0xFF, 0xFF, 0xFF, 0xFF, 0xFF, 0xFF, 0xFF, 0xFF, 0xFF, 0xFF, 0xFF, 0xFF, 0xFF, 0xFF, 0xFF, 0xFF, 0xFF, 0xFF,
    0xFF, 0xFF, 0xFF, 0xFF, 0xFF, 0xFF, 0xFF, 0xFF, 0xAB, 0xAB, 0xA3, 0x94, 0xA8, 0x9D, 0x9E, 0xA7, 0xAA, 0x94, 0x9C, 0x92,
    0x8F, 0xA3, 0xA7, 0xA9, 0xA6, 0x93, 0x8C, 0x8D, 0xAA, 0xAC, 0xA6, 0x94, 0xAD, 0x9D, 0x92, 0x91, 0x82, 0x83, 0x86, 0x82,
    0x86, 0x72, 0x71, 0x83, 0x7E, 0x69, 0x71, 0x59, 0x59, 0x6A, 0x7C, 0x8D, 0xAA, 0xAC, 0x91, 0xE8, 0xFF, 0xF1, 0xFF, 0xFF,
    0xFF, 0xFF, 0xFF, 0xFF, 0xFF, 0xFF, 0xFF, 0xFF, 0xFF, 0xFF, 0xFF, 0xFF, 0xFF, 0xFF, 0xFF, 0xFF, 0xFF, 0xFF, 0xFF, 0xFF,
    0xFF, 0xFF, 0xFF, 0xFF, 0xFF, 0xFF, 0xFF, 0xFF, 0xF1, 0xFC, 0xEE, 0xD0, 0xAD, 0xC0, 0xBE, 0xB9, 0xAA, 0xAF, 0xB1, 0xAA,
    0xB1, 0xC5, 0xAB, 0xB2, 0xB5, 0xAD, 0xB7, 0xB5, 0xB2, 0xEA, 0xEF, 0xFF, 0xF5, 0xFE, 0xFF, 0xFF, 0xFF, 0xFF, 0xFF, 0xFF,
    0xFF, 0xFF, 0xFF, 0xFF, 0xFF, 0xFF, 0xFF, 0xFF, 0xFF, 0xFF, 0xFF, 0xFF, 0xFF, 0xFF, 0xFF, 0xFF, 0xFF, 0xFF, 0xFF, 0xFF,
    0xFF, 0xFF, 0xFE, 0xF6, 0xFF, 0xED, 0xD0, 0xDB, 0xE1, 0xDF, 0xDB, 0xD6, 0xD3, 0xD8, 0xD8, 0xE0, 0xDF, 0xD9, 0xE6, 0xE3,
    0xE0, 0xDF, 0xDF, 0xDA, 0xE0, 0xDD, 0xDB, 0xDF, 0xE4, 0xE3, 0xD9, 0xD7, 0xD7, 0xD7, 0xDE, 0xE2, 0xE2, 0xDE, 0xD8, 0xE5,
    0xE5, 0xE4, 0xDA, 0xD9, 0xD6, 0xDF, 0xD9, 0xD6, 0xD9, 0xDE, 0xDD, 0xE0, 0xE2, 0xFF, 0xFF, 0xFF, 0xFF, 0xFF, 0xFF, 0xFF,
    0xFF, 0xFF, 0xFF, 0xFF, 0xFF, 0xFF, 0xFF, 0xFF, 0xFF, 0xFF, 0xFF, 0xFF, 0xFF, 0xFF, 0xFF, 0xFF, 0xFF, 0xFF, 0xFF, 0xFF,
    0xFF, 0xFF, 0xFF, 0xFF, 0xFF, 0xFF, 0xFF, 0xFF, 0xFF, 0xFF, 0xFF, 0xFF, 0xFF, 0xFF, 0xFF, 0xFF, 0xFF, 0xFF, 0xFF, 0xFF,
    0xFF, 0xFF, 0xFF, 0xFF, 0xFF, 0xFF, 0xFF, 0xFF, 0xFF, 0xAD, 0xAF, 0xA3, 0x9B, 0xAC, 0x9B, 0xA0, 0xA7, 0x95, 0x95, 0xA6,
    0xA9, 0xA3, 0xAD, 0xB1, 0xA5, 0x95, 0x86, 0x8F, 0x95, 0x90, 0xB4, 0x9D, 0xAA, 0x9B, 0x92, 0x89, 0x81, 0x7E, 0x71, 0x82,
    0x7E, 0x83, 0x7E, 0x7C, 0x61, 0x83, 0x71, 0x7B, 0x71, 0x85, 0x7F, 0x84, 0xA6, 0x8E, 0x8D, 0xED, 0xFF, 0xF1, 0xFF, 0xFF,
    0xFF, 0xFF, 0xFF, 0xFF, 0xFF, 0xFF, 0xFF, 0xFF, 0xFF, 0xFF, 0xFF, 0xFF, 0xFF, 0xFF, 0xFF, 0xFF, 0xFF, 0xFF, 0xFF, 0xFF,
    0xFF, 0xFF, 0xFF, 0xFF, 0xFF, 0xF3, 0xF4, 0xF3, 0xFC, 0xED, 0xAA, 0xA9, 0xBB, 0x96, 0xA9, 0xB5, 0x9B, 0xAF, 0xB1, 0xB5,
    0xC5, 0xBF, 0xB8, 0xB7, 0xC0, 0xAD, 0xA9, 0xAC, 0xBF, 0xB8, 0xD8, 0xEE, 0xFE, 0xF2, 0xF4, 0xFF, 0xFF, 0xFF, 0xFF, 0xFF,
    0xFF, 0xFF, 0xFF, 0xFF, 0xFF, 0xFF, 0xFF, 0xFF, 0xFF, 0xFF, 0xFF, 0xFF, 0xFF, 0xFF, 0xFF, 0xFF, 0xFF, 0xFF, 0xFF, 0xFF,
    0xFF, 0xFF, 0xFF, 0xF9, 0xFE, 0xEF, 0xE0, 0xD9, 0xD3, 0xDA, 0xD7, 0xD4, 0xDC, 0xDF, 0xCD, 0xDC, 0xE1, 0xDB, 0xE4, 0xE0,
    0xDF, 0xDF, 0xDB, 0xD3, 0xDA, 0xDC, 0xDF, 0xE4, 0xDB, 0xDB, 0xE1, 0xDE, 0xDC, 0xD9, 0xDF, 0xDE, 0xDA, 0xDE, 0xD9, 0xE0,
    0xE5, 0xE5, 0xDF, 0xE0, 0xDC, 0xD8, 0xDC, 0xE3, 0xDD, 0xE5, 0xD9, 0xD9, 0xFF, 0xFF, 0xFF, 0xFF, 0xFF, 0xFF, 0xFF, 0xFF,
    0xFF, 0xFF, 0xFF, 0xFF, 0xFF, 0xFF, 0xFF, 0xFF, 0xFF, 0xFF, 0xFF, 0xFF, 0xFF, 0xFF, 0xFF, 0xFF, 0xFF, 0xFF, 0xFF, 0xFF,
    0xFF, 0xFF, 0xFF, 0xFF, 0xFF, 0xFF, 0xFF, 0xFF, 0xFF, 0xFF, 0xFF, 0xFF, 0xFF, 0xFF, 0xFF, 0xFF, 0xFF, 0xFF, 0xFF, 0xFF,
    0xFF, 0xFF, 0xFF, 0xFF, 0xFF, 0xFF, 0xFF, 0xFF, 0xFF, 0xFF, 0xAF, 0xB3, 0xA9, 0x9C, 0x94, 0x91, 0x9C, 0x95, 0xA6, 0xA5,
    0xA6, 0xB2, 0xA5, 0xA9, 0xA9, 0xA6, 0x86, 0x92, 0x95, 0xA9, 0xA7, 0xA8, 0xAD, 0x9D, 0x92, 0x92, 0x93, 0x85, 0x7B, 0x72,
    0x81, 0x7E, 0x69, 0x75, 0x7C, 0x71, 0x69, 0x66, 0x6B, 0x8F, 0x84, 0x9A, 0xA6, 0x8E, 0xB3, 0xF0, 0xF8, 0xF4, 0xFE, 0xFF,
    0xFF, 0xFF, 0xFF, 0xFF, 0xFF, 0xFF, 0xFF, 0xFF, 0xFF, 0xFF, 0xFF, 0xFF, 0xFF, 0xFF, 0xFF, 0xFF, 0xFF, 0xFF, 0xFF, 0xFF,
    0xFF, 0xFF, 0xFF, 0xFF, 0xFF, 0xF1, 0xFF, 0xF2, 0xEB, 0xAE, 0xAC, 0xB5, 0xB2, 0xAA, 0xAC, 0xBA, 0xA5, 0xB1, 0xB4, 0xB4,
    0xBE, 0xBE, 0xB9, 0xBC, 0xB4, 0xB1, 0xB1, 0xB2, 0xB3, 0xB5, 0xB6, 0xB8, 0xED, 0xFC, 0xF3, 0xF5, 0xFF, 0xFF, 0xFF, 0xFF,
    0xFF, 0xFF, 0xFF, 0xFF, 0xFF, 0xFF, 0xFF, 0xFF, 0xFF, 0xFF, 0xFF, 0xFF, 0xFF, 0xFF, 0xFF, 0xFF, 0xFF, 0xFF, 0xFF, 0xFF,
    0xFF, 0xFF, 0xFF, 0xFE, 0xF3, 0xFD, 0xEA, 0xD8, 0xD6, 0xDD, 0xCF, 0xCF, 0xD8, 0xE5, 0xD5, 0xE0, 0xDC, 0xE2, 0xDE, 0xDE,
    0xD9, 0xDC, 0xD3, 0xDE, 0xDE, 0xDE, 0xDF, 0xE3, 0xE2, 0xE0, 0xD5, 0xCF, 0xDA, 0xDF, 0xDF, 0xDA, 0xDA, 0xD8, 0xD9, 0xE1,
    0xDF, 0xE2, 0xDE, 0xE2, 0xE0, 0xDC, 0xE4, 0xDD, 0xE4, 0xE6, 0xE4, 0xFF, 0xFF, 0xFF, 0xFF, 0xFF, 0xFF, 0xFF, 0xFF, 0xFF,
    0xFF, 0xFF, 0xFF, 0xFF, 0xFF, 0xFF, 0xFF, 0xFF, 0xFF, 0xFF, 0xFF, 0xFF, 0xFF, 0xFF, 0xFF, 0xFF, 0xFF, 0xFF, 0xFF, 0xFF,
    0xFF, 0xFF, 0xFF, 0xFF, 0xFF, 0xFF, 0xFF, 0xFF, 0xFF, 0xFF, 0xFF, 0xFF, 0xFF, 0xFF, 0xFF, 0xFF, 0xFF, 0xFF, 0xFF, 0xFF,
    0xFF, 0xFF, 0xFF, 0xFF, 0xFF, 0xFF, 0xFF, 0xFF, 0xFF, 0xFF, 0xFF, 0xA3, 0x94, 0x9D, 0x9D, 0x8E, 0x8D, 0x8D, 0x96, 0x94,
    0x90, 0xA6, 0x9E, 0xA9, 0xB1, 0xAF, 0x94, 0x83, 0x8F, 0xA7, 0xAF, 0x9C, 0xA7, 0x9D, 0x9A, 0x89, 0x8F, 0x81, 0x6E, 0x7C,
    0x85, 0x72, 0x6B, 0x6B, 0x6B, 0x6E, 0x9D, 0x7B, 0x7E, 0x86, 0x8D, 0xA8, 0x9D, 0x7C, 0xE6, 0xFE, 0xF5, 0xFB, 0xFF, 0xFF,
    0xFF, 0xFF, 0xFF, 0xFF, 0xFF, 0xFF, 0xFF, 0xFF, 0xFF, 0xFF, 0xFF, 0xFF, 0xFF, 0xFF, 0xFF, 0xFF, 0xFF, 0xFF, 0xFF, 0xFF,
    0xFF, 0xFF, 0xFF, 0xF9, 0xF4, 0xFE, 0xEF, 0xDD, 0xAE, 0xB4, 0xB1, 0xB5, 0xA7, 0xB7, 0xB7, 0xB3, 0xBA, 0xAA, 0xB2, 0xCE,
    0xBB, 0xC1, 0xBA, 0xC0, 0xC3, 0xB1, 0xA9, 0xBB, 0xAF, 0xB2, 0xB8, 0xB5, 0xA7, 0xDD, 0xEF, 0xFF, 0xF5, 0xF9, 0xFF, 0xFF,
    0xFF, 0xFF, 0xFF, 0xFF, 0xFF, 0xFF, 0xFF, 0xFF, 0xFF, 0xFF, 0xFF, 0xFF, 0xFF, 0xFF, 0xFF, 0xFF, 0xFF, 0xFF, 0xFF, 0xFF,
    0xFF, 0xFF, 0xFF, 0xFE, 0xF2, 0xFC, 0xED, 0xCA, 0xD3, 0xDC, 0xC3, 0xE1, 0xD9, 0xDC, 0xE0, 0xE0, 0xE5, 0xDF, 0xE3, 0xD9,
    0xD8, 0xDB, 0xDE, 0xD7, 0xCF, 0xDD, 0xD5, 0xDF, 0xDE, 0xE3, 0xDD, 0xD8, 0xD7, 0xD8, 0xE1, 0xE1, 0xE1, 0xDC, 0xCF, 0xD8,
    0xDF, 0xD8, 0xE2, 0xE5, 0xE5, 0xDC, 0xD1, 0xDD, 0xE7, 0xEA, 0xFF, 0xFF, 0xFF, 0xFF, 0xFF, 0xFF, 0xFF, 0xFF, 0xFF, 0xFF,
    0xFF, 0xFF, 0xFF, 0xFF, 0xFF, 0xFF, 0xFF, 0xFF, 0xFF, 0xFF, 0xFF, 0xFF, 0xFF, 0xFF, 0xFF, 0xFF, 0xFF, 0xFF, 0xFF, 0xFF,
    0xFF, 0xFF, 0xFF, 0xFF, 0xFF, 0xFF, 0xFF, 0xFF, 0xFF, 0xFF, 0xFF, 0xFF, 0xFF, 0xFF, 0xFF, 0xFF, 0xFF, 0xFF, 0xFF, 0xFF,
    0xFF, 0xFF, 0xFF, 0xFF, 0xFF, 0xFF, 0xFF, 0xFF, 0xFF, 0xFF, 0xFF, 0xA0, 0x9A, 0xA3, 0x9E, 0x92, 0x8D, 0x83, 0x93, 0x93,
    0x8D, 0x95, 0x95, 0x95, 0x95, 0xBA, 0x94, 0x86, 0x8F, 0x95, 0xA5, 0xA6, 0xA7, 0x9D, 0x9D, 0x85, 0x81, 0x71, 0x69, 0x6A,
    0x71, 0x7E, 0x6F, 0x59, 0x71, 0x6A, 0x82, 0x71, 0x81, 0x8D, 0x86, 0x8B, 0x9A, 0x85, 0xED, 0xFF, 0xF6, 0xFF, 0xFF, 0xFF,
    0xFF, 0xFF, 0xFF, 0xFF, 0xFF, 0xFF, 0xFF, 0xFF, 0xFF, 0xFF, 0xFF, 0xFF, 0xFF, 0xFF, 0xFF, 0xFF, 0xFF, 0xFF, 0xFF, 0xFF,
    0xFF, 0xF9, 0xF1, 0xF6, 0xFD, 0xED, 0xBB, 0xAD, 0xBF, 0xBC, 0xBC, 0xA9, 0xA9, 0xBB, 0xBB, 0xB5, 0xA7, 0xB1, 0xB7, 0xBB,
    0xB3, 0xB5, 0xBC, 0xC6, 0xC7, 0xB1, 0xB1, 0xB9, 0xC1, 0xBA, 0xB4, 0xB2, 0xB8, 0xA0, 0xD6, 0xEE, 0xFD, 0xF4, 0xF6, 0xFA,
    0xF9, 0xFF, 0xFF, 0xFF, 0xFF, 0xFF, 0xFF, 0xFF, 0xFF, 0xFF, 0xFF, 0xFF, 0xFF, 0xFF, 0xFF, 0xFF, 0xFF, 0xFF, 0xFF, 0xFF,
    0xFF, 0xFF, 0xFF, 0xFF, 0xFE, 0xFE, 0xEF, 0xCF, 0xC9, 0xE1, 0xC7, 0xDA, 0xDB, 0xD9, 0xDF, 0xE0, 0xDF, 0xE0, 0xE0, 0xD0,
    0xD8, 0xD1, 0xDF, 0xDA, 0xCD, 0xDC, 0xDC, 0xE1, 0xE0, 0xE0, 0xE0, 0xDA, 0xDE, 0xD7, 0xE2, 0xDF, 0xD8, 0xD8, 0xE1, 0xDC,
    0xD8, 0xE0, 0xE6, 0xE3, 0xE4, 0xE4, 0xDC, 0xE5, 0xEA, 0xEA, 0xFF, 0xFF, 0xFF, 0xFF, 0xFF, 0xFF, 0xFF, 0xFF, 0xFF, 0xFF,
    0xFF, 0xFF, 0xFF, 0xFF, 0xFF, 0xFF, 0xFF, 0xFF, 0xFF, 0xFF, 0xFF, 0xFF, 0xFF, 0xFF, 0xFF, 0xFF, 0xFF, 0xFF, 0xFF, 0xFF,
    0xFF, 0xFF, 0xFF, 0xFF, 0xFF, 0xFF, 0xFF, 0xFF, 0xFF, 0xFF, 0xFF, 0xFF, 0xFF, 0xFF, 0xFF, 0xFF, 0xFF, 0xFF, 0xFF, 0xFF,
    0xFF, 0xFF, 0xFF, 0xFF, 0xFF, 0xFF, 0xFF, 0xFF, 0xFF, 0xFF, 0xFF, 0xFF, 0xA4, 0x9A, 0x9D, 0x8F, 0x92, 0x70, 0x81, 0x8C,
    0x83, 0x92, 0x9E, 0x95, 0x92, 0xAA, 0x95, 0x8B, 0x90, 0x92, 0x9B, 0xA5, 0xA7, 0x91, 0x8B, 0x85, 0x84, 0x8F, 0x56, 0x69,
    0x58, 0x4D, 0x71, 0x5F, 0x6A, 0x72, 0x8F, 0x72, 0x82, 0x95, 0x92, 0x85, 0x94, 0x94, 0xEF, 0xFF, 0xFA, 0xFF, 0xFF, 0xFF,
    0xFF, 0xFF, 0xFF, 0xFF, 0xFF, 0xFF, 0xFF, 0xFF, 0xFF, 0xFF, 0xFF, 0xFF, 0xFF, 0xFF, 0xFF, 0xFF, 0xFF, 0xFF, 0xFF, 0xFF,
    0xFF, 0xF5, 0xFC, 0xF0, 0xEB, 0xA3, 0xAA, 0xB8, 0xBD, 0xB9, 0xB3, 0xA8, 0xAA, 0xBE, 0xC2, 0xB6, 0xB2, 0xAB, 0xB6, 0xB5,
    0x9E, 0xB8, 0xAA, 0xB7, 0xCE, 0xB7, 0xBD, 0xB7, 0xCE, 0xC4, 0xBF, 0xBB, 0xBC, 0xD1, 0xC2, 0xBF, 0xEB, 0xF7, 0xFB, 0xF3,
    0xF9, 0xFF, 0xFF, 0xFF, 0xFF, 0xFF, 0xFF, 0xFF, 0xFF, 0xFF, 0xFF, 0xFF, 0xFF, 0xFF, 0xFF, 0xFF, 0xFF, 0xFF, 0xFF, 0xFF,
    0xFF, 0xFF, 0xFF, 0xFF, 0xFF, 0xF7, 0xFB, 0xEB, 0xC0, 0xD1, 0xCE, 0xD9, 0xDF, 0xE4, 0xE0, 0xCF, 0xD8, 0xE4, 0xE4, 0xD9,
    0xD9, 0xD9, 0xE4, 0xDF, 0xD8, 0xD8, 0xDE, 0xE3, 0xE0, 0xEA, 0xD9, 0xD8, 0xD8, 0xDA, 0xE1, 0xD4, 0xDA, 0xD9, 0xDF, 0xE3,
    0xDC, 0xE0, 0xDD, 0xDF, 0xDF, 0xE3, 0xE4, 0xE5, 0xEA, 0xFF, 0xFF, 0xFF, 0xFF, 0xFF, 0xFF, 0xFF, 0xFF, 0xFF, 0xFF, 0xFF,
    0xFF, 0xFF, 0xFF, 0xFF, 0xFF, 0xFF, 0xFF, 0xFF, 0xFF, 0xFF, 0xFF, 0xFF, 0xFF, 0xFF, 0xFF, 0xFF, 0xFF, 0xFF, 0xFF, 0xFF,
    0xFF, 0xFF, 0xFF, 0xFF, 0xFF, 0xFF, 0xFF, 0xFF, 0xFF, 0xFF, 0xFF, 0xFF, 0xFF, 0xFF, 0xFF, 0xFF, 0xFF, 0xFF, 0xFF, 0xFF,
    0xFF, 0xFF, 0xFF, 0xFF, 0xFF, 0xFF, 0xFF, 0xFF, 0xFF, 0xFF, 0xFF, 0xFF, 0xFF, 0x9A, 0xA9, 0x84, 0x8A, 0x85, 0x81, 0x83,
    0x83, 0x86, 0x85, 0x93, 0x94, 0x94, 0x94, 0x91, 0x9C, 0x9B, 0x8B, 0x9A, 0xA3, 0x9D, 0x94, 0x94, 0x8E, 0x8F, 0x7E, 0x69,
    0x69, 0x66, 0x71, 0x6F, 0x81, 0x84, 0x82, 0x80, 0x8B, 0x90, 0x86, 0x8F, 0x8F, 0xC7, 0xFC, 0xF6, 0xFF, 0xFF, 0xFF, 0xFF,
    0xFF, 0xFF, 0xFF, 0xFF, 0xFF, 0xFF, 0xFF, 0xFF, 0xFF, 0xFF, 0xFF, 0xFF, 0xFF, 0xFF, 0xFF, 0xFF, 0xFF, 0xFE, 0xFF, 0xFE,
    0xF2, 0xFF, 0xEF, 0xD6, 0xA9, 0xB1, 0xB3, 0xBB, 0xC0, 0xB4, 0xB4, 0xAB, 0xAA, 0xA7, 0xB5, 0xB9, 0xB4, 0xB2, 0xBC, 0xB1,
    0xAC, 0xBB, 0xB1, 0xA9, 0xAD, 0xB7, 0xB8, 0xBC, 0xB8, 0xB7, 0xBB, 0xC6, 0xC2, 0xC1, 0xC3, 0xD4, 0xC2, 0xE6, 0xEF, 0xFE,
    0xF4, 0xFF, 0xFF, 0xFF, 0xFF, 0xFF, 0xFF, 0xFF, 0xFF, 0xFF, 0xFF, 0xFF, 0xFF, 0xFF, 0xFF, 0xFF, 0xFF, 0xFF, 0xFF, 0xFF,
    0xFF, 0xFF, 0xFF, 0xFF, 0xFF, 0xF1, 0xFE, 0xED, 0xD2, 0xD5, 0xD0, 0xDE, 0xCC, 0xD7, 0xE0, 0xDD, 0xDF, 0xDA, 0xDA, 0xD8,
    0xD7, 0xD8, 0xD7, 0xDE, 0xD7, 0xD0, 0xDF, 0xE2, 0xE0, 0xE1, 0xDB, 0xD7, 0xD7, 0xD8, 0xCC, 0xCF, 0xDA, 0xD9, 0xE1, 0xDB,
    0xE0, 0xE4, 0xDF, 0xE4, 0xE2, 0xE4, 0xE4, 0xE9, 0xFF, 0xFF, 0xFF, 0xFF, 0xFF, 0xFF, 0xFF, 0xFF, 0xFF, 0xFF, 0xFF, 0xFF,
    0xFF, 0xFF, 0xFF, 0xFF, 0xFF, 0xFF, 0xFF, 0xFF, 0xFF, 0xFF, 0xFF, 0xFF, 0xFF, 0xFF, 0xFF, 0xFF, 0xFF, 0xFF, 0xFF, 0xFF,
    0xFF, 0xFF, 0xFF, 0xFF, 0xFF, 0xFF, 0xFF, 0xFF, 0xFF, 0xFF, 0xFF, 0xFF, 0xFF, 0xFF, 0xFF, 0xFF, 0xFF, 0xFF, 0xFF, 0xFF,
    0xFF, 0xFF, 0xFF, 0xFF, 0xFF, 0xFF, 0xFF, 0xFF, 0xFF, 0xFF, 0xFF, 0xFF, 0xFF, 0xFF, 0xA5, 0x94, 0x82, 0x8D, 0x8C, 0x71,
    0x83, 0x92, 0x92, 0x91, 0x95, 0x8F, 0x9C, 0xA6, 0x9E, 0x94, 0x8F, 0xA8, 0x9E, 0x8E, 0x92, 0x89, 0x86, 0x72, 0x81, 0x67,
    0x59, 0x6A, 0x6A, 0x66, 0x82, 0x8A, 0x82, 0x72, 0x9A, 0xA6, 0x8A, 0x87, 0x80, 0xEB, 0xFE, 0xF6, 0xFF, 0xFF, 0xFF, 0xFF,
    0xFF, 0xFF, 0xFF, 0xFF, 0xFF, 0xFF, 0xFF, 0xFF, 0xFF, 0xFF, 0xFF, 0xFF, 0xFF, 0xFF, 0xFF, 0xFF, 0xF7, 0xF7, 0xF5, 0xF6,
    0xFC, 0xED, 0xBC, 0xAF, 0xB9, 0xAF, 0xC4, 0xC5, 0xCE, 0xBB, 0xBA, 0xB4, 0xB5, 0xA9, 0xAC, 0xC4, 0xB9, 0xB4, 0xBC, 0xB2,
    0xB5, 0xBF, 0xB2, 0xB1, 0xAF, 0xAD, 0xB1, 0xCA, 0xC1, 0xB1, 0xB2, 0xC3, 0xC3, 0xBD, 0xCF, 0xCB, 0xD3, 0xCC, 0xDD, 0xEE,
    0xFF, 0xFB, 0xF6, 0xF5, 0xFF, 0xFF, 0xFF, 0xFF, 0xFF, 0xFF, 0xFF, 0xFF, 0xFF, 0xFF, 0xFF, 0xFF, 0xFF, 0xFF, 0xFF, 0xFF,
    0xFF, 0xFF, 0xFF, 0xFF, 0xFE, 0xF6, 0xFD, 0xEF, 0xD1, 0xD3, 0xCD, 0xCF, 0xD4, 0xCA, 0xDA, 0xD1, 0xDE, 0xBB, 0xD4, 0xD1,
    0xD8, 0xDE, 0xE0, 0xE4, 0xE1, 0xD6, 0xDF, 0xDF, 0xDC, 0xDE, 0xD4, 0xD8, 0xD7, 0xE1, 0xCC, 0xCF, 0xD4, 0xD3, 0xDA, 0xE2,
    0xE0, 0xE2, 0xE1, 0xE4, 0xE3, 0xDB, 0xE0, 0xFF, 0xFF, 0xFF, 0xFF, 0xFF, 0xFF, 0xFF, 0xFF, 0xFF, 0xFF, 0xFF, 0xFF, 0xFF,
    0xFF, 0xFF, 0xFF, 0xFF, 0xFF, 0xFF, 0xFF, 0xFF, 0xFF, 0xFF, 0xFF, 0xFF, 0xFF, 0xFF, 0xFF, 0xFF, 0xFF, 0xFF, 0xFF, 0xFF,
    0xFF, 0xFF, 0xFF, 0xFF, 0xFF, 0xFF, 0xFF, 0xFF, 0xFF, 0xFF, 0xFF, 0xFF, 0xFF, 0xFF, 0xFF, 0xFF, 0xFF, 0xFF, 0xFF, 0xFF,
    0xFF, 0xFF, 0xFF, 0xFF, 0xFF, 0xFF, 0xFF, 0xFF, 0xFF, 0xFF, 0xFF, 0xFF, 0xFF, 0xFF, 0xFF, 0xA8, 0x8F, 0x92, 0x8B, 0x81,
    0x83, 0x8D, 0xA5, 0xA6, 0x93, 0x94, 0x96, 0x93, 0x92, 0x91, 0x90, 0xAD, 0x9E, 0x8F, 0x8A, 0x8A, 0x85, 0x6F, 0x6F, 0x83,
    0x66, 0x56, 0x71, 0x59, 0x7E, 0x85, 0x83, 0x71, 0x8A, 0xA9, 0x9E, 0x85, 0x93, 0xEE, 0xFD, 0xFA, 0xFF, 0xFF, 0xFF, 0xFF,
    0xFF, 0xFF, 0xFF, 0xFF, 0xFF, 0xFF, 0xFF, 0xFF, 0xFF, 0xFF, 0xFF, 0xFF, 0xFF, 0xFF, 0xFF, 0xFF, 0xF7, 0xF1, 0xFC, 0xFB,
    0xEB, 0xBE, 0xBA, 0xBE, 0xAC, 0xAF, 0xBC, 0xBF, 0xBB, 0xBC, 0xB9, 0xB3, 0xB7, 0xAD, 0xBA, 0xB2, 0xB2, 0xB7, 0xB7, 0xB5,
    0xB5, 0xB7, 0xB5, 0xBC, 0xC3, 0xBB, 0xBC, 0xC0, 0xB3, 0xB1, 0xB6, 0xC9, 0xCA, 0xBD, 0xBD, 0xBD, 0xC5, 0xD4, 0xC2, 0xD0,
    0xED, 0xF3, 0xFC, 0xF1, 0xFA, 0xFF, 0xFF, 0xFF, 0xFF, 0xFF, 0xFF, 0xFF, 0xFF, 0xFF, 0xFF, 0xFF, 0xFF, 0xFF, 0xFF, 0xFF,
    0xFF, 0xFF, 0xFF, 0xFF, 0xFE, 0xFA, 0xF7, 0xF7, 0xE5, 0xCB, 0xCE, 0xBC, 0xD1, 0xD3, 0xD7, 0xDB, 0xD8, 0xB8, 0xD0, 0xCF,
    0xCC, 0xD0, 0xE1, 0xE0, 0xDA, 0xE3, 0xE3, 0xDB, 0xDC, 0xE2, 0xD5, 0xE3, 0xD3, 0xD8, 0xDB, 0xDA, 0xCC, 0xC3, 0xDC, 0xE1,
    0xE0, 0xDF, 0xDB, 0xDE, 0xE4, 0xE0, 0xFF, 0xFF, 0xFF, 0xFF, 0xFF, 0xFF, 0xFF, 0xFF, 0xFF, 0xFF, 0xFF, 0xFF, 0xFF, 0xFF,
    0xFF, 0xFF, 0xFF, 0xFF, 0xFF, 0xFF, 0xFF, 0xFF, 0xFF, 0xFF, 0xFF, 0xFF, 0xFF, 0xFF, 0xFF, 0xFF, 0xFF, 0xFF, 0xFF, 0xFF,
    0xFF, 0xFF, 0xFF, 0xFF, 0xFF, 0xFF, 0xFF, 0xFF, 0xFF, 0xFF, 0xFF, 0xFF, 0xFF, 0xFF, 0xFF, 0xFF, 0xFF, 0xFF, 0xFF, 0xFF,
    0xFF, 0xFF, 0xFF, 0xFF, 0xFF, 0xFF, 0xFF, 0xFF, 0xFF, 0xFF, 0xFF, 0xFF, 0xFF, 0xFF, 0xFF, 0xFF, 0x95, 0x91, 0x94, 0x9D,
    0x8F, 0x8D, 0x95, 0x94, 0x8B, 0x94, 0x8D, 0x92, 0x8B, 0x9C, 0xA7, 0xBA, 0xAA, 0x9A, 0x86, 0x85, 0x6F, 0x7E, 0x81, 0x70,
    0x69, 0x6B, 0x72, 0x7E, 0x82, 0x85, 0x85, 0x72, 0x89, 0xA5, 0x90, 0x6B, 0xBB, 0xFC, 0xF2, 0xFF, 0xFF, 0xFF, 0xFF, 0xFF,
    0xFF, 0xFF, 0xFF, 0xFF, 0xFF, 0xFF, 0xFF, 0xFF, 0xFF, 0xFF, 0xFF, 0xFF, 0xFF, 0xFF, 0xFF, 0xFA, 0xF1, 0xFC, 0xEF, 0xE6,
    0xAE, 0xAC, 0xAF, 0xAF, 0xBA, 0xB2, 0xB3, 0xB9, 0xC1, 0xCB, 0xB9, 0xB3, 0xBA, 0xAF, 0xB7, 0xB5, 0xBB, 0xB3, 0xBA, 0xBE,
    0xBA, 0xBA, 0xB9, 0xBB, 0xBA, 0xC1, 0xD1, 0xC6, 0xB5, 0xB2, 0xB6, 0xCA, 0xB6, 0xBC, 0xC1, 0xC3, 0xD2, 0xC0, 0xD0, 0xDE,
    0xC2, 0xE6, 0xEF, 0xFE, 0xF5, 0xF9, 0xFF, 0xFF, 0xFF, 0xFF, 0xFF, 0xFF, 0xFF, 0xFF, 0xFF, 0xFF, 0xFF, 0xFF, 0xFF, 0xFF,
    0xFF, 0xFF, 0xFF, 0xFF, 0xFF, 0xF6, 0xF5, 0xFF, 0xED, 0xC4, 0xD6, 0xB7, 0xCE, 0xD9, 0xD0, 0xD7, 0xC9, 0xBF, 0xD3, 0xBC,
    0xC3, 0xD5, 0xDD, 0xDA, 0xD8, 0xE2, 0xE4, 0xE0, 0xDD, 0xDD, 0xD9, 0xE0, 0xD2, 0xD7, 0xDA, 0xD1, 0xD3, 0xD3, 0xDC, 0xE0,
    0xDD, 0xE5, 0xDF, 0xDA, 0xE4, 0xFF, 0xFF, 0xFF, 0xFF, 0xFF, 0xFF, 0xFF, 0xFF, 0xFF, 0xFF, 0xFF, 0xFF, 0xFF, 0xFF, 0xFF,
    0xFF, 0xFF, 0xFF, 0xFF, 0xFF, 0xFF, 0xFF, 0xFF, 0xFF, 0xFF, 0xFF, 0xFF, 0xFF, 0xFF, 0xFF, 0xFF, 0xFF, 0xFF, 0xFF, 0xFF,
    0xFF, 0xFF, 0xFF, 0xFF, 0xFF, 0xFF, 0xFF, 0xFF, 0xFF, 0xFF, 0xFF, 0xFF, 0xFF, 0xFF, 0xFF, 0xFF, 0xFF, 0xFF, 0xFF, 0xFF,
    0xFF, 0xFF, 0xFF, 0xFF, 0xFF, 0xFF, 0xFF, 0xFF, 0xFF, 0xFF, 0xFF, 0xFF, 0xFF, 0xFF, 0xFF, 0xFF, 0xFF, 0x92, 0xA6, 0xAA,
    0x9C, 0xA6, 0x9C, 0x90, 0x8B, 0x91, 0x91, 0x94, 0x94, 0xA6, 0xA7, 0xA8, 0x9C, 0x91, 0x8A, 0x86, 0x89, 0x71, 0x66, 0x71,
    0x58, 0x71, 0x6A, 0x8A, 0x91, 0x94, 0x8F, 0x83, 0x9E, 0xAA, 0xA3, 0x81, 0xEB, 0xFF, 0xF1, 0xFE, 0xFF, 0xFF, 0xFF, 0xFF,
    0xFF, 0xFF, 0xFF, 0xFF, 0xFF, 0xFF, 0xFF, 0xFF, 0xFF, 0xFF, 0xFF, 0xFF, 0xFE, 0xF6, 0xF2, 0xF2, 0xFD, 0xEE, 0xD1, 0xBE,
    0xB9, 0x9C, 0x9E, 0xB9, 0xBB, 0xBB, 0xBE, 0xC4, 0xC7, 0xC7, 0xC1, 0xB2, 0xB3, 0xB3, 0xB1, 0xB2, 0xBF, 0xBB, 0xB5, 0xBA,
    0xA7, 0xBF, 0xD6, 0xD2, 0xBB, 0xCA, 0xBD, 0xCB, 0xCB, 0xB5, 0xB1, 0xCA, 0xBD, 0xB2, 0xB8, 0xBC, 0xBF, 0xC6, 0xC9, 0xD9,
    0xD3, 0xC9, 0xD1, 0xEE, 0xFC, 0xF4, 0xF4, 0xFF, 0xFF, 0xFF, 0xFF, 0xFF, 0xFF, 0xFF, 0xFF, 0xFF, 0xFF, 0xFF, 0xFF, 0xFF,
    0xFF, 0xFF, 0xFF, 0xFF, 0xFF, 0xFF, 0xF5, 0xFF, 0xEE, 0xCA, 0xCE, 0xCD, 0xC3, 0xD7, 0xCE, 0xC9, 0xAE, 0xAE, 0xCB, 0xC0,
    0xC7, 0xD1, 0xDC, 0xDE, 0xD9, 0xD6, 0xE1, 0xDC, 0xE1, 0xDC, 0xD1, 0xCD, 0xC7, 0xD5, 0xD4, 0xCF, 0xD9, 0xDB, 0xDD, 0xE7,
    0xE0, 0xDA, 0xE0, 0xDB, 0xFF, 0xFF, 0xFF, 0xFF, 0xFF, 0xFF, 0xFF, 0xFF, 0xFF, 0xFF, 0xFF, 0xFF, 0xFF, 0xFF, 0xFF, 0xFF,
    0xFF, 0xFF, 0xFF, 0xFF, 0xFF, 0xFF, 0xFF, 0xFF, 0xFF, 0xFF, 0xFF, 0xFF, 0xFF, 0xFF, 0xFF, 0xFF, 0xFF, 0xFF, 0xFF, 0xFF,
    0xFF, 0xFF, 0xFF, 0xFF, 0xFF, 0xFF, 0xFF, 0xFF, 0xFF, 0xFF, 0xFF, 0xFF, 0xFF, 0xFF, 0xFF, 0xFF, 0xFF, 0xFF, 0xFF, 0xFF,
    0xFF, 0xFF, 0xFF, 0xFF, 0xFF, 0xFF, 0xFF, 0xFF, 0xFF, 0xFF, 0xFF, 0xFF, 0xFF, 0xFF, 0xFF, 0xFF, 0xFF, 0xFF, 0x90, 0x9C,
    0x93, 0x9D, 0xA6, 0x8E, 0x92, 0x94, 0x8D, 0x81, 0x94, 0xA3, 0xB4, 0xA8, 0xB1, 0x9D, 0x7A, 0x8B, 0x8E, 0x83, 0x6A, 0x7E,
    0x83, 0x85, 0x71, 0x6E, 0x8A, 0xA7, 0xA3, 0x8D, 0xA9, 0xA7, 0x9E, 0x92, 0xEE, 0xFE, 0xF4, 0xFF, 0xFF, 0xFF, 0xFF, 0xFF,
    0xFF, 0xFF, 0xFF, 0xFF, 0xFF, 0xFF, 0xFF, 0xFF, 0xFF, 0xFF, 0xFF, 0xFF, 0xFF, 0xF2, 0xFD, 0xF7, 0xEB, 0xB9, 0xC5, 0xDD,
    0xC4, 0xC1, 0xBE, 0xC4, 0xB3, 0xB5, 0xB3, 0xC5, 0xCD, 0xD1, 0xC1, 0xB5, 0xB2, 0xB5, 0xB4, 0xB4, 0xB2, 0xB7, 0xBF, 0xB3,
    0xA9, 0xB8, 0xBF, 0xB9, 0xB4, 0xB8, 0xBC, 0xC1, 0xB8, 0xB8, 0xB7, 0xCB, 0xC9, 0xB1, 0xB8, 0xB7, 0xBA, 0xBB, 0xBD, 0xBF,
    0xCD, 0xC2, 0xBC, 0xC7, 0xED, 0xF3, 0xFD, 0xF5, 0xFF, 0xFF, 0xFF, 0xFF, 0xFF, 0xFF, 0xFF, 0xFF, 0xFF, 0xFF, 0xFF, 0xFF,
    0xFF, 0xFF, 0xFF, 0xFF, 0xFF, 0xFF, 0xFF, 0xFF, 0xF0, 0xE4, 0xCA, 0xC6, 0xCF, 0xD3, 0xC5, 0xD2, 0xC0, 0xB7, 0xCC, 0xC3,
    0xBD, 0xCA, 0xBE, 0xC5, 0xCE, 0xD9, 0xD3, 0xD8, 0xD3, 0xD6, 0xDB, 0xCA, 0xCE, 0xC5, 0xD0, 0xD7, 0xD9, 0xE0, 0xE4, 0xE7,
    0xE0, 0xDA, 0xE0, 0xFF, 0xFF, 0xFF, 0xFF, 0xFF, 0xFF, 0xFF, 0xFF, 0xFF, 0xFF, 0xFF, 0xFF, 0xFF, 0xFF, 0xFF, 0xFF, 0xFF,
    0xFF, 0xFF, 0xFF, 0xFF, 0xFF, 0xFF, 0xFF, 0xFF, 0xFF, 0xFF, 0xFF, 0xFF, 0xFF, 0xFF, 0xFF, 0xFF, 0xFF, 0xFF, 0xFF, 0xFF,
    0xFF, 0xFF, 0xFF, 0xFF, 0xFF, 0xFF, 0xFF, 0xFF, 0xFF, 0xFF, 0xFF, 0xFF, 0xFF, 0xFF, 0xFF, 0xFF, 0xFF, 0xFF, 0xFF, 0xFF,
    0xFF, 0xFF, 0xFF, 0xFF, 0xFF, 0xFF, 0xFF, 0xFF, 0xFF, 0xFF, 0xFF, 0xFF, 0xFF, 0xFF, 0xFF, 0xFF, 0xFF, 0xFF, 0xFF, 0x92,
    0x8F, 0x8F, 0x94, 0x93, 0x8F, 0x9D, 0x94, 0x89, 0x9D, 0xA5, 0xB1, 0xAA, 0xA8, 0xA8, 0xA8, 0x9E, 0x8B, 0x82, 0x81, 0x7E,
    0x81, 0x8D, 0x8C, 0x8C, 0x81, 0x9B, 0x9A, 0x8F, 0xA8, 0xA6, 0x93, 0xB9, 0xF0, 0xF4, 0xF3, 0xFF, 0xFF, 0xFF, 0xFF, 0xFF,
    0xFF, 0xFF, 0xFF, 0xFF, 0xFF, 0xFF, 0xFF, 0xFF, 0xFF, 0xFF, 0xFF, 0xFE, 0xF6, 0xFE, 0xEF, 0xE3, 0xA0, 0xC4, 0xD1, 0xC7,
    0xC7, 0xD5, 0xBE, 0xBA, 0xBE, 0xB9, 0xBE, 0xC5, 0xC0, 0xD4, 0xC5, 0xAD, 0xB5, 0xB4, 0xBA, 0xB9, 0xB7, 0xB2, 0xAF, 0xB9,
    0xC1, 0xAD, 0xBC, 0xC5, 0xBF, 0xBC, 0xBC, 0xC1, 0xB8, 0xC2, 0xC1, 0xBD, 0xBC, 0xBC, 0xBB, 0xCB, 0xBF, 0xBA, 0xC9, 0xB8,
    0xD7, 0xCB, 0xBC, 0xC1, 0xBD, 0xE4, 0xEF, 0xFF, 0xF6, 0xFF, 0xFF, 0xFF, 0xFF, 0xFF, 0xFF, 0xFF, 0xFF, 0xFF, 0xFF, 0xFF,
    0xFF, 0xFF, 0xFF, 0xFF, 0xFF, 0xFF, 0xFF, 0xF6, 0xFE, 0xEB, 0xC9, 0xCF, 0xD1, 0xD1, 0xDB, 0xDB, 0xDA, 0xCA, 0xC1, 0xBA,
    0xBB, 0xBD, 0xC1, 0xC6, 0xC2, 0xCC, 0xCB, 0xCA, 0xCB, 0xCF, 0xCB, 0xC2, 0xBD, 0xC2, 0xC3, 0xCD, 0xD4, 0xDA, 0xE2, 0xE1,
    0xE0, 0xDF, 0xFF, 0xFF, 0xFF, 0xFF, 0xFF, 0xFF, 0xFF, 0xFF, 0xFF, 0xFF, 0xFF, 0xFF, 0xFF, 0xFF, 0xFF, 0xFF, 0xFF, 0xFF,
    0xFF, 0xFF, 0xFF, 0xFF, 0xFF, 0xFF, 0xFF, 0xFF, 0xFF, 0xFF, 0xFF, 0xFF, 0xFF, 0xFF, 0xFF, 0xFF, 0xFF, 0xFF, 0xFF, 0xFF,
    0xFF, 0xFF, 0xFF, 0xFF, 0xFF, 0xFF, 0xFF, 0xFF, 0xFF, 0xFF, 0xFF, 0xFF, 0xFF, 0xFF, 0xFF, 0xFF, 0xFF, 0xFF, 0xFF, 0xFF,
    0xFF, 0xFF, 0xFF, 0xFF, 0xFF, 0xFF, 0xFF, 0xFF, 0xFF, 0xFF, 0xFF, 0xFF, 0xFF, 0xFF, 0xFF, 0xFF, 0xFF, 0xFF, 0xFF, 0xFF,
    0x95, 0x93, 0x93, 0x95, 0xA6, 0x9E, 0x92, 0x9D, 0x94, 0xAD, 0xA6, 0xA6, 0x9C, 0x9E, 0xA6, 0x9E, 0xA6, 0x94, 0x85, 0x85,
    0x80, 0x8D, 0x85, 0x8F, 0x83, 0x92, 0x8B, 0x83, 0x92, 0x94, 0x86, 0xE6, 0xFD, 0xF3, 0xFE, 0xFF, 0xFF, 0xFF, 0xFF, 0xFF,
    0xFF, 0xFF, 0xFF, 0xFF, 0xFF, 0xFF, 0xFF, 0xFF, 0xFE, 0xFB, 0xF4, 0xF6, 0xFD, 0xEE, 0xB9, 0xAC, 0xC7, 0xC7, 0xC4, 0xC4,
    0xD1, 0xD1, 0xC6, 0xAF, 0xBE, 0xC4, 0xBE, 0xBF, 0xBB, 0xCB, 0xBB, 0xB5, 0xB1, 0xB3, 0xB3, 0xC0, 0xBB, 0xAA, 0xB4, 0xCA,
    0xC0, 0xBB, 0xB2, 0xB5, 0xBF, 0xC2, 0xB8, 0xC0, 0xC1, 0xB5, 0xBC, 0xB7, 0xB5, 0xC9, 0xBD, 0xBD, 0xBC, 0xC3, 0xCE, 0xB7,
    0xCC, 0xD8, 0xC2, 0xD4, 0xD1, 0xCE, 0xD5, 0xEE, 0xFF, 0xF5, 0xF3, 0xF8, 0xF7, 0xFF, 0xFF, 0xFF, 0xFF, 0xFF, 0xFF, 0xFF,
    0xFF, 0xFF, 0xFF, 0xFF, 0xFF, 0xFF, 0xFF, 0xF8, 0xFD, 0xEE, 0xC1, 0xD3, 0xD5, 0xDD, 0xDF, 0xD6, 0xDB, 0xD4, 0xCB, 0xBF,
    0xC3, 0xD4, 0xCA, 0xCB, 0xC7, 0xD0, 0xCC, 0xD1, 0xD4, 0xCB, 0xCB, 0xCF, 0xBC, 0xBC, 0xCB, 0xDB, 0xD9, 0xDB, 0xDC, 0xD5,
    0xDD, 0xFF, 0xFF, 0xFF, 0xFF, 0xFF, 0xFF, 0xFF, 0xFF, 0xFF, 0xFF, 0xFF, 0xFF, 0xFF, 0xFF, 0xFF, 0xFF, 0xFF, 0xFF, 0xFF,
    0xFF, 0xFF, 0xFF, 0xFF, 0xFF, 0xFF, 0xFF, 0xFF, 0xFF, 0xFF, 0xFF, 0xFF, 0xFF, 0xFF, 0xFF, 0xFF, 0xFF, 0xFF, 0xFF, 0xFF,
    0xFF, 0xFF, 0xFF, 0xFF, 0xFF, 0xFF, 0xFF, 0xFF, 0xFF, 0xFF, 0xFF, 0xFF, 0xFF, 0xFF, 0xFF, 0xFF, 0xFF, 0xFF, 0xFF, 0xFF,
    0xFF, 0xFF, 0xFF, 0xFF, 0xFF, 0xFF, 0xFF, 0xFF, 0xFF, 0xFF, 0xFF, 0xFF, 0xFF, 0xFF, 0xFF, 0xFF, 0xFF, 0xFF, 0xFF, 0xFF,
    0xFF, 0x8D, 0x95, 0x96, 0xA9, 0x96, 0x8B, 0x92, 0x92, 0xB2, 0xAB, 0x9B, 0x94, 0x8F, 0x94, 0x95, 0xA9, 0x9D, 0x95, 0x8C,
    0x81, 0x81, 0x94, 0x94, 0x92, 0x92, 0x86, 0x93, 0x8D, 0x93, 0x93, 0xED, 0xFF, 0xF5, 0xFE, 0xFF, 0xFF, 0xFF, 0xFF, 0xFF,
    0xFF, 0xFF, 0xFF, 0xFF, 0xFF, 0xFF, 0xFF, 0xFF, 0xFE, 0xF3, 0xFC, 0xF4, 0xEB, 0xA3, 0xAC, 0xB9, 0xC6, 0xBE, 0xC6, 0xC7,
    0xC4, 0xCE, 0xBF, 0xAD, 0xAF, 0xC2, 0xB9, 0xBE, 0xC1, 0xBD, 0xB1, 0xB7, 0xBC, 0xBB, 0xC1, 0xC3, 0xBC, 0xBB, 0xAD, 0xBC,
    0xBC, 0xB8, 0xB3, 0xB6, 0xBB, 0xCE, 0xB7, 0xC9, 0xB8, 0xB7, 0xB6, 0xB2, 0xBB, 0xBC, 0xBD, 0xC1, 0xC1, 0xC2, 0xC3, 0xBD,
    0xBD, 0xB7, 0xC1, 0xB7, 0xBC, 0xCD, 0xD7, 0xDD, 0xED, 0xF0, 0xFC, 0xF3, 0xF9, 0xFF, 0xFF, 0xFF, 0xFF, 0xFF, 0xFF, 0xFF,
    0xFF, 0xFF, 0xFF, 0xFF, 0xFF, 0xFF, 0xFF, 0xFA, 0xFA, 0xF0, 0xE7, 0xCE, 0xD5, 0xD8, 0xE0, 0xD5, 0xCB, 0xD4, 0xCF, 0xBD,
    0xBC, 0xD1, 0xD4, 0xD3, 0xD8, 0xCC, 0xD0, 0xD1, 0xC6, 0xCB, 0xD4, 0xC2, 0xCA, 0xC2, 0xCF, 0xD9, 0xDB, 0xE0, 0xE2, 0xD3,
    0xFF, 0xFF, 0xFF, 0xFF, 0xFF, 0xFF, 0xFF, 0xFF, 0xFF, 0xFF, 0xFF, 0xFF, 0xFF, 0xFF, 0xFF, 0xFF, 0xFF, 0xFF, 0xFF, 0xFF,
    0xFF, 0xFF, 0xFF, 0xFF, 0xFF, 0xFF, 0xFF, 0xFF, 0xFF, 0xFF, 0xFF, 0xFF, 0xFF, 0xFF, 0xFF, 0xFF, 0xFF, 0xFF, 0xFF, 0xFF,
    0xFF, 0xFF, 0xFF, 0xFF, 0xFF, 0xFF, 0xFF, 0xFF, 0xFF, 0xFF, 0xFF, 0xFF, 0xFF, 0xFF, 0xFF, 0xFF, 0xFF, 0xFF, 0xFF, 0xFF,
    0xFF, 0xFF, 0xFF, 0xFF, 0xFF, 0xFF, 0xFF, 0xFF, 0xFF, 0xFF, 0xFF, 0xFF, 0xFF, 0xFF, 0xFF, 0xFF, 0xFF, 0xFF, 0xFF, 0xFF,
    0xFF, 0xFF, 0xA6, 0x94, 0xA6, 0x8F, 0x7E, 0x8B, 0x8F, 0x8C, 0x92, 0x84, 0x8F, 0x92, 0xA6, 0x90, 0x95, 0x9E, 0x91, 0x7E,
    0x80, 0x8D, 0x94, 0x95, 0x9E, 0x92, 0x85, 0x96, 0x96, 0x95, 0xB9, 0xEF, 0xFC, 0xFA, 0xFE, 0xFF, 0xFF, 0xFF, 0xFF, 0xFF,
    0xFF, 0xFF, 0xFF, 0xFF, 0xFF, 0xFF, 0xFE, 0xFA, 0xF4, 0xFE, 0xEF, 0xD6, 0xA6, 0xAA, 0xCD, 0xC1, 0xBF, 0xBB, 0xBB, 0xC1,
    0xBB, 0xBA, 0xAA, 0xAA, 0xAB, 0xB4, 0xB7, 0xAF, 0xB8, 0xB8, 0xB4, 0xB4, 0xBF, 0xC1, 0xBC, 0xAF, 0xC1, 0xB7, 0xB3, 0xBC,
    0xB4, 0xBF, 0xC5, 0xBC, 0xC2, 0xC7, 0xBC, 0xC9, 0xC1, 0xBC, 0xB6, 0xAA, 0xB9, 0xB7, 0xB7, 0xBC, 0xC2, 0xC9, 0xC1, 0xBC,
    0xB5, 0xB1, 0xB6, 0xB5, 0xB4, 0xAE, 0xD2, 0xDD, 0xCE, 0xE6, 0xEF, 0xFE, 0xF2, 0xFA, 0xFF, 0xFF, 0xFF, 0xFF, 0xFF, 0xFF,
    0xFF, 0xFF, 0xFF, 0xFF, 0xFF, 0xFF, 0xFF, 0xFF, 0xF3, 0xFE, 0xEB, 0xCE, 0xCB, 0xCF, 0xD9, 0xD2, 0xD8, 0xCF, 0xD6, 0xD1,
    0xCF, 0xDD, 0xD2, 0xDF, 0xCF, 0xCF, 0xC6, 0xD1, 0xD4, 0xD0, 0xC6, 0xC1, 0xCE, 0xCD, 0xD0, 0xD9, 0xD9, 0xDD, 0xE0, 0xFF,
    0xFF, 0xFF, 0xFF, 0xFF, 0xFF, 0xFF, 0xFF, 0xFF, 0xFF, 0xFF, 0xFF, 0xFF, 0xFF, 0xFF, 0xFF, 0xFF, 0xFF, 0xFF, 0xFF, 0xFF,
    0xFF, 0xFF, 0xFF, 0xFF, 0xFF, 0xFF, 0xFF, 0xFF, 0xFF, 0xFF, 0xFF, 0xFF, 0xFF, 0xFF, 0xFF, 0xFF, 0xFF, 0xFF, 0xFF, 0xFF,
    0xFF, 0xFF, 0xFF, 0xFF, 0xFF, 0xFF, 0xFF, 0xFF, 0xFF, 0xFF, 0xFF, 0xFF, 0xFF, 0xFF, 0xFF, 0xFF, 0xFF, 0xFF, 0xFF, 0xFF,
    0xFF, 0xFF, 0xFF, 0xFF, 0xFF, 0xFF, 0xFF, 0xFF, 0xFF, 0xFF, 0xFF, 0xFF, 0xFF, 0xFF, 0xFF, 0xFF, 0xFF, 0xFF, 0xFF, 0xFF,
    0xFF, 0xFF, 0xFF, 0xFF, 0x92, 0x93, 0x71, 0x82, 0x8E, 0x8C, 0x7D, 0x7E, 0x8C, 0x86, 0x8E, 0xA8, 0x8D, 0x8D, 0x92, 0x83,
    0x80, 0x81, 0x82, 0x92, 0x8D, 0x8D, 0x8F, 0x9E, 0x95, 0x8C, 0xE3, 0xFC, 0xF2, 0xFF, 0xFF, 0xFF, 0xFF, 0xFF, 0xFF, 0xFF,
    0xFF, 0xFF, 0xFF, 0xFE, 0xF7, 0xF5, 0xF3, 0xF1, 0xFD, 0xEE, 0xB9, 0x9E, 0xAD, 0xAA, 0xBE, 0xB3, 0xC1, 0xBA, 0xAF, 0xBC,
    0xBA, 0xAE, 0xA9, 0xA9, 0xAA, 0xAD, 0x9C, 0xAC, 0xAF, 0xBA, 0xC3, 0xC1, 0xB5, 0xB2, 0xB1, 0xAA, 0xBA, 0xBF, 0xBA, 0xC6,
    0xC4, 0xC4, 0xAF, 0xB4, 0xB7, 0xCC, 0xB8, 0xB5, 0xB1, 0xB5, 0xB5, 0xB1, 0xCA, 0xB5, 0xB1, 0xC9, 0xC3, 0xC9, 0xCB, 0xCA,
    0xC9, 0xB8, 0xAD, 0xCB, 0xB3, 0xAD, 0xBC, 0xBC, 0xC5, 0xCB, 0xDB, 0xED, 0xFC, 0xF3, 0xF1, 0xF6, 0xFF, 0xFF, 0xFF, 0xFF,
    0xFF, 0xFF, 0xFF, 0xFF, 0xFF, 0xFF, 0xFF, 0xFE, 0xF4, 0xFE, 0xEE, 0xCB, 0xD3, 0xDC, 0xCD, 0xC9, 0xD9, 0xCA, 0xBD, 0xD5,
    0xD8, 0xDE, 0xD2, 0xCE, 0xCD, 0xDB, 0xC6, 0xD4, 0xCD, 0xC3, 0xC5, 0xC7, 0xD0, 0xD3, 0xD0, 0xD8, 0xD8, 0xFF, 0xFF, 0xFF,
    0xFF, 0xFF, 0xFF, 0xFF, 0xFF, 0xFF, 0xFF, 0xFF, 0xFF, 0xFF, 0xFF, 0xFF, 0xFF, 0xFF, 0xFF, 0xFF, 0xFF, 0xFF, 0xFF, 0xFF,
    0xFF, 0xFF, 0xFF, 0xFF, 0xFF, 0xFF, 0xFF, 0xFF, 0xFF, 0xFF, 0xFF, 0xFF, 0xFF, 0xFF, 0xFF, 0xFF, 0xFF, 0xFF, 0xFF, 0xFF,
    0xFF, 0xFF, 0xFF, 0xFF, 0xFF, 0xFF, 0xFF, 0xFF, 0xFF, 0xFF, 0xFF, 0xFF, 0xFF, 0xFF, 0xFF, 0xFF, 0xFF, 0xFF, 0xFF, 0xFF,
    0xFF, 0xFF, 0xFF, 0xFF, 0xFF, 0xFF, 0xFF, 0xFF, 0xFF, 0xFF, 0xFF, 0xFF, 0xFF, 0xFF, 0xFF, 0xFF, 0xFF, 0xFF, 0xFF, 0xFF,
    0xFF, 0xFF, 0xFF, 0xFF, 0xFF, 0x95, 0x82, 0x8A, 0x94, 0xA9, 0x8B, 0x7E, 0x8F, 0x86, 0x8F, 0x9E, 0x72, 0x8C, 0x83, 0x71,
    0x7E, 0x85, 0x81, 0x8D, 0x83, 0x72, 0x85, 0x8F, 0x93, 0x8E, 0xED, 0xFC, 0xF5, 0xFF, 0xFF, 0xFF, 0xFF, 0xFF, 0xFF, 0xFF,
    0xFF, 0xFF, 0xFF, 0xFF, 0xF9, 0xF2, 0xFB, 0xF7, 0xEB, 0xAB, 0x95, 0xA3, 0xBA, 0xBA, 0xBE, 0xB4, 0xCF, 0xC4, 0xBF, 0xC3,
    0xC3, 0xAB, 0xB2, 0xAF, 0xB1, 0xA9, 0x94, 0xA7, 0xAE, 0xB9, 0xC3, 0xC6, 0xB7, 0xB7, 0xB5, 0xB2, 0xB7, 0xC0, 0xAD, 0xC2,
    0xBE, 0xC6, 0xC3, 0xBB, 0xC1, 0xBC, 0xBC, 0xAD, 0xB1, 0xB7, 0xB3, 0xBB, 0xC4, 0xC1, 0xB8, 0xBB, 0xC3, 0xC3, 0xD2, 0xC3,
    0xC1, 0xC1, 0xC0, 0xDA, 0xC1, 0xC9, 0xC0, 0xB7, 0xC3, 0xC2, 0xCA, 0xCF, 0xEB, 0xF0, 0xFF, 0xF1, 0xFF, 0xFF, 0xFF, 0xFF,
    0xFF, 0xFF, 0xFF, 0xFF, 0xFF, 0xFF, 0xFF, 0xFF, 0xF5, 0xFC, 0xF0, 0xDB, 0xD2, 0xD6, 0xD3, 0xC6, 0xC2, 0xCB, 0xCA, 0xD8,
    0xD1, 0xD6, 0xE5, 0xCD, 0xD0, 0xDA, 0xD1, 0xD1, 0xD1, 0xC7, 0xD1, 0xD6, 0xD9, 0xDC, 0xDD, 0xCD, 0xFF, 0xFF, 0xFF, 0xFF,
    0xFF, 0xFF, 0xFF, 0xFF, 0xFF, 0xFF, 0xFF, 0xFF, 0xFF, 0xFF, 0xFF, 0xFF, 0xFF, 0xFF, 0xFF, 0xFF, 0xFF, 0xFF, 0xFF, 0xFF,
    0xFF, 0xFF, 0xFF, 0xFF, 0xFF, 0xFF, 0xFF, 0xFF, 0xFF, 0xFF, 0xFF, 0xFF, 0xFF, 0xFF, 0xFF, 0xFF, 0xFF, 0xFF, 0xFF, 0xFF,
    0xFF, 0xFF, 0xFF, 0xFF, 0xFF, 0xFF, 0xFF, 0xFF, 0xFF, 0xFF, 0xFF, 0xFF, 0xFF, 0xFF, 0xFF, 0xFF, 0xFF, 0xFF, 0xFF, 0xFF,
    0xFF, 0xFF, 0xFF, 0xFF, 0xFF, 0xFF, 0xFF, 0xFF, 0xFF, 0xFF, 0xFF, 0xFF, 0xFF, 0xFF, 0xFF, 0xFF, 0xFF, 0xFF, 0xFF, 0xFF,
    0xFF, 0xFF, 0xFF, 0xFF, 0xFF, 0xFF, 0x8B, 0x8D, 0x8B, 0x94, 0x93, 0x9E, 0x94, 0x86, 0x8B, 0x9D, 0x71, 0x6F, 0x72, 0x67,
    0x6A, 0x83, 0x83, 0x84, 0x6B, 0x83, 0x80, 0x83, 0x93, 0xA5, 0xEF, 0xFB, 0xF5, 0xFF, 0xFE, 0xFF, 0xFF, 0xFF, 0xFF, 0xFF,
    0xFF, 0xFF, 0xFF, 0xFF, 0xF5, 0xFD, 0xEF, 0xE4, 0xAA, 0xA8, 0xA9, 0xA5, 0xB8, 0xBA, 0xBA, 0xB5, 0xCE, 0xD9, 0xCF, 0xCC,
    0xCD, 0xBA, 0xAA, 0xAF, 0xB9, 0xB2, 0x9B, 0xA6, 0xB4, 0xBC, 0xB3, 0xC6, 0xB3, 0xAF, 0xA8, 0xAD, 0xBB, 0xB9, 0xAD, 0xC2,
    0xB8, 0xBC, 0xB7, 0xC2, 0xC1, 0xBC, 0xBC, 0xBA, 0xAF, 0xB4, 0xB2, 0xB7, 0xC0, 0xCB, 0xC1, 0xB7, 0xBD, 0xCA, 0xCE, 0xCB,
    0xCB, 0xC5, 0xDC, 0xDD, 0xD1, 0xB7, 0xC0, 0xBA, 0xB9, 0xBD, 0xC4, 0xD6, 0xD0, 0xDD, 0xEF, 0xFF, 0xF7, 0xFA, 0xFF, 0xFF,
    0xFF, 0xFF, 0xFF, 0xFF, 0xFF, 0xFF, 0xFF, 0xFF, 0xFB, 0xF5, 0xFC, 0xEB, 0xC6, 0xDB, 0xD5, 0xD1, 0xD3, 0xD9, 0xD3, 0xCF,
    0xD4, 0xD1, 0xDB, 0xD3, 0xD7, 0xD8, 0xE0, 0xDA, 0xD3, 0xD9, 0xD8, 0xDF, 0xDC, 0xD9, 0xD8, 0xFF, 0xFF, 0xFF, 0xFF, 0xFF,
    0xFF, 0xFF, 0xFF, 0xFF, 0xFF, 0xFF, 0xFF, 0xFF, 0xFF, 0xFF, 0xFF, 0xFF, 0xFF, 0xFF, 0xFF, 0xFF, 0xFF, 0xFF, 0xFF, 0xFF,
    0xFF, 0xFF, 0xFF, 0xFF, 0xFF, 0xFF, 0xFF, 0xFF, 0xFF, 0xFF, 0xFF, 0xFF, 0xFF, 0xFF, 0xFF, 0xFF, 0xFF, 0xFF, 0xFF, 0xFF,
    0xFF, 0xFF, 0xFF, 0xFF, 0xFF, 0xFF, 0xFF, 0xFF, 0xFF, 0xFF, 0xFF, 0xFF, 0xFF, 0xFF, 0xFF, 0xFF, 0xFF, 0xFF, 0xFF, 0xFF,
    0xFF, 0xFF, 0xFF, 0xFF, 0xFF, 0xFF, 0xFF, 0xFF, 0xFF, 0xFF, 0xFF, 0xFF, 0xFF, 0xFF, 0xFF, 0xFF, 0xFF, 0xFF, 0xFF, 0xFF,
    0xFF, 0xFF, 0xFF, 0xFF, 0xFF, 0xFF, 0xFF, 0x86, 0x8A, 0x92, 0x9E, 0x9E, 0xA9, 0x92, 0x8F, 0x94, 0x71, 0x71, 0x6A, 0x71,
    0x8F, 0x8C, 0x9E, 0x9D, 0x93, 0x8D, 0x93, 0x95, 0x8D, 0xC3, 0xFE, 0xF5, 0xFF, 0xFF, 0xFF, 0xFF, 0xFF, 0xFF, 0xFF, 0xFF,
    0xFD, 0xF1, 0xF4, 0xF1, 0xFC, 0xEE, 0xD1, 0xAA, 0xB3, 0xB3, 0xB5, 0xB2, 0xC1, 0xB7, 0xB4, 0xC0, 0xC3, 0xD2, 0xD5, 0xC5,
    0xD3, 0xC5, 0xB4, 0xC7, 0xC1, 0xAA, 0xA3, 0xAC, 0xB2, 0xB6, 0xB8, 0xBA, 0xB4, 0xB2, 0xB2, 0xBA, 0xC2, 0xC1, 0xAA, 0xB7,
    0xCF, 0xB3, 0xB8, 0xBF, 0xB4, 0xB5, 0xB8, 0xB3, 0xCF, 0xBB, 0x96, 0xB6, 0xBD, 0xC9, 0xC9, 0xC2, 0xC2, 0xCA, 0xCD, 0xCB,
    0xC1, 0xC2, 0xCC, 0xD9, 0xD6, 0xCA, 0xDE, 0xD7, 0xD7, 0xCF, 0xD8, 0xD9, 0xBB, 0xC1, 0xD5, 0xED, 0xFD, 0xF7, 0xF1, 0xFF,
    0xFF, 0xFF, 0xFF, 0xFF, 0xFF, 0xFF, 0xFF, 0xFF, 0xFF, 0xF6, 0xFF, 0xED, 0xAB, 0xC5, 0xCD, 0xC0, 0xC4, 0xD4, 0xD9, 0xD8,
    0xDF, 0xE3, 0xCB, 0xBC, 0xDB, 0xD3, 0xD9, 0xD4, 0xCC, 0xD9, 0xE1, 0xDF, 0xD8, 0xD8, 0xFF, 0xFF, 0xFF, 0xFF, 0xFF, 0xFF,
    0xFF, 0xFF, 0xFF, 0xFF, 0xFF, 0xFF, 0xFF, 0xFF, 0xFF, 0xFF, 0xFF, 0xFF, 0xFF, 0xFF, 0xFF, 0xFF, 0xFF, 0xFF, 0xFF, 0xFF,
    0xFF, 0xFF, 0xFF, 0xFF, 0xFF, 0xFF, 0xFF, 0xFF, 0xFF, 0xFF, 0xFF, 0xFF, 0xFF, 0xFF, 0xFF, 0xFF, 0xFF, 0xFF, 0xFF, 0xFF,
    0xFF, 0xFF, 0xFF, 0xFF, 0xFF, 0xFF, 0xFF, 0xFF, 0xFF, 0xFF, 0xFF, 0xFF, 0xFF, 0xFF, 0xFF, 0xFF, 0xFF, 0xFF, 0xFF, 0xFF,
    0xFF, 0xFF, 0xFF, 0xFF, 0xFF, 0xFF, 0xFF, 0xFF, 0xFF, 0xFF, 0xFF, 0xFF, 0xFF, 0xFF, 0xFF, 0xFF, 0xFF, 0xFF, 0xFF, 0xFF,
    0xFF, 0xFF, 0xFF, 0xFF, 0xFF, 0xFF, 0xFF, 0xFF, 0xFF, 0x9C, 0xAA, 0xAD, 0x9E, 0x83, 0x84, 0x8B, 0x72, 0x83, 0x8C, 0x83,
    0x82, 0x93, 0x9C, 0xA3, 0xA8, 0x96, 0x8F, 0x8D, 0x77, 0xEB, 0xFF, 0xF1, 0xFF, 0xFF, 0xFF, 0xFF, 0xFF, 0xFF, 0xFF, 0xFF,
    0xFF, 0xF1, 0xFE, 0xFC, 0xEB, 0xB9, 0xC0, 0xB4, 0xAD, 0xB2, 0xAA, 0xAD, 0xB4, 0xB3, 0xBE, 0xD5, 0xBB, 0xC0, 0xC5, 0xC3,
    0xC6, 0xC5, 0xBE, 0xC7, 0xB7, 0xA9, 0xB4, 0xB4, 0xB6, 0xBC, 0xB9, 0xBC, 0xBB, 0xB7, 0xB6, 0xB2, 0xC9, 0xC0, 0xAC, 0xB3,
    0xD3, 0xB3, 0xAD, 0xB4, 0xB7, 0xB7, 0xBC, 0xB9, 0xC6, 0xCA, 0xB7, 0xBB, 0xBB, 0xCC, 0xB7, 0xCE, 0xCE, 0xCB, 0xD3, 0xCF,
    0xC2, 0xD7, 0xBD, 0xCB, 0xD8, 0xD7, 0xD2, 0xD0, 0xDE, 0xD6, 0xDA, 0xDB, 0xD4, 0xCF, 0xCC, 0xBB, 0xEB, 0xF0, 0xFD, 0xF6,
    0xFF, 0xFF, 0xFF, 0xFF, 0xFF, 0xFF, 0xFF, 0xFF, 0xFF, 0xF8, 0xFB, 0xEF, 0xB9, 0xD2, 0xD2, 0xBB, 0xAA, 0xCD, 0xDD, 0xCA,
    0xD0, 0xDD, 0xC5, 0xC2, 0xD1, 0xDD, 0xDF, 0xD9, 0xD4, 0xD6, 0xDB, 0xDD, 0xFF, 0xFF, 0xFF, 0xFF, 0xFF, 0xFF, 0xFF, 0xFF,
    0xFF, 0xFF, 0xFF, 0xFF, 0xFF, 0xFF, 0xFF, 0xFF, 0xFF, 0xFF, 0xFF, 0xFF, 0xFF, 0xFF, 0xFF, 0xFF, 0xFF, 0xFF, 0xFF, 0xFF,
    0xFF, 0xFF, 0xFF, 0xFF, 0xFF, 0xFF, 0xFF, 0xFF, 0xFF, 0xFF, 0xFF, 0xFF, 0xFF, 0xFF, 0xFF, 0xFF, 0xFF, 0xFF, 0xFF, 0xFF,
    0xFF, 0xFF, 0xFF, 0xFF, 0xFF, 0xFF, 0xFF, 0xFF, 0xFF, 0xFF, 0xFF, 0xFF, 0xFF, 0xFF, 0xFF, 0xFF, 0xFF, 0xFF, 0xFF, 0xFF,
    0xFF, 0xFF, 0xFF, 0xFF, 0xFF, 0xFF, 0xFF, 0xFF, 0xFF, 0xFF, 0xFF, 0xFF, 0xFF, 0xFF, 0xFF, 0xFF, 0xFF, 0xFF, 0xFF, 0xFF,
    0xFF, 0xFF, 0xFF, 0xFF, 0xFF, 0xFF, 0xFF, 0xFF, 0xFF, 0xFF, 0x9D, 0xA7, 0x92, 0x86, 0x8B, 0x86, 0x8D, 0x81, 0x95, 0x93,
    0x8D, 0x93, 0x9D, 0xA3, 0xA5, 0xB2, 0xA6, 0x93, 0x8D, 0xEE, 0xFE, 0xF4, 0xFF, 0xFF, 0xFF, 0xFF, 0xFF, 0xFF, 0xFE, 0xFF,
    0xF5, 0xFE, 0xEF, 0xDB, 0x86, 0xA6, 0xAB, 0xAF, 0xAD, 0xB2, 0xA5, 0xA7, 0xA7, 0xB4, 0xBE, 0xBE, 0xBB, 0xBC, 0xC3, 0xBC,
    0xC3, 0xC4, 0xBE, 0xC5, 0xB3, 0xAD, 0xB5, 0xBC, 0xC3, 0xC3, 0xBB, 0xB8, 0xBC, 0xB7, 0xB6, 0xB5, 0xB5, 0xC5, 0xCE, 0xB9,
    0xC4, 0xC9, 0xBA, 0xB2, 0xB8, 0xC1, 0xC2, 0xBC, 0xB4, 0xB8, 0xC1, 0xC5, 0xC1, 0xCF, 0xCA, 0xCE, 0xC3, 0xC2, 0xCB, 0xBB,
    0xCB, 0xD3, 0xCF, 0xC3, 0xD7, 0xD7, 0xCF, 0xDB, 0xDB, 0xD8, 0xDC, 0xD9, 0xD3, 0xCC, 0xC2, 0xBC, 0xBE, 0xE3, 0xEE, 0xFF,
    0xF8, 0xFA, 0xFF, 0xFF, 0xFF, 0xFF, 0xFF, 0xFF, 0xFF, 0xFF, 0xF6, 0xF6, 0xEB, 0xC6, 0xD0, 0xCC, 0xCF, 0xC1, 0xD6, 0xBC,
    0xCA, 0xC6, 0xD9, 0xD8, 0xCF, 0xDF, 0xE4, 0xE0, 0xE9, 0xE3, 0xDB, 0xFF, 0xFF, 0xFF, 0xFF, 0xFF, 0xFF, 0xFF, 0xFF, 0xFF,
    0xFF, 0xFF, 0xFF, 0xFF, 0xFF, 0xFF, 0xFF, 0xFF, 0xFF, 0xFF, 0xFF, 0xFF, 0xFF, 0xFF, 0xFF, 0xFF, 0xFF, 0xFF, 0xFF, 0xFF,
    0xFF, 0xFF, 0xFF, 0xFF, 0xFF, 0xFF, 0xFF, 0xFF, 0xFF, 0xFF, 0xFF, 0xFF, 0xFF, 0xFF, 0xFF, 0xFF, 0xFF, 0xFF, 0xFF, 0xFF,
    0xFF, 0xFF, 0xFF, 0xFF, 0xFF, 0xFF, 0xFF, 0xFF, 0xFF, 0xFF, 0xFF, 0xFF, 0xFF, 0xFF, 0xFF, 0xFF, 0xFF, 0xFF, 0xFF, 0xFF,
    0xFF, 0xFF, 0xFF, 0xFF, 0xFF, 0xFF, 0xFF, 0xFF, 0xFF, 0xFF, 0xFF, 0xFF, 0xFF, 0xFF, 0xFF, 0xFF, 0xFF, 0xFF, 0xFF, 0xFF,
    0xFF, 0xFF, 0xFF, 0xFF, 0xFF, 0xFF, 0xFF, 0xFF, 0xFF, 0xFF, 0xFF, 0xAA, 0x8E, 0x8B, 0x89, 0x81, 0x72, 0x7E, 0x7E, 0x95,
    0x9E, 0x86, 0x91, 0xA5, 0xA6, 0xA6, 0x9C, 0xA5, 0xC5, 0xF6, 0xFA, 0xFF, 0xFF, 0xFF, 0xFF, 0xFF, 0xFF, 0xFF, 0xF2, 0xF1,
    0xFF, 0xEE, 0xB9, 0x93, 0x8E, 0xA3, 0xAA, 0xAD, 0xA8, 0xA6, 0xA9, 0xB2, 0xAD, 0xB1, 0xAD, 0xBF, 0xB3, 0xBB, 0xC5, 0xB9,
    0xC1, 0xC3, 0xBF, 0xBB, 0xB3, 0xB4, 0xB6, 0xB7, 0xC1, 0xC0, 0xB7, 0xC9, 0xB5, 0xB5, 0xC6, 0xC6, 0xCA, 0xC3, 0xD4, 0xC7,
    0xC6, 0xBD, 0xB5, 0xB4, 0xB2, 0xCE, 0xC9, 0xB5, 0xBB, 0xB7, 0xBA, 0xCA, 0xBF, 0xC6, 0xC3, 0xCD, 0xC6, 0xCB, 0xCE, 0xCB,
    0xC2, 0xD8, 0xC2, 0xCE, 0xD3, 0xD7, 0xD7, 0xD0, 0xD6, 0xDB, 0xDF, 0xD6, 0xDC, 0xD0, 0xCC, 0xBF, 0xCB, 0xB1, 0xBB, 0xED,
    0xFD, 0xFB, 0xF5, 0xF7, 0xF6, 0xFF, 0xFF, 0xFF, 0xFF, 0xFF, 0xF5, 0xFF, 0xED, 0xC3, 0xCA, 0xCA, 0xCF, 0xC5, 0xC3, 0xD9,
    0xD7, 0xE1, 0xD6, 0xD6, 0xD6, 0xD9, 0xDF, 0xDD, 0xE5, 0xE3, 0xFF, 0xFF, 0xFF, 0xFF, 0xFF, 0xFF, 0xFF, 0xFF, 0xFF, 0xFF,
    0xFF, 0xFF, 0xFF, 0xFF, 0xFF, 0xFF, 0xFF, 0xFF, 0xFF, 0xFF, 0xFF, 0xFF, 0xFF, 0xFF, 0xFF, 0xFF, 0xFF, 0xFF, 0xFF, 0xFF,
    0xFF, 0xFF, 0xFF, 0xFF, 0xFF, 0xFF, 0xFF, 0xFF, 0xFF, 0xFF, 0xFF, 0xFF, 0xFF, 0xFF, 0xFF, 0xFF, 0xFF, 0xFF, 0xFF, 0xFF,
    0xFF, 0xFF, 0xFF, 0xFF, 0xFF, 0xFF, 0xFF, 0xFF, 0xFF, 0xFF, 0xFF, 0xFF, 0xFF, 0xFF, 0xFF, 0xFF, 0xFF, 0xFF, 0xFF, 0xFF,
    0xFF, 0xFF, 0xFF, 0xFF, 0xFF, 0xFF, 0xFF, 0xFF, 0xFF, 0xFF, 0xFF, 0xFF, 0xFF, 0xFF, 0xFF, 0xFF, 0xFF, 0xFF, 0xFF, 0xFF,
    0xFF, 0xFF, 0xFF, 0xFF, 0xFF, 0xFF, 0xFF, 0xFF, 0xFF, 0xFF, 0xFF, 0xFF, 0xFF, 0x83, 0x7E, 0x72, 0x72, 0x85, 0x85, 0x8D,
    0x93, 0x93, 0x8D, 0xA8, 0x95, 0x93, 0x92, 0x93, 0xEB, 0xFF, 0xF5, 0xFF, 0xFF, 0xFF, 0xFF, 0xFF, 0xFF, 0xF6, 0xFC, 0xFC,
    0xED, 0x9B, 0x8C, 0xA5, 0xAD, 0xAF, 0xAD, 0xAD, 0xA8, 0x9E, 0x9C, 0xA5, 0xAA, 0xAD, 0xB4, 0xC5, 0xC5, 0xC0, 0xC4, 0xB9,
    0xB4, 0xBA, 0xB9, 0xAF, 0xB9, 0xB7, 0xB7, 0xB8, 0xB8, 0xBD, 0xB8, 0xC9, 0xBB, 0xBB, 0xC7, 0xD2, 0xC2, 0xBD, 0xD6, 0xC6,
    0xCA, 0xBC, 0xAA, 0xB5, 0xBA, 0xBF, 0xC9, 0xBC, 0xC1, 0xC3, 0xC1, 0xB8, 0xCA, 0xD2, 0xBB, 0xCF, 0xD2, 0xCF, 0xC5, 0xC2,
    0xCA, 0xD4, 0xCF, 0xCE, 0xD2, 0xD4, 0xD1, 0xCE, 0xCD, 0xDB, 0xE1, 0xDB, 0xD6, 0xCA, 0xCC, 0xCE, 0xBF, 0xBD, 0xB8, 0xB6,
    0xEB, 0xEF, 0xFE, 0xF1, 0xF4, 0xFF, 0xFF, 0xFF, 0xFF, 0xFF, 0xFA, 0xFF, 0xEF, 0xDF, 0xCD, 0xBB, 0xCE, 0xD6, 0xCA, 0xD1,
    0xD3, 0xD7, 0xD9, 0xDB, 0xD9, 0xD8, 0xD7, 0xDF, 0xFF, 0xFF, 0xFF, 0xFF, 0xFF, 0xFF, 0xFF, 0xFF, 0xFF, 0xFF, 0xFF, 0xFF,
    0xFF, 0xFF, 0xFF, 0xFF, 0xFF, 0xFF, 0xFF, 0xFF, 0xFF, 0xFF, 0xFF, 0xFF, 0xFF, 0xFF, 0xFF, 0xFF, 0xFF, 0xFF, 0xFF, 0xFF,
    0xFF, 0xFF, 0xFF, 0xFF, 0xFF, 0xFF, 0xFF, 0xFF, 0xFF, 0xFF, 0xFF, 0xFF, 0xFF, 0xFF, 0xFF, 0xFF, 0xFF, 0xFF, 0xFF, 0xFF,
    0xFF, 0xFF, 0xFF, 0xFF, 0xFF, 0xFF, 0xFF, 0xFF, 0xFF, 0xFF, 0xFF, 0xFF, 0xFF, 0xFF, 0xFF, 0xFF, 0xFF, 0xFF, 0xFF, 0xFF,
    0xFF, 0xFF, 0xFF, 0xFF, 0xFF, 0xFF, 0xFF, 0xFF, 0xFF, 0xFF, 0xFF, 0xFF, 0xFF, 0xFF, 0xFF, 0xFF, 0xFF, 0xFF, 0xFF, 0xFF,
    0xFF, 0xFF, 0xFF, 0xFF, 0xFF, 0xFF, 0xFF, 0xFF, 0xFF, 0xFF, 0xFF, 0xFF, 0xFF, 0xFF, 0x8D, 0x8D, 0x7E, 0x81, 0x8D, 0x8D,
    0x8D, 0x95, 0x8E, 0x91, 0x93, 0x96, 0x8F, 0x8E, 0xEE, 0xFF, 0xF5, 0xFF, 0xFF, 0xFF, 0xFF, 0xFF, 0xF4, 0xFF, 0xEF, 0xD5,
    0xA9, 0xB1, 0x95, 0xAA, 0xAA, 0xB2, 0xAB, 0xBA, 0xA8, 0xA8, 0xA6, 0xA9, 0xAA, 0xAE, 0xB2, 0xA5, 0xBA, 0xBC, 0xC0, 0xBB,
    0xB1, 0xB2, 0xB7, 0xAF, 0xC4, 0xBE, 0xCE, 0xBC, 0xB7, 0xCB, 0xC2, 0xCA, 0xC0, 0xBD, 0xB7, 0xC5, 0xB3, 0xC9, 0xE0, 0xC0,
    0xC2, 0xCD, 0xB6, 0xB8, 0xB7, 0xC1, 0xC1, 0xCB, 0xC3, 0xC1, 0xCB, 0xC1, 0xBC, 0xCA, 0xC9, 0xD9, 0xD1, 0xCB, 0xC3, 0xC1,
    0xCC, 0xC3, 0xD7, 0xCB, 0xD4, 0xD0, 0xD0, 0xCB, 0xD2, 0xCF, 0xCF, 0xD9, 0xC6, 0xC3, 0xC1, 0xD0, 0xBB, 0xCA, 0xCC, 0xC6,
    0xBB, 0xD0, 0xEE, 0xFC, 0xF1, 0xFA, 0xFF, 0xFE, 0xFF, 0xFF, 0xFF, 0xF4, 0xFC, 0xEB, 0xC7, 0xCA, 0xD8, 0xE1, 0xC9, 0xCC,
    0xCD, 0xD3, 0xDC, 0xD1, 0xDC, 0xDC, 0xE1, 0xFF, 0xFF, 0xFF, 0xFF, 0xFF, 0xFF, 0xFF, 0xFF, 0xFF, 0xFF, 0xFF, 0xFF, 0xFF,
    0xFF, 0xFF, 0xFF, 0xFF, 0xFF, 0xFF, 0xFF, 0xFF, 0xFF, 0xFF, 0xFF, 0xFF, 0xFF, 0xFF, 0xFF, 0xFF, 0xFF, 0xFF, 0xFF, 0xFF,
    0xFF, 0xFF, 0xFF, 0xFF, 0xFF, 0xFF, 0xFF, 0xFF, 0xFF, 0xFF, 0xFF, 0xFF, 0xFF, 0xFF, 0xFF, 0xFF, 0xFF, 0xFF, 0xFF, 0xFF,
    0xFF, 0xFF, 0xFF, 0xFF, 0xFF, 0xFF, 0xFF, 0xFF, 0xFF, 0xFF, 0xFF, 0xFF, 0xFF, 0xFF, 0xFF, 0xFF, 0xFF, 0xFF, 0xFF, 0xFF,
    0xFF, 0xFF, 0xFF, 0xFF, 0xFF, 0xFF, 0xFF, 0xFF, 0xFF, 0xFF, 0xFF, 0xFF, 0xFF, 0xFF, 0xFF, 0xFF, 0xFF, 0xFF, 0xFF, 0xFF,
    0xFF, 0xFF, 0xFF, 0xFF, 0xFF, 0xFF, 0xFF, 0xFF, 0xFF, 0xFF, 0xFF, 0xFF, 0xFF, 0xFF, 0xFF, 0xFF, 0x6F, 0x83, 0x93, 0x95,
    0x95, 0x8D, 0x94, 0x89, 0x8D, 0x96, 0x95, 0xBC, 0xF3, 0xF8, 0xF8, 0xFF, 0xF8, 0xF7, 0xF7, 0xF2, 0xFE, 0xEE, 0xC4, 0x81,
    0xA6, 0xB1, 0x96, 0xA9, 0xA9, 0xB1, 0xAB, 0xA3, 0xAA, 0xA7, 0xA7, 0xB2, 0xB3, 0xAD, 0xB4, 0xBB, 0xAF, 0xBA, 0xCE, 0xC5,
    0xBB, 0xB4, 0xBA, 0xBA, 0xC3, 0xBB, 0xC1, 0xBF, 0xB7, 0xC9, 0xCC, 0xB5, 0xBD, 0xC9, 0xBD, 0xB5, 0xB1, 0xBC, 0xC7, 0xB9,
    0xCB, 0xD8, 0xBD, 0xC9, 0xBC, 0xB4, 0xBC, 0xC1, 0xB9, 0xCA, 0xBC, 0xBB, 0xBB, 0xC6, 0xCE, 0xC6, 0xCD, 0xBC, 0xBD, 0xC1,
    0xCE, 0xCE, 0xCD, 0xCC, 0xCC, 0xCB, 0xCF, 0xCD, 0xC7, 0xC1, 0xC6, 0xD9, 0xCC, 0xCA, 0xCA, 0xC2, 0xC3, 0xD4, 0xCD, 0xCD,
    0xCE, 0xBC, 0xC2, 0xED, 0xFC, 0xF4, 0xF5, 0xF8, 0xFF, 0xFF, 0xFE, 0xF4, 0xFE, 0xED, 0xC3, 0xD6, 0xD3, 0xE2, 0xD7, 0xD0,
    0xC6, 0xDA, 0xD6, 0xD5, 0xDC, 0xFF, 0xFF, 0xFF, 0xFF, 0xFF, 0xFF, 0xFF, 0xFF, 0xFF, 0xFF, 0xFF, 0xFF, 0xFF, 0xFF, 0xFF,
    0xFF, 0xFF, 0xFF, 0xFF, 0xFF, 0xFF, 0xFF, 0xFF, 0xFF, 0xFF, 0xFF, 0xFF, 0xFF, 0xFF, 0xFF, 0xFF, 0xFF, 0xFF, 0xFF, 0xFF,
    0xFF, 0xFF, 0xFF, 0xFF, 0xFF, 0xFF, 0xFF, 0xFF, 0xFF, 0xFF, 0xFF, 0xFF, 0xFF, 0xFF, 0xFF, 0xFF, 0xFF, 0xFF, 0xFF, 0xFF,
    0xFF, 0xFF, 0xFF, 0xFF, 0xFF, 0xFF, 0xFF, 0xFF, 0xFF, 0xFF, 0xFF, 0xFF, 0xFF, 0xFF, 0xFF, 0xFF, 0xFF, 0xFF, 0xFF, 0xFF,
    0xFF, 0xFF, 0xFF, 0xFF, 0xFF, 0xFF, 0xFF, 0xFF, 0xFF, 0xFF, 0xFF, 0xFF, 0xFF, 0xFF, 0xFF, 0xFF, 0xFF, 0xFF, 0xFF, 0xFF,
    0xFF, 0xFF, 0xFF, 0xFF, 0xFF, 0xFF, 0xFF, 0xFF, 0xFF, 0xFF, 0xFF, 0xFF, 0xFF, 0xFF, 0xFF, 0xFF, 0xFF, 0x85, 0x95, 0x95,
    0x9E, 0x95, 0x95, 0x96, 0x96, 0x95, 0x8C, 0xE7, 0xFC, 0xF5, 0xFF, 0xFE, 0xF7, 0xF5, 0xFD, 0xFE, 0xED, 0xB2, 0x9E, 0x9E,
    0x9C, 0xB1, 0x96, 0xA5, 0xA8, 0xAC, 0xB1, 0xA8, 0xB1, 0xA7, 0xAE, 0xAA, 0xAD, 0xB3, 0xC3, 0xC0, 0xC3, 0xBB, 0xBF, 0xB9,
    0xAF, 0xB9, 0xC0, 0xAD, 0xBD, 0xC2, 0xC3, 0xC1, 0xB8, 0xC9, 0xCD, 0xB7, 0xBC, 0xBC, 0xBD, 0xBD, 0xB7, 0xBE, 0xD1, 0xC1,
    0xBD, 0xC9, 0xC1, 0xCA, 0xBF, 0xB2, 0xB5, 0xCB, 0xC5, 0xC3, 0xB7, 0xB8, 0xBC, 0xBF, 0xCE, 0xC1, 0xC7, 0xC0, 0xBC, 0xC9,
    0xB8, 0xC1, 0xD4, 0xCF, 0xCC, 0xD7, 0xDA, 0xD7, 0xCB, 0xCA, 0xD8, 0xD0, 0xB7, 0xCA, 0xCC, 0xC3, 0xD3, 0xC6, 0xC5, 0xD0,
    0xCA, 0xD3, 0xCF, 0xC6, 0xEB, 0xF0, 0xFC, 0xF3, 0xFF, 0xFF, 0xFF, 0xF5, 0xFC, 0xEE, 0xCB, 0xDD, 0xD6, 0xD5, 0xDE, 0xD0,
    0xD2, 0xCF, 0xDE, 0xDD, 0xFF, 0xFF, 0xFF, 0xFF, 0xFF, 0xFF, 0xFF, 0xFF, 0xFF, 0xFF, 0xFF, 0xFF, 0xFF, 0xFF, 0xFF, 0xFF,
    0xFF, 0xFF, 0xFF, 0xFF, 0xFF, 0xFF, 0xFF, 0xFF, 0xFF, 0xFF, 0xFF, 0xFF, 0xFF, 0xFF, 0xFF, 0xFF, 0xFF, 0xFF, 0xFF, 0xFF,
    0xFF, 0xFF, 0xFF, 0xFF, 0xFF, 0xFF, 0xFF, 0xFF, 0xFF, 0xFF, 0xFF, 0xFF, 0xFF, 0xFF, 0xFF, 0xFF, 0xFF, 0xFF, 0xFF, 0xFF,
    0xFF, 0xFF, 0xFF, 0xFF, 0xFF, 0xFF, 0xFF, 0xFF, 0xFF, 0xFF, 0xFF, 0xFF, 0xFF, 0xFF, 0xFF, 0xFF, 0xFF, 0xFF, 0xFF, 0xFF,
    0xFF, 0xFF, 0xFF, 0xFF, 0xFF, 0xFF, 0xFF, 0xFF, 0xFF, 0xFF, 0xFF, 0xFF, 0xFF, 0xFF, 0xFF, 0xFF, 0xFF, 0xFF, 0xFF, 0xFF,
    0xFF, 0xFF, 0xFF, 0xFF, 0xFF, 0xFF, 0xFF, 0xFF, 0xFF, 0xFF, 0xFF, 0xFF, 0xFF, 0xFF, 0xFF, 0xFF, 0xFF, 0xFF, 0xFF, 0x95,
    0xAA, 0xA6, 0x8D, 0x9E, 0xB1, 0x94, 0x93, 0xED, 0xFF, 0xF6, 0xFF, 0xFF, 0xF5, 0xFC, 0xEF, 0xDD, 0xB1, 0xB6, 0xB4, 0xA5,
    0xB7, 0xB4, 0xA9, 0xA9, 0xA8, 0xB2, 0xB3, 0xA6, 0x9C, 0xA6, 0xA8, 0xB2, 0xBB, 0xB9, 0xAE, 0xBF, 0xC0, 0xC6, 0xC5, 0xAF,
    0xA7, 0xAE, 0xC4, 0xAF, 0xB7, 0xCA, 0xCC, 0xBD, 0xB6, 0xC3, 0xD4, 0xB5, 0xBC, 0xC6, 0xB7, 0xBD, 0xB8, 0xBA, 0xD4, 0xC0,
    0xB7, 0xB8, 0xB6, 0xC3, 0xB7, 0xBC, 0xB7, 0xC9, 0xBF, 0xC6, 0xC1, 0xB8, 0xBD, 0xBC, 0xBB, 0xC0, 0xD5, 0xC1, 0xCA, 0xBC,
    0xCB, 0xBC, 0xB7, 0xCE, 0xD3, 0xD4, 0xCF, 0xD8, 0xCC, 0xD9, 0xDC, 0xC7, 0xC3, 0xCF, 0xD4, 0xD8, 0xCA, 0xCA, 0xB8, 0xB6,
    0xBD, 0xBD, 0xC9, 0xCC, 0xBD, 0xDD, 0xEE, 0xFD, 0xFD, 0xFA, 0xFF, 0xFA, 0xF3, 0xF2, 0xE5, 0xDD, 0xE0, 0xD3, 0xD8, 0xE1,
    0xC7, 0xD2, 0xFF, 0xFF, 0xFF, 0xFF, 0xFF, 0xFF, 0xFF, 0xFF, 0xFF, 0xFF, 0xFF, 0xFF, 0xFF, 0xFF, 0xFF, 0xFF, 0xFF, 0xFF,
    0xFF, 0xFF, 0xFF, 0xFF, 0xFF, 0xFF, 0xFF, 0xFF, 0xFF, 0xFF, 0xFF, 0xFF, 0xFF, 0xFF, 0xFF, 0xFF, 0xFF, 0xFF, 0xFF, 0xFF,
    0xFF, 0xFF, 0xFF, 0xFF, 0xFF, 0xFF, 0xFF, 0xFF, 0xFF, 0xFF, 0xFF, 0xFF, 0xFF, 0xFF, 0xFF, 0xFF, 0xFF, 0xFF, 0xFF, 0xFF,
    0xFF, 0xFF, 0xFF, 0xFF, 0xFF, 0xFF, 0xFF, 0xFF, 0xFF, 0xFF, 0xFF, 0xFF, 0xFF, 0xFF, 0xFF, 0xFF, 0xFF, 0xFF, 0xFF, 0xFF,
    0xFF, 0xFF, 0xFF, 0xFF, 0xFF, 0xFF, 0xFF, 0xFF, 0xFF, 0xFF, 0xFF, 0xFF, 0xFF, 0xFF, 0xFF, 0xFF, 0xFF, 0xFF, 0xFF, 0xFF,
    0xFF, 0xFF, 0xFF, 0xFF, 0xFF, 0xFF, 0xFF, 0xFF, 0xFF, 0xFF, 0xFF, 0xFF, 0xFF, 0xFF, 0xFF, 0xFF, 0xFF, 0xFF, 0xFF, 0xFF,
    0xB1, 0xA7, 0x8D, 0x95, 0xA6, 0x8F, 0xB3, 0xEF, 0xFB, 0xF6, 0xF5, 0xF1, 0xFF, 0xEE, 0xC3, 0x95, 0xA9, 0xB1, 0xAA, 0xB2,
    0xB7, 0xBF, 0xB4, 0xB1, 0xC1, 0xA8, 0xB4, 0xA5, 0xA9, 0xA9, 0xA8, 0xA7, 0xBE, 0xBE, 0xAF, 0xBA, 0xC5, 0xC6, 0xC5, 0xC0,
    0xAF, 0xBA, 0xB9, 0xBB, 0xBC, 0xCB, 0xD4, 0xB8, 0xB6, 0xCA, 0xCC, 0xB6, 0xB8, 0xCE, 0xB7, 0xC9, 0xC1, 0xBC, 0xDE, 0xCD,
    0xBC, 0xB5, 0xB3, 0xC4, 0xC3, 0xB8, 0xB2, 0xBB, 0xBA, 0xC1, 0xBD, 0xC9, 0xBB, 0xCE, 0xC3, 0xBB, 0xC5, 0xC6, 0xCB, 0xCE,
    0xC6, 0xCA, 0xCB, 0xDA, 0xDB, 0xC6, 0xC6, 0xD9, 0xD3, 0xDF, 0xCF, 0xCB, 0xDB, 0xD6, 0xC7, 0xCC, 0xB8, 0xC9, 0xB6, 0xB6,
    0xB7, 0xBD, 0xC1, 0xC9, 0xCB, 0xC9, 0xC5, 0xED, 0xFC, 0xF6, 0xF1, 0xFF, 0xF5, 0xFF, 0xED, 0xDD, 0xDD, 0xD6, 0xDE, 0xD5,
    0xD9, 0xFF, 0xFF, 0xFF, 0xFF, 0xFF, 0xFF, 0xFF, 0xFF, 0xFF, 0xFF, 0xFF, 0xFF, 0xFF, 0xFF, 0xFF, 0xFF, 0xFF, 0xFF, 0xFF,
    0xFF, 0xFF, 0xFF, 0xFF, 0xFF, 0xFF, 0xFF, 0xFF, 0xFF, 0xFF, 0xFF, 0xFF, 0xFF, 0xFF, 0xFF, 0xFF, 0xFF, 0xFF, 0xFF, 0xFF,
    0xFF, 0xFF, 0xFF, 0xFF, 0xFF, 0xFF, 0xFF, 0xFF, 0xFF, 0xFF, 0xFF, 0xFF, 0xFF, 0xFF, 0xFF, 0xFF, 0xFF, 0xFF, 0xFF, 0xFF,
    0xFF, 0xFF, 0xFF, 0xFF, 0xFF, 0xFF, 0xFF, 0xFF, 0xFF, 0xFF, 0xFF, 0xFF, 0xFF, 0xFF, 0xFF, 0xFF, 0xFF, 0xFF, 0xFF, 0xFF,
    0xFF, 0xFF, 0xFF, 0xFF, 0xFF, 0xFF, 0xFF, 0xFF, 0xFF, 0xFF, 0xFF, 0xFF, 0xFF, 0xFF, 0xFF, 0xFF, 0xFF, 0xFF, 0xFF, 0xFF,
    0xFF, 0xFF, 0xFF, 0xFF, 0xFF, 0xFF, 0xFF, 0xFF, 0xFF, 0xFF, 0xFF, 0xFF, 0xFF, 0xFF, 0xFF, 0xFF, 0xFF, 0xFF, 0xFF, 0xFF,
    0xFF, 0xFF, 0x93, 0x86, 0xAC, 0xA9, 0xE5, 0xFC, 0xF4, 0xF2, 0xFB, 0xFD, 0xED, 0xB9, 0xA9, 0xA3, 0xA6, 0xA5, 0xAA, 0xA5,
    0xB2, 0xB5, 0xB5, 0xA9, 0xAF, 0xA3, 0xA7, 0xA8, 0xA9, 0xB7, 0xAF, 0xAD, 0xAD, 0xAF, 0xB3, 0xAD, 0xC4, 0xC1, 0xC2, 0xC0,
    0xBA, 0xB3, 0xB8, 0xB7, 0xBC, 0xCA, 0xD4, 0xB8, 0xB6, 0xC9, 0xBC, 0xBD, 0xC9, 0xD4, 0xD9, 0xCC, 0xB8, 0xBC, 0xD6, 0xCD,
    0xBB, 0xB7, 0xC1, 0xC1, 0xB7, 0xAA, 0xB5, 0xB7, 0xBC, 0xBD, 0xBC, 0xB8, 0xB8, 0xBC, 0xCA, 0xB5, 0xC3, 0xD5, 0xCB, 0xCC,
    0xD2, 0xCB, 0xC9, 0xD7, 0xCD, 0xD2, 0xD2, 0xCE, 0xCF, 0xD7, 0xCC, 0xCA, 0xCB, 0xC1, 0xC9, 0xCB, 0xC9, 0xB8, 0xBB, 0xB5,
    0xC9, 0xCB, 0xB6, 0xC9, 0xCB, 0xCD, 0xCA, 0xB7, 0xEA, 0xEF, 0xFD, 0xF6, 0xF6, 0xFD, 0xEE, 0xBB, 0xBF, 0xD1, 0xDE, 0xFF,
    0xFF, 0xFF, 0xFF, 0xFF, 0xFF, 0xFF, 0xFF, 0xFF, 0xFF, 0xFF, 0xFF, 0xFF, 0xFF, 0xFF, 0xFF, 0xFF, 0xFF, 0xFF, 0xFF, 0xFF,
    0xFF, 0xFF, 0xFF, 0xFF, 0xFF, 0xFF, 0xFF, 0xFF, 0xFF, 0xFF, 0xFF, 0xFF, 0xFF, 0xFF, 0xFF, 0xFF, 0xFF, 0xFF, 0xFF, 0xFF,
    0xFF, 0xFF, 0xFF, 0xFF, 0xFF, 0xFF, 0xFF, 0xFF, 0xFF, 0xFF, 0xFF, 0xFF, 0xFF, 0xFF, 0xFF, 0xFF, 0xFF, 0xFF, 0xFF, 0xFF,
    0xFF, 0xFF, 0xFF, 0xFF, 0xFF, 0xFF, 0xFF, 0xFF, 0xFF, 0xFF, 0xFF, 0xFF, 0xFF, 0xFF, 0xFF, 0xFF, 0xFF, 0xFF, 0xFF, 0xFF,
    0xFF, 0xFF, 0xFF, 0xFF, 0xFF, 0xFF, 0xFF, 0xFF, 0xFF, 0xFF, 0xFF, 0xFF, 0xFF, 0xFF, 0xFF, 0xFF, 0xFF, 0xFF, 0xFF, 0xFF,
    0xFF, 0xFF, 0xFF, 0xFF, 0xFF, 0xFF, 0xFF, 0xFF, 0xFF, 0xFF, 0xFF, 0xFF, 0xFF, 0xFF, 0xFF, 0xFF, 0xFF, 0xFF, 0xFF, 0xFF,
    0xFF, 0xFF, 0xFF, 0xFF, 0xA9, 0xA9, 0xED, 0xFD, 0xF0, 0xFF, 0xEF, 0xE7, 0xA9, 0xAA, 0xB1, 0xA8, 0x9B, 0x96, 0x95, 0x9E,
    0xB5, 0xB2, 0x9E, 0x94, 0x9C, 0xA6, 0x94, 0xAC, 0xAD, 0xB3, 0xAF, 0xAE, 0xAF, 0xBA, 0xB9, 0xB3, 0xAF, 0xBB, 0xBB, 0xB3,
    0xB4, 0xBB, 0xAF, 0xBB, 0xBF, 0xC6, 0xD1, 0xC9, 0xBD, 0xBC, 0xBC, 0xCA, 0xC1, 0xCF, 0xC1, 0xBC, 0xCB, 0xB7, 0xBD, 0xCA,
    0xB8, 0xC9, 0xBD, 0xB8, 0xB2, 0xAA, 0xB3, 0xB7, 0xB2, 0xC9, 0xC2, 0xB2, 0xB5, 0xB7, 0xBB, 0xBB, 0xD0, 0xD9, 0xBC, 0xCB,
    0xC4, 0xC6, 0xBC, 0xCA, 0xCA, 0xCF, 0xD4, 0xD4, 0xD2, 0xC5, 0xD2, 0xD2, 0xBB, 0xB2, 0xB6, 0xC9, 0xB8, 0xCC, 0xC0, 0xAF,
    0xB4, 0xCA, 0xC1, 0xCB, 0xCB, 0xCE, 0xDE, 0xCD, 0xB7, 0xD1, 0xEE, 0xFE, 0xF6, 0xF7, 0xF0, 0xD3, 0xBB, 0xFF, 0xFF, 0xFF,
    0xFF, 0xFF, 0xFF, 0xFF, 0xFF, 0xFF, 0xFF, 0xFF, 0xFF, 0xFF, 0xFF, 0xFF, 0xFF, 0xFF, 0xFF, 0xFF, 0xFF, 0xFF, 0xFF, 0xFF,
    0xFF, 0xFF, 0xFF, 0xFF, 0xFF, 0xFF, 0xFF, 0xFF, 0xFF, 0xFF, 0xFF, 0xFF, 0xFF, 0xFF, 0xFF, 0xFF, 0xFF, 0xFF, 0xFF, 0xFF,
    0xFF, 0xFF, 0xFF, 0xFF, 0xFF, 0xFF, 0xFF, 0xFF, 0xFF, 0xFF, 0xFF, 0xFF, 0xFF, 0xFF, 0xFF, 0xFF, 0xFF, 0xFF, 0xFF, 0xFF,
    0xFF, 0xFF, 0xFF, 0xFF, 0xFF, 0xFF, 0xFF, 0xFF, 0xFF, 0xFF, 0xFF, 0xFF, 0xFF, 0xFF, 0xFF, 0xFF, 0xFF, 0xFF, 0xFF, 0xFF,
    0xFF, 0xFF, 0xFF, 0xFF, 0xFF, 0xFF, 0xFF, 0xFF, 0xFF, 0xFF, 0xFF, 0xFF, 0xFF, 0xFF, 0xFF, 0xFF, 0xFF, 0xFF, 0xFF, 0xFF,
    0xFF, 0xFF, 0xFF, 0xFF, 0xFF, 0xFF, 0xFF, 0xFF, 0xFF, 0xFF, 0xFF, 0xFF, 0xFF, 0xFF, 0xFF, 0xFF, 0xFF, 0xFF, 0xFF, 0xFF,
    0xFF, 0xFF, 0xFF, 0xFF, 0xFF, 0xFF, 0xEF, 0xF4, 0xFC, 0xEE, 0xDB, 0x96, 0xC2, 0xBA, 0xB2, 0xD2, 0xC1, 0x93, 0x8E, 0x9E,
    0xB5, 0xB7, 0x9D, 0x9B, 0xA6, 0xA6, 0x94, 0x94, 0xAD, 0xAD, 0xB7, 0xBF, 0xAD, 0xB9, 0xC3, 0xBB, 0xB4, 0xC1, 0xC1, 0xBC,
    0xB9, 0xBA, 0xB4, 0xAA, 0xB3, 0xBF, 0xD7, 0xCA, 0xBD, 0xB1, 0xB8, 0xBC, 0xBC, 0xB7, 0xBD, 0xBC, 0xCB, 0xB5, 0xC9, 0xBD,
    0xB6, 0xB6, 0xC1, 0xB7, 0xB8, 0xB4, 0xBB, 0xB7, 0xB7, 0xC1, 0xC1, 0xB7, 0xB3, 0xB7, 0xB8, 0xBC, 0xC6, 0xD1, 0xCE, 0xC5,
    0xD1, 0xCB, 0xC9, 0xC6, 0xD0, 0xD7, 0xCF, 0xD4, 0xDA, 0xCC, 0xCA, 0xC3, 0xAA, 0xA8, 0xBB, 0xB8, 0xC2, 0xBB, 0xCB, 0xBF,
    0xAD, 0xCB, 0xCE, 0xC1, 0xBD, 0xCA, 0xC9, 0xC3, 0xBC, 0xC0, 0xD6, 0xED, 0xFC, 0xF4, 0xFD, 0xFF, 0xFF, 0xFF, 0xFF, 0xFF,
    0xFF, 0xFF, 0xFF, 0xFF, 0xFF, 0xFF, 0xFF, 0xFF, 0xFF, 0xFF, 0xFF, 0xFF, 0xFF, 0xFF, 0xFF, 0xFF, 0xFF, 0xFF, 0xFF, 0xFF,
    0xFF, 0xFF, 0xFF, 0xFF, 0xFF, 0xFF, 0xFF, 0xFF, 0xFF, 0xFF, 0xFF, 0xFF, 0xFF, 0xFF, 0xFF, 0xFF, 0xFF, 0xFF, 0xFF, 0xFF,
    0xFF, 0xFF, 0xFF, 0xFF, 0xFF, 0xFF, 0xFF, 0xFF, 0xFF, 0xFF, 0xFF, 0xFF, 0xFF, 0xFF, 0xFF, 0xFF, 0xFF, 0xFF, 0xFF, 0xFF,
    0xFF, 0xFF, 0xFF, 0xFF, 0xFF, 0xFF, 0xFF, 0xFF, 0xFF, 0xFF, 0xFF, 0xFF, 0xFF, 0xFF, 0xFF, 0xFF, 0xFF, 0xFF, 0xFF, 0xFF,
    0xFF, 0xFF, 0xFF, 0xFF, 0xFF, 0xFF, 0xFF, 0xFF, 0xFF, 0xFF, 0xFF, 0xFF, 0xFF, 0xFF, 0xFF, 0xFF, 0xFF, 0xFF, 0xFF, 0xFF,
    0xFF, 0xFF, 0xFF, 0xFF, 0xFF, 0xFF, 0xFF, 0xFF, 0xFF, 0xFF, 0xFF, 0xFF, 0xFF, 0xFF, 0xFF, 0xFF, 0xFF, 0xFF, 0xFF, 0xFF,
    0xFF, 0xFF, 0xFF, 0xFF, 0xFF, 0xFF, 0xFF, 0xFF, 0xED, 0xB3, 0xBC, 0xB4, 0xB7, 0xA9, 0xBC, 0xC5, 0xBB, 0x9C, 0xA9, 0xA9,
    0xA9, 0xB1, 0xA6, 0xAA, 0xA5, 0xB5, 0xA7, 0x94, 0xB2, 0xAF, 0xBB, 0xBA, 0xB4, 0xB7, 0xC3, 0xBF, 0xB9, 0xC1, 0xBF, 0xB8,
    0xBA, 0xBE, 0xB2, 0xB1, 0xAD, 0xB2, 0xB8, 0xCA, 0xB8, 0xAA, 0xB1, 0xB6, 0xB1, 0xB6, 0xB1, 0xC9, 0xCA, 0xB6, 0xB6, 0xBA,
    0xAD, 0xB2, 0xC9, 0xC2, 0xBC, 0xBB, 0xB7, 0xBB, 0xC0, 0xC0, 0xBA, 0xC2, 0xBF, 0xB7, 0xB1, 0xB5, 0xC1, 0xC6, 0xC5, 0xC0,
    0xCD, 0xCC, 0xD7, 0xD0, 0xD9, 0xCD, 0xCF, 0xC3, 0xC6, 0xD9, 0xC2, 0xB7, 0xB8, 0xAA, 0xC5, 0xB5, 0xD7, 0xB8, 0xC9, 0xCA,
    0xBD, 0xCD, 0xD5, 0xC2, 0xB7, 0xD7, 0xD7, 0xCB, 0xC0, 0xB8, 0xD7, 0xD8, 0xEB, 0xFF, 0xFF, 0xFF, 0xFF, 0xFF, 0xFF, 0xFF,
    0xFF, 0xFF, 0xFF, 0xFF, 0xFF, 0xFF, 0xFF, 0xFF, 0xFF, 0xFF, 0xFF, 0xFF, 0xFF, 0xFF, 0xFF, 0xFF, 0xFF, 0xFF, 0xFF, 0xFF,
    0xFF, 0xFF, 0xFF, 0xFF, 0xFF, 0xFF, 0xFF, 0xFF, 0xFF, 0xFF, 0xFF, 0xFF, 0xFF, 0xFF, 0xFF, 0xFF, 0xFF, 0xFF, 0xFF, 0xFF,
    0xFF, 0xFF, 0xFF, 0xFF, 0xFF, 0xFF, 0xFF, 0xFF, 0xFF, 0xFF, 0xFF, 0xFF, 0xFF, 0xFF, 0xFF, 0xFF, 0xFF, 0xFF, 0xFF, 0xFF,
    0xFF, 0xFF, 0xFF, 0xFF, 0xFF, 0xFF, 0xFF, 0xFF, 0xFF, 0xFF, 0xFF, 0xFF, 0xFF, 0xFF, 0xFF, 0xFF, 0xFF, 0xFF, 0xFF, 0xFF,
    0xFF, 0xFF, 0xFF, 0xFF, 0xFF, 0xFF, 0xFF, 0xFF, 0xFF, 0xFF, 0xFF, 0xFF, 0xFF, 0xFF, 0xFF, 0xFF, 0xFF, 0xFF, 0xFF, 0xFF,
    0xFF, 0xFF, 0xFF, 0xFF, 0xFF, 0xFF, 0xFF, 0xFF, 0xFF, 0xFF, 0xFF, 0xFF, 0xFF, 0xFF, 0xFF, 0xFF, 0xFF, 0xFF, 0xFF, 0xFF,
    0xFF, 0xFF, 0xFF, 0xFF, 0xFF, 0xFF, 0xFF, 0xFF, 0xFF, 0xFF, 0xC6, 0xAD, 0xB1, 0xA9, 0xA9, 0xB6, 0xB1, 0xA5, 0x96, 0xAA,
    0xAD, 0xAA, 0xA3, 0xA7, 0x9E, 0xB2, 0xA7, 0xA8, 0xA7, 0xAA, 0xBA, 0xAF, 0xAD, 0xBB, 0xC1, 0xB3, 0xB5, 0xB5, 0xB5, 0xB7,
    0xC1, 0xBB, 0xA9, 0xB6, 0xBE, 0xAA, 0xB5, 0xCA, 0xBB, 0xB2, 0xA9, 0xAA, 0xB5, 0xB6, 0xB2, 0xB7, 0xC1, 0xBC, 0xBD, 0xB7,
    0xBB, 0xB8, 0xBD, 0xB7, 0xB4, 0xC1, 0xBC, 0xC1, 0xBC, 0xB8, 0xCA, 0xB7, 0xCE, 0xCF, 0xAA, 0xB4, 0xC9, 0xB8, 0xBD, 0xC7,
    0xCF, 0xCA, 0xCF, 0xD8, 0xCC, 0xD7, 0xCA, 0xC1, 0xBB, 0xBB, 0xC7, 0xCF, 0xBB, 0xB4, 0xC0, 0xB3, 0xCC, 0xCA, 0xCF, 0xD4,
    0xC3, 0xCC, 0xC3, 0xC6, 0xC3, 0xC6, 0xD4, 0xC6, 0xC2, 0xD7, 0xB6, 0xFF, 0xFF, 0xFF, 0xFF, 0xFF, 0xFF, 0xFF, 0xFF, 0xFF,
    0xFF, 0xFF, 0xFF, 0xFF, 0xFF, 0xFF, 0xFF, 0xFF, 0xFF, 0xFF, 0xFF, 0xFF, 0xFF, 0xFF, 0xFF, 0xFF, 0xFF, 0xFF, 0xFF, 0xFF,
    0xFF, 0xFF, 0xFF, 0xFF, 0xFF, 0xFF, 0xFF, 0xFF, 0xFF, 0xFF, 0xFF, 0xFF, 0xFF, 0xFF, 0xFF, 0xFF, 0xFF, 0xFF, 0xFF, 0xFF,
    0xFF, 0xFF, 0xFF, 0xFF, 0xFF, 0xFF, 0xFF, 0xFF, 0xFF, 0xFF, 0xFF, 0xFF, 0xFF, 0xFF, 0xFF, 0xFF, 0xFF, 0xFF, 0xFF, 0xFF,
    0xFF, 0xFF, 0xFF, 0xFF, 0xFF, 0xFF, 0xFF, 0xFF, 0xFF, 0xFF, 0xFF, 0xFF, 0xFF, 0xFF, 0xFF, 0xFF, 0xFF, 0xFF, 0xFF, 0xFF,
    0xFF, 0xFF, 0xFF, 0xFF, 0xFF, 0xFF, 0xFF, 0xFF, 0xFF, 0xFF, 0xFF, 0xFF, 0xFF, 0xFF, 0xFF, 0xFF, 0xFF, 0xFF, 0xFF, 0xFF,
    0xFF, 0xFF, 0xFF, 0xFF, 0xFF, 0xFF, 0xFF, 0xFF, 0xFF, 0xFF, 0xFF, 0xFF, 0xFF, 0xFF, 0xFF, 0xFF, 0xFF, 0xFF, 0xFF, 0xFF,
    0xFF, 0xFF, 0xFF, 0xFF, 0xFF, 0xFF, 0xFF, 0xFF, 0xFF, 0xFF, 0xFF, 0xFF, 0x93, 0xA5, 0xA5, 0xB1, 0xB1, 0xA8, 0xAA, 0xA9,
    0xB4, 0xB2, 0xAD, 0xBA, 0xAC, 0xAA, 0xAD, 0xAC, 0xAF, 0xB3, 0xB2, 0xB4, 0xAB, 0xB2, 0xB3, 0xB4, 0xB4, 0xB4, 0xB2, 0xB7,
    0xC3, 0xC1, 0xAA, 0xB5, 0xC2, 0xBC, 0xB7, 0xC1, 0xB1, 0xB3, 0xA7, 0xA9, 0xB1, 0xB8, 0xB4, 0xC2, 0xB7, 0xB7, 0xCC, 0xBD,
    0xBD, 0xBD, 0xC9, 0xB8, 0xB7, 0xBA, 0xB7, 0xB2, 0xC3, 0xBB, 0xB8, 0xC1, 0xCE, 0xCC, 0xBD, 0xBB, 0xB7, 0xBD, 0xBD, 0xCF,
    0xD3, 0xCD, 0xD9, 0xD3, 0xCA, 0xCA, 0xC2, 0xBB, 0xBC, 0xC5, 0xC5, 0xB7, 0xB8, 0xB7, 0xB1, 0xB6, 0xBD, 0xD9, 0xC6, 0xD3,
    0xDD, 0xD7, 0xD7, 0xC6, 0xC0, 0xBD, 0xD7, 0xBB, 0xBC, 0xFF, 0xFF, 0xFF, 0xFF, 0xFF, 0xFF, 0xFF, 0xFF, 0xFF, 0xFF, 0xFF,
    0xFF, 0xFF, 0xFF, 0xFF, 0xFF, 0xFF, 0xFF, 0xFF, 0xFF, 0xFF, 0xFF, 0xFF, 0xFF, 0xFF, 0xFF, 0xFF, 0xFF, 0xFF, 0xFF, 0xFF,
    0xFF, 0xFF, 0xFF, 0xFF, 0xFF, 0xFF, 0xFF, 0xFF, 0xFF, 0xFF, 0xFF, 0xFF, 0xFF, 0xFF, 0xFF, 0xFF, 0xFF, 0xFF, 0xFF, 0xFF,
    0xFF, 0xFF, 0xFF, 0xFF, 0xFF, 0xFF, 0xFF, 0xFF, 0xFF, 0xFF, 0xFF, 0xFF, 0xFF, 0xFF, 0xFF, 0xFF, 0xFF, 0xFF, 0xFF, 0xFF,
    0xFF, 0xFF, 0xFF, 0xFF, 0xFF, 0xFF, 0xFF, 0xFF, 0xFF, 0xFF, 0xFF, 0xFF, 0xFF, 0xFF, 0xFF, 0xFF, 0xFF, 0xFF, 0xFF, 0xFF,
    0xFF, 0xFF, 0xFF, 0xFF, 0xFF, 0xFF, 0xFF, 0xFF, 0xFF, 0xFF, 0xFF, 0xFF, 0xFF, 0xFF, 0xFF, 0xFF, 0xFF, 0xFF, 0xFF, 0xFF,
    0xFF, 0xFF, 0xFF, 0xFF, 0xFF, 0xFF, 0xFF, 0xFF, 0xFF, 0xFF, 0xFF, 0xFF, 0xFF, 0xFF, 0xFF, 0xFF, 0xFF, 0xFF, 0xFF, 0xFF,
    0xFF, 0xFF, 0xFF, 0xFF, 0xFF, 0xFF, 0xFF, 0xFF, 0xFF, 0xFF, 0xFF, 0xFF, 0xFF, 0xFF, 0x8D, 0x9B, 0xAC, 0xAD, 0xAD, 0xB1,
    0xAD, 0xAC, 0xB4, 0xAA, 0xB9, 0xB1, 0xA7, 0xAB, 0xB2, 0xAA, 0xAD, 0xB9, 0xA6, 0xAB, 0xAF, 0xB2, 0xAD, 0xB3, 0xB3, 0xAA,
    0xAF, 0xC1, 0xBC, 0xC1, 0xBC, 0xC6, 0xB3, 0xCA, 0xAD, 0xB7, 0xBB, 0xA5, 0xA9, 0xB3, 0xB2, 0xAE, 0xB9, 0xB1, 0xB4, 0xBD,
    0xB8, 0xCA, 0xCA, 0xBF, 0xC4, 0xBC, 0xC2, 0xB9, 0xBC, 0xBD, 0xC1, 0xC1, 0xB3, 0xB5, 0xC1, 0xC1, 0xBB, 0xCF, 0xBD, 0xC2,
    0xCF, 0xCF, 0xCF, 0xC2, 0xCE, 0xCB, 0xD4, 0xCE, 0xBD, 0xD3, 0xD9, 0xBD, 0xB8, 0xB2, 0xB3, 0xB8, 0xCA, 0xD7, 0xCC, 0xCB,
    0xD1, 0xD0, 0xDE, 0xD8, 0xD1, 0xCC, 0xD0, 0xFF, 0xFF, 0xFF, 0xFF, 0xFF, 0xFF, 0xFF, 0xFF, 0xFF, 0xFF, 0xFF, 0xFF, 0xFF,
    0xFF, 0xFF, 0xFF, 0xFF, 0xFF, 0xFF, 0xFF, 0xFF, 0xFF, 0xFF, 0xFF, 0xFF, 0xFF, 0xFF, 0xFF, 0xFF, 0xFF, 0xFF, 0xFF, 0xFF,
    0xFF, 0xFF, 0xFF, 0xFF, 0xFF, 0xFF, 0xFF, 0xFF, 0xFF, 0xFF, 0xFF, 0xFF, 0xFF, 0xFF, 0xFF, 0xFF, 0xFF, 0xFF, 0xFF, 0xFF,
    0xFF, 0xFF, 0xFF, 0xFF, 0xFF, 0xFF, 0xFF, 0xFF, 0xFF, 0xFF, 0xFF, 0xFF, 0xFF, 0xFF, 0xFF, 0xFF, 0xFF, 0xFF, 0xFF, 0xFF,
    0xFF, 0xFF, 0xFF, 0xFF, 0xFF, 0xFF, 0xFF, 0xFF, 0xFF, 0xFF, 0xFF, 0xFF, 0xFF, 0xFF, 0xFF, 0xFF, 0xFF, 0xFF, 0xFF, 0xFF,
    0xFF, 0xFF, 0xFF, 0xFF, 0xFF, 0xFF, 0xFF, 0xFF, 0xFF, 0xFF, 0xFF, 0xFF, 0xFF, 0xFF, 0xFF, 0xFF, 0xFF, 0xFF, 0xFF, 0xFF,
    0xFF, 0xFF, 0xFF, 0xFF, 0xFF, 0xFF, 0xFF, 0xFF, 0xFF, 0xFF, 0xFF, 0xFF, 0xFF, 0xFF, 0xFF, 0xFF, 0xFF, 0xFF, 0xFF, 0xFF,
    0xFF, 0xFF, 0xFF, 0xFF, 0xFF, 0xFF, 0xFF, 0xFF, 0xFF, 0xFF, 0xFF, 0xFF, 0xFF, 0xFF, 0xFF, 0xFF, 0xFF, 0xB1, 0xB5, 0xB5,
    0xAA, 0xAC, 0xB4, 0x9E, 0xB6, 0xB8, 0xB5, 0xAA, 0xAC, 0xAC, 0xB3, 0xB5, 0xB3, 0xBE, 0xBF, 0xA7, 0xB3, 0xC2, 0xBC, 0xB3,
    0xB4, 0xBC, 0xB8, 0xBD, 0xCA, 0xC9, 0xB1, 0xC1, 0xD4, 0xB8, 0xBD, 0xBD, 0xCC, 0xB6, 0xA8, 0xB6, 0xC9, 0xAF, 0xB4, 0xC9,
    0xCA, 0xC9, 0xD9, 0xCC, 0xBC, 0xC0, 0xBB, 0xC1, 0xCC, 0xD0, 0xCB, 0xB8, 0xB8, 0xBC, 0xC9, 0xC3, 0xBC, 0xD1, 0xCE, 0xB7,
    0xBD, 0xC2, 0xCC, 0xB8, 0xC9, 0xBC, 0xC2, 0xC1, 0xC1, 0xD4, 0xD4, 0xCA, 0xC9, 0xCA, 0xCC, 0xB8, 0xDE, 0xDE, 0xCC, 0xE1,
    0xDE, 0xC9, 0xD7, 0xE5, 0xFF, 0xFF, 0xFF, 0xFF, 0xFF, 0xFF, 0xFF, 0xFF, 0xFF, 0xFF, 0xFF, 0xFF, 0xFF, 0xFF, 0xFF, 0xFF,
    0xFF, 0xFF, 0xFF, 0xFF, 0xFF, 0xFF, 0xFF, 0xFF, 0xFF, 0xFF, 0xFF, 0xFF, 0xFF, 0xFF, 0xFF, 0xFF, 0xFF, 0xFF, 0xFF, 0xFF,
    0xFF, 0xFF, 0xFF, 0xFF, 0xFF, 0xFF, 0xFF, 0xFF, 0xFF, 0xFF, 0xFF, 0xFF, 0xFF, 0xFF, 0xFF, 0xFF, 0xFF, 0xFF, 0xFF, 0xFF,
    0xFF, 0xFF, 0xFF, 0xFF, 0xFF, 0xFF, 0xFF, 0xFF, 0xFF, 0xFF, 0xFF, 0xFF, 0xFF, 0xFF, 0xFF, 0xFF, 0xFF, 0xFF, 0xFF, 0xFF,
    0xFF, 0xFF, 0xFF, 0xFF, 0xFF, 0xFF, 0xFF, 0xFF, 0xFF, 0xFF, 0xFF, 0xFF, 0xFF, 0xFF, 0xFF, 0xFF, 0xFF, 0xFF, 0xFF, 0xFF,
    0xFF, 0xFF, 0xFF, 0xFF, 0xFF, 0xFF, 0xFF, 0xFF, 0xFF, 0xFF, 0xFF, 0xFF, 0xFF, 0xFF, 0xFF, 0xFF, 0xFF, 0xFF, 0xFF, 0xFF,
    0xFF, 0xFF, 0xFF, 0xFF, 0xFF, 0xFF, 0xFF, 0xFF, 0xFF, 0xFF, 0xFF, 0xFF, 0xFF, 0xFF, 0xFF, 0xFF, 0xFF, 0xFF, 0xFF, 0xFF,
    0xFF, 0xFF, 0xFF, 0xFF, 0xFF, 0xFF, 0xFF, 0xFF, 0xFF, 0xFF, 0xFF, 0xFF, 0xFF, 0xFF, 0xFF, 0xFF, 0xFF, 0xFF, 0xFF, 0x32,
    0x00, 0xA7, 0x32, 0x32, 0xA1, 0x32, 0x32, 0x63, 0xAF, 0x00, 0xA2, 0xA4, 0x32, 0xB0, 0xC4, 0xB4, 0x97, 0x00, 0x32, 0xB4,
    0x32, 0x00, 0x63, 0xB6, 0x05, 0x00, 0xB6, 0xA7, 0x00, 0xAB, 0xB9, 0x00, 0x32, 0xC9, 0x32, 0x32, 0x32, 0x32, 0x87, 0x73,
    0x05, 0xDE, 0x32, 0x32, 0x32, 0xCC, 0xBA, 0xCA, 0x32, 0x32, 0xE2, 0x32, 0x32, 0xDE, 0x63, 0x00, 0xA2, 0x32, 0x00, 0xA1,
    0xD4, 0xE1, 0x63, 0x00, 0x63, 0xCE, 0x00, 0x32, 0xD4, 0x32, 0x00, 0xD7, 0x32, 0x00, 0xD1, 0x63, 0x00, 0x63, 0xD2, 0x05,
    0x05, 0xD2, 0xFF, 0xFF, 0xFF, 0xFF, 0xFF, 0xFF, 0xFF, 0xFF, 0xFF, 0xFF, 0xFF, 0xFF, 0xFF, 0xFF, 0xFF, 0xFF, 0xFF, 0xFF,
    0xFF, 0xFF, 0xFF, 0xFF, 0xFF, 0xFF, 0xFF, 0xFF, 0xFF, 0xFF, 0xFF, 0xFF, 0xFF, 0xFF, 0xFF, 0xFF, 0xFF, 0xFF, 0xFF, 0xFF,
    0xFF, 0xFF, 0xFF, 0xFF, 0xFF, 0xFF, 0xFF, 0xFF, 0xFF, 0xFF, 0xFF, 0xFF, 0xFF, 0xFF, 0xFF, 0xFF, 0xFF, 0xFF, 0xFF, 0xFF,
    0xFF, 0xFF, 0xFF, 0xFF, 0xFF, 0xFF, 0xFF, 0xFF, 0xFF, 0xFF, 0xFF, 0xFF, 0xFF, 0xFF, 0xFF, 0xFF, 0xFF, 0xFF, 0xFF, 0xFF,
    0xFF, 0xFF, 0xFF, 0xFF, 0xFF, 0xFF, 0xFF, 0xFF, 0xFF, 0xFF, 0xFF, 0xFF, 0xFF, 0xFF, 0xFF, 0xFF, 0xFF, 0xFF, 0xFF, 0xFF,
    0xFF, 0xFF, 0xFF, 0xFF, 0xFF, 0xFF, 0xFF, 0xFF, 0xFF, 0xFF, 0xFF, 0xFF, 0xFF, 0xFF, 0xFF, 0xFF, 0xFF, 0xFF, 0xFF, 0xFF,
    0xFF, 0xFF, 0xFF, 0xFF, 0xFF, 0xFF, 0xFF, 0xFF, 0xFF, 0xFF, 0xFF, 0xFF, 0xFF, 0xFF, 0xFF, 0xFF, 0xFF, 0xFF, 0xFF, 0xFF,
    0xFF, 0xFF, 0xFF, 0xFF, 0xFF, 0xFF, 0xFF, 0xFF, 0xFF, 0xFF, 0xFF, 0xFF, 0xFF, 0xFF, 0xFF, 0xFF, 0xFF, 0xFF, 0xFF, 0xFF,
    0xFF, 0xFF, 0x32, 0x32, 0x63, 0x00, 0x00, 0x63, 0x97, 0x00, 0x63, 0xB0, 0x00, 0xAE, 0xAE, 0xBC, 0x63, 0x00, 0x00, 0xA5,
    0x05, 0x00, 0x32, 0xA1, 0x00, 0x00, 0x63, 0x87, 0x00, 0x79, 0xA5, 0x00, 0x00, 0x73, 0x32, 0x00, 0x00, 0x00, 0xB1, 0x32,
    0x00, 0xD7, 0x63, 0x00, 0x32, 0xDE, 0xCA, 0x97, 0x00, 0xA1, 0xDE, 0x00, 0x00, 0xE2, 0x00, 0x32, 0xC9, 0x63, 0x00, 0xCD,
    0xC4, 0xD7, 0x32, 0x00, 0x00, 0xA7, 0x00, 0xA2, 0xC2, 0x00, 0xA1, 0xA2, 0x00, 0x00, 0x63, 0x63, 0x00, 0x00, 0xB1, 0xFF,
    0xFF, 0xFF, 0xFF, 0xFF, 0xFF, 0xFF, 0xFF, 0xFF, 0xFF, 0xFF, 0xFF, 0xFF, 0xFF, 0xFF, 0xFF, 0xFF, 0xFF, 0xFF, 0xFF, 0xFF,
    0xFF, 0xFF, 0xFF, 0xFF, 0xFF, 0xFF, 0xFF, 0xFF, 0xFF, 0xFF, 0xFF, 0xFF, 0xFF, 0xFF, 0xFF, 0xFF, 0xFF, 0xFF, 0xFF, 0xFF,
    0xFF, 0xFF, 0xFF, 0xFF, 0xFF, 0xFF, 0xFF, 0xFF, 0xFF, 0xFF, 0xFF, 0xFF, 0xFF, 0xFF, 0xFF, 0xFF, 0xFF, 0xFF, 0xFF, 0xFF,
    0xFF, 0xFF, 0xFF, 0xFF, 0xFF, 0xFF, 0xFF, 0xFF, 0xFF, 0xFF, 0xFF, 0xFF, 0xFF, 0xFF, 0xFF, 0xFF, 0xFF, 0xFF, 0xFF, 0xFF,
    0xFF, 0xFF, 0xFF, 0xFF, 0xFF, 0xFF, 0xFF, 0xFF, 0xFF, 0xFF, 0xFF, 0xFF, 0xFF, 0xFF, 0xFF, 0xFF, 0xFF, 0xFF, 0xFF, 0xFF,
    0xFF, 0xFF, 0xFF, 0xFF, 0xFF, 0xFF, 0xFF, 0xFF, 0xFF, 0xFF, 0xFF, 0xFF, 0xFF, 0xFF, 0xFF, 0xFF, 0xFF, 0xFF, 0xFF, 0xFF,
    0xFF, 0xFF, 0xFF, 0xFF, 0xFF, 0xFF, 0xFF, 0xFF, 0xFF, 0xFF, 0xFF, 0xFF, 0xFF, 0xFF, 0xFF, 0xFF, 0xFF, 0xFF, 0xFF, 0xFF,
    0xFF, 0xFF, 0xFF, 0xFF, 0xFF, 0xFF, 0xFF, 0xFF, 0xFF, 0xFF, 0xFF, 0xFF, 0xFF, 0xFF, 0xFF, 0xFF, 0xFF, 0xFF, 0xFF, 0xFF,
    0xFF, 0xFF, 0xFF, 0xFF, 0xFF, 0x00, 0x00, 0x97, 0x63, 0x00, 0x32, 0xAB, 0x00, 0xAE, 0xAF, 0xB4, 0x73, 0x00, 0x00, 0xC9,
    0x32, 0x00, 0x63, 0x63, 0x05, 0x05, 0x63, 0x63, 0x00, 0x63, 0xA7, 0x05, 0x05, 0x32, 0x63, 0x00, 0x00, 0x00, 0xC9, 0x32,
    0x00, 0xA2, 0xBF, 0x00, 0xA2, 0xCE, 0xCC, 0x63, 0x00, 0xD7, 0xC9, 0x00, 0x00, 0xC6, 0xA1, 0x00, 0xA4, 0x97, 0x00, 0xC9,
    0xB7, 0xD7, 0x32, 0x00, 0x32, 0xCD, 0x00, 0x32, 0xA2, 0x00, 0xEA, 0x63, 0x05, 0x32, 0x32, 0x63, 0xFF, 0xFF, 0xFF, 0xFF,
    0xFF, 0xFF, 0xFF, 0xFF, 0xFF, 0xFF, 0xFF, 0xFF, 0xFF, 0xFF, 0xFF, 0xFF, 0xFF, 0xFF, 0xFF, 0xFF, 0xFF, 0xFF, 0xFF, 0xFF,
    0xFF, 0xFF, 0xFF, 0xFF, 0xFF, 0xFF, 0xFF, 0xFF, 0xFF, 0xFF, 0xFF, 0xFF, 0xFF, 0xFF, 0xFF, 0xFF, 0xFF, 0xFF, 0xFF, 0xFF,
    0xFF, 0xFF, 0xFF, 0xFF, 0xFF, 0xFF, 0xFF, 0xFF, 0xFF, 0xFF, 0xFF, 0xFF, 0xFF, 0xFF, 0xFF, 0xFF, 0xFF, 0xFF, 0xFF, 0xFF,
    0xFF, 0xFF, 0xFF, 0xFF, 0xFF, 0xFF, 0xFF, 0xFF, 0xFF, 0xFF, 0xFF, 0xFF, 0xFF, 0xFF, 0xFF, 0xFF, 0xFF, 0xFF, 0xFF, 0xFF,
    0xFF, 0xFF, 0xFF, 0xFF, 0xFF, 0xFF, 0xFF, 0xFF, 0xFF, 0xFF, 0xFF, 0xFF, 0xFF, 0xFF, 0xFF, 0xFF, 0xFF, 0xFF, 0xFF, 0xFF,
    0xFF, 0xFF, 0xFF, 0xFF, 0xFF, 0xFF, 0xFF, 0xFF, 0xFF, 0xFF, 0xFF, 0xFF, 0xFF, 0xFF, 0xFF, 0xFF, 0xFF, 0xFF, 0xFF, 0xFF,
    0xFF, 0xFF, 0xFF, 0xFF, 0xFF, 0xFF, 0xFF, 0xFF, 0xFF, 0xFF, 0xFF, 0xFF, 0xFF, 0xFF, 0xFF, 0xFF, 0xFF, 0xFF, 0xFF, 0xFF,
    0xFF, 0xFF, 0xFF, 0xFF, 0xFF, 0xFF, 0xFF, 0xFF, 0xFF, 0xFF, 0xFF, 0xFF, 0xFF, 0xFF, 0xFF, 0xFF, 0xFF, 0xFF, 0xFF, 0xFF,
    0xFF, 0xFF, 0xFF, 0xFF, 0xFF, 0xFF, 0xFF, 0xFF, 0x32, 0x00, 0x05, 0xA7, 0x00, 0xA2, 0xBC, 0xB4, 0x63, 0x00, 0x00, 0xA2,
    0x32, 0x00, 0x63, 0x97, 0x00, 0x00, 0x73, 0x32, 0x00, 0x05, 0x95, 0x00, 0x00, 0x63, 0x79, 0x00, 0x00, 0x00, 0xD7, 0x00,
    0x00, 0x32, 0xDE, 0x00, 0xA4, 0xC6, 0xD7, 0xA2, 0x00, 0xA2, 0xA2, 0x00, 0x00, 0x63, 0xBD, 0x00, 0x32, 0x97, 0x00, 0xC9,
    0xBE, 0xDE, 0x32, 0x00, 0x32, 0xD7, 0x00, 0xA2, 0xB0, 0x00, 0xA1, 0xB0, 0x00, 0xFF, 0xFF, 0xFF, 0xFF, 0xFF, 0xFF, 0xFF,
    0xFF, 0xFF, 0xFF, 0xFF, 0xFF, 0xFF, 0xFF, 0xFF, 0xFF, 0xFF, 0xFF, 0xFF, 0xFF, 0xFF, 0xFF, 0xFF, 0xFF, 0xFF, 0xFF, 0xFF,
    0xFF, 0xFF, 0xFF, 0xFF, 0xFF, 0xFF, 0xFF, 0xFF, 0xFF, 0xFF, 0xFF, 0xFF, 0xFF, 0xFF, 0xFF, 0xFF, 0xFF, 0xFF, 0xFF, 0xFF,
    0xFF, 0xFF, 0xFF, 0xFF, 0xFF, 0xFF, 0xFF, 0xFF, 0xFF, 0xFF, 0xFF, 0xFF, 0xFF, 0xFF, 0xFF, 0xFF, 0xFF, 0xFF, 0xFF, 0xFF,
    0xFF, 0xFF, 0xFF, 0xFF, 0xFF, 0xFF, 0xFF, 0xFF, 0xFF, 0xFF, 0xFF, 0xFF, 0xFF, 0xFF, 0xFF, 0xFF, 0xFF, 0xFF, 0xFF, 0xFF,
    0xFF, 0xFF, 0xFF, 0xFF, 0xFF, 0xFF, 0xFF, 0xFF, 0xFF, 0xFF, 0xFF, 0xFF, 0xFF, 0xFF, 0xFF, 0xFF, 0xFF, 0xFF, 0xFF, 0xFF,
    0xFF, 0xFF, 0xFF, 0xFF, 0xFF, 0xFF, 0xFF, 0xFF, 0xFF, 0xFF, 0xFF, 0xFF, 0xFF, 0xFF, 0xFF, 0xFF, 0xFF, 0xFF, 0xFF, 0xFF,
    0xFF, 0xFF, 0xFF, 0xFF, 0xFF, 0xFF, 0xFF, 0xFF, 0xFF, 0xFF, 0xFF, 0xFF, 0xFF, 0xFF, 0xFF, 0xFF, 0xFF, 0xFF, 0xFF, 0xFF,
    0xFF, 0xFF, 0xFF, 0xFF, 0xFF, 0xFF, 0xFF, 0xFF, 0xFF, 0xFF, 0xFF, 0xFF, 0xFF, 0xFF, 0xFF, 0xFF, 0xFF, 0xFF, 0xFF, 0xFF,
    0xFF, 0xFF, 0xFF, 0xFF, 0xFF, 0xFF, 0xFF, 0xFF, 0xFF, 0xFF, 0xFF, 0xFF, 0x00, 0x32, 0xC1, 0xB2, 0x79, 0x00, 0x32, 0xCE,
    0x32, 0x32, 0x32, 0xD7, 0x05, 0x05, 0xC9, 0x32, 0x63, 0x32, 0xA9, 0x00, 0x32, 0xB4, 0x99, 0x05, 0x32, 0x32, 0xC9, 0x32,
    0x63, 0x32, 0xDE, 0x32, 0xAB, 0xCA, 0xC2, 0xD7, 0x32, 0x32, 0x97, 0x32, 0x32, 0x63, 0x63, 0x00, 0xA2, 0xA2, 0x32, 0xC1,
    0xC7, 0xE1, 0x63, 0x32, 0x32, 0xC2, 0x00, 0x32, 0xE1, 0xFF, 0xFF, 0xFF, 0xFF, 0xFF, 0xFF, 0xFF, 0xFF, 0xFF, 0xFF, 0xFF,
    0xFF, 0xFF, 0xFF, 0xFF, 0xFF, 0xFF, 0xFF, 0xFF, 0xFF, 0xFF, 0xFF, 0xFF, 0xFF, 0xFF, 0xFF, 0xFF, 0xFF, 0xFF, 0xFF, 0xFF,
    0xFF, 0xFF, 0xFF, 0xFF, 0xFF, 0xFF, 0xFF, 0xFF, 0xFF, 0xFF, 0xFF, 0xFF, 0xFF, 0xFF, 0xFF, 0xFF, 0xFF, 0xFF, 0xFF, 0xFF,
    0xFF, 0xFF, 0xFF, 0xFF, 0xFF, 0xFF, 0xFF, 0xFF, 0xFF, 0xFF, 0xFF, 0xFF, 0xFF, 0xFF, 0xFF, 0xFF, 0xFF, 0xFF, 0xFF, 0xFF,
    0xFF, 0xFF, 0xFF, 0xFF, 0xFF, 0xFF, 0xFF, 0xFF, 0xFF, 0xFF, 0xFF, 0xFF, 0xFF, 0xFF, 0xFF, 0xFF, 0xFF, 0xFF, 0xFF, 0xFF,
    0xFF, 0xFF, 0xFF, 0xFF, 0xFF, 0xFF, 0xFF, 0xFF, 0xFF, 0xFF, 0xFF, 0xFF, 0xFF, 0xFF, 0xFF, 0xFF, 0xFF, 0xFF, 0xFF, 0xFF,
    0xFF, 0xFF, 0xFF, 0xFF, 0xFF, 0xFF, 0xFF, 0xFF, 0xFF, 0xFF, 0xFF, 0xFF, 0xFF, 0xFF, 0xFF, 0xFF, 0xFF, 0xFF, 0xFF, 0xFF,
    0xFF, 0xFF, 0xFF, 0xFF, 0xFF, 0xFF, 0xFF, 0xFF, 0xFF, 0xFF, 0xFF, 0xFF, 0xFF, 0xFF, 0xFF, 0xFF, 0xFF, 0xFF, 0xFF, 0xFF,
    0xFF, 0xFF, 0xFF, 0xFF, 0xFF, 0xFF, 0xFF, 0xFF, 0xFF, 0xFF, 0xFF, 0xFF, 0xFF, 0xFF, 0xFF, 0xFF, 0xFF, 0xFF, 0xFF, 0xFF,
    0xFF, 0xFF, 0xFF, 0xFF, 0xFF, 0xFF, 0xFF, 0xFF, 0xFF, 0xFF, 0xFF, 0xFF, 0xFF, 0xFF, 0xFF, 0xFF, 0xAA, 0xC1, 0xBC, 0xC1,
    0xC1, 0xCB, 0xB8, 0xC0, 0xD7, 0xC9, 0xCA, 0xB8, 0xB8, 0xB6, 0xAA, 0xB6, 0xB4, 0xAC, 0xA9, 0xB8, 0xCE, 0xCA, 0xBD, 0xD7,
    0xC9, 0xCC, 0xD4, 0xCA, 0xC1, 0xCE, 0xCD, 0xCE, 0xD7, 0xC2, 0xB6, 0xBC, 0xBC, 0xCE, 0xCC, 0xB6, 0xB4, 0xD1, 0xD4, 0xC1,
    0xBC, 0xCD, 0xCC, 0xCE, 0xCA, 0xFF, 0xFF, 0xFF, 0xFF, 0xFF, 0xFF, 0xFF, 0xFF, 0xFF, 0xFF, 0xFF, 0xFF, 0xFF, 0xFF, 0xFF,
    0xFF, 0xFF, 0xFF, 0xFF, 0xFF, 0xFF, 0xFF, 0xFF, 0xFF, 0xFF, 0xFF, 0xFF, 0xFF, 0xFF, 0xFF, 0xFF, 0xFF, 0xFF, 0xFF, 0xFF,
    0xFF, 0xFF, 0xFF, 0xFF, 0xFF, 0xFF, 0xFF, 0xFF, 0xFF, 0xFF, 0xFF, 0xFF, 0xFF, 0xFF, 0xFF, 0xFF, 0xFF, 0xFF, 0xFF, 0xFF,
    0xFF, 0xFF, 0xFF, 0xFF, 0xFF, 0xFF, 0xFF, 0xFF, 0xFF, 0xFF, 0xFF, 0xFF, 0xFF, 0xFF, 0xFF, 0xFF, 0xFF, 0xFF, 0xFF, 0xFF,
    0xFF, 0xFF, 0xFF, 0xFF, 0xFF, 0xFF, 0xFF, 0xFF, 0xFF, 0xFF, 0xFF, 0xFF, 0xFF, 0xFF, 0xFF, 0xFF, 0xFF, 0xFF, 0xFF, 0xFF,
    0xFF, 0xFF, 0xFF, 0xFF, 0xFF, 0xFF, 0xFF, 0xFF, 0xFF, 0xFF, 0xFF, 0xFF, 0xFF, 0xFF, 0xFF, 0xFF, 0xFF, 0xFF, 0xFF, 0xFF,
    0xFF, 0xFF, 0xFF, 0xFF, 0xFF, 0xFF, 0xFF, 0xFF, 0xFF, 0xFF, 0xFF, 0xFF, 0xFF, 0xFF, 0xFF, 0xFF, 0xFF, 0xFF, 0xFF, 0xFF,
    0xFF, 0xFF, 0xFF, 0xFF, 0xFF, 0xFF, 0xFF, 0xFF, 0xFF, 0xFF, 0xFF, 0xFF, 0xFF, 0xFF, 0xFF, 0xFF, 0xFF, 0xFF, 0xFF, 0xFF,
    0xFF, 0xFF, 0xFF, 0xFF, 0xFF, 0xFF, 0xFF, 0xFF, 0xFF, 0xFF, 0xFF, 0xFF, 0xFF, 0xFF, 0xFF, 0xFF, 0xFF, 0xFF, 0xFF, 0xFF,
    0xFF, 0xFF, 0xFF, 0xFF, 0xFF, 0xFF, 0xFF, 0xFF, 0xFF, 0xFF, 0xFF, 0xFF, 0xFF, 0xFF, 0xFF, 0xFF, 0xFF, 0xFF, 0xFF, 0xFF,
    0xFF, 0xFF, 0xB7, 0xB4, 0xBB, 0xB7, 0xB1, 0xB3, 0xB1, 0xB2, 0xBA, 0xB5, 0xA5, 0xB4, 0xB4, 0xB3, 0xB3, 0xC1, 0xCC, 0xC2,
    0xBD, 0xCB, 0xCC, 0xBA, 0xBB, 0xB3, 0xBD, 0xB9, 0xBF, 0xB7, 0xB7, 0xB2, 0xBB, 0xBD, 0xB7, 0xB3, 0xBA, 0xC6, 0xCB, 0xFF,
    0xFF, 0xFF, 0xFF, 0xFF, 0xFF, 0xFF, 0xFF, 0xFF, 0xFF, 0xFF, 0xFF, 0xFF, 0xFF, 0xFF, 0xFF, 0xFF, 0xFF, 0xFF, 0xFF, 0xFF,
    0xFF, 0xFF, 0xFF, 0xFF, 0xFF, 0xFF, 0xFF, 0xFF, 0xFF, 0xFF, 0xFF, 0xFF, 0xFF, 0xFF, 0xFF, 0xFF, 0xFF, 0xFF, 0xFF, 0xFF,
    0xFF, 0xFF, 0xFF, 0xFF, 0xFF, 0xFF, 0xFF, 0xFF, 0xFF, 0xFF, 0xFF, 0xFF, 0xFF, 0xFF, 0xFF, 0xFF, 0xFF, 0xFF, 0xFF, 0xFF,
    0xFF, 0xFF, 0xFF, 0xFF, 0xFF, 0xFF, 0xFF, 0xFF, 0xFF, 0xFF, 0xFF, 0xFF, 0xFF, 0xFF, 0xFF, 0xFF, 0xFF, 0xFF, 0xFF, 0xFF,
    0xFF, 0xFF, 0xFF, 0xFF, 0xFF, 0xFF, 0xFF, 0xFF, 0xFF, 0xFF, 0xFF, 0xFF, 0xFF, 0xFF, 0xFF, 0xFF, 0xFF, 0xFF, 0xFF, 0xFF,
    0xFF, 0xFF, 0xFF, 0xFF, 0xFF, 0xFF, 0xFF, 0xFF, 0xFF, 0xFF, 0xFF, 0xFF, 0xFF, 0xFF, 0xFF, 0xFF, 0xFF, 0xFF, 0xFF, 0xFF,
    0xFF, 0xFF, 0xFF, 0xFF, 0xFF, 0xFF, 0xFF, 0xFF, 0xFF, 0xFF, 0xFF, 0xFF, 0xFF, 0xFF, 0xFF, 0xFF, 0xFF, 0xFF, 0xFF, 0xFF,
    0xFF, 0xFF, 0xFF, 0xFF, 0xFF, 0xFF, 0xFF, 0xFF, 0xFF, 0xFF, 0xFF, 0xFF, 0xFF, 0xFF, 0xFF, 0xFF, 0xFF, 0xFF, 0xFF, 0xFF,
    0xFF, 0xFF, 0xFF, 0xFF, 0xFF, 0xFF, 0xFF, 0xFF, 0xFF, 0xFF, 0xFF, 0xFF, 0xFF, 0xFF, 0xFF, 0xFF, 0xFF, 0xFF, 0xFF, 0xFF,
    0xFF, 0xFF, 0xFF, 0xFF, 0xFF, 0xFF, 0xFF, 0xFF, 0xFF, 0xFF, 0xFF, 0xFF, 0xFF, 0xFF, 0xFF, 0xFF, 0xFF, 0xFF, 0xFF, 0xFF,
    0xFF, 0xFF, 0xFF, 0xFF, 0xFF, 0xFF, 0xFF, 0xFF, 0xFF, 0xFF, 0xB8, 0xC2, 0xBF, 0xAD, 0xAA, 0xB2, 0xB1, 0xB7, 0xC9, 0xBC,
    0xB1, 0xB6, 0xB9, 0xB1, 0xB8, 0xB7, 0xB7, 0xB8, 0xBC, 0xB9, 0xC1, 0xFF, 0xFF, 0xFF, 0xFF, 0xFF, 0xFF, 0xFF, 0xFF, 0xFF,
    0xFF, 0xFF, 0xFF, 0xFF, 0xFF, 0xFF, 0xFF, 0xFF, 0xFF, 0xFF, 0xFF, 0xFF, 0xFF, 0xFF, 0xFF, 0xFF, 0xFF, 0xFF, 0xFF, 0xFF,
    0xFF, 0xFF, 0xFF, 0xFF, 0xFF, 0xFF, 0xFF, 0xFF, 0xFF, 0xFF, 0xFF, 0xFF, 0xFF, 0xFF, 0xFF, 0xFF, 0xFF, 0xFF, 0xFF, 0xFF,
    0xFF, 0xFF, 0xFF, 0xFF, 0xFF, 0xFF, 0xFF, 0xFF, 0xFF, 0xFF, 0xFF, 0xFF, 0xFF, 0xFF, 0xFF, 0xFF, 0xFF, 0xFF, 0xFF, 0xFF,
    0xFF, 0xFF, 0xFF, 0xFF, 0xFF, 0xFF, 0xFF, 0xFF, 0xFF, 0xFF, 0xFF, 0xFF, 0xFF, 0xFF, 0xFF, 0xFF, 0xFF, 0xFF, 0xFF, 0xFF,
    0xFF, 0xFF, 0xFF, 0xFF, 0xFF, 0xFF, 0xFF, 0xFF, 0xFF, 0xFF, 0xFF, 0xFF, 0xFF, 0xFF, 0xFF, 0xFF, 0xFF, 0xFF, 0xFF, 0xFF,
    0xFF, 0xFF, 0xFF, 0xFF, 0xFF, 0xFF, 0xFF, 0xFF, 0xFF, 0xFF, 0xFF, 0xFF, 0xFF, 0xFF, 0xFF, 0xFF, 0xFF, 0xFF, 0xFF, 0xFF,
    0xFF, 0xFF, 0xFF, 0xFF, 0xFF, 0xFF, 0xFF, 0xFF, 0xFF, 0xFF, 0xFF, 0xFF, 0xFF, 0xFF, 0xFF, 0xFF, 0xFF, 0xFF, 0xFF, 0xFF,
    0xFF, 0xFF, 0xFF, 0xFF, 0xFF, 0xFF, 0xFF, 0xFF, 0xFF, 0xFF, 0xFF, 0xFF, 0xFF, 0xFF, 0xFF, 0xFF, 0xFF, 0xFF, 0xFF, 0xFF,
    0xFF, 0xFF, 0xFF, 0xFF, 0xFF, 0xFF, 0xFF, 0xFF, 0xFF, 0xFF, 0xFF, 0xFF, 0xFF, 0xFF, 0xFF, 0xFF, 0xFF, 0xFF, 0xFF, 0xFF,
    0xFF, 0xFF, 0xFF, 0xFF, 0xFF, 0xFF, 0xFF, 0xFF, 0xFF, 0xFF, 0xFF, 0xFF, 0xFF, 0xFF, 0xFF, 0xFF, 0xFF, 0xFF, 0xFF, 0xFF,
    0xFF, 0xFF, 0xFF, 0xFF, 0xFF, 0xFF, 0xFF, 0xFF, 0xFF, 0xFF, 0xFF, 0xFF, 0xFF, 0xFF, 0xFF, 0xFF, 0xFF, 0xFF, 0xFF, 0xFF,
    0xFF, 0xFF, 0xFF, 0xFF, 0xFF, 0xFF, 0xFF, 0xFF, 0xFF, 0xFF, 0xFF, 0xFF, 0xFF, 0xFF, 0xFF, 0xFF, 0xFF, 0xFF, 0xFF, 0xFF,
    0xFF, 0xFF, 0xFF, 0xFF, 0xFF, 0xFF, 0xFF, 0xFF, 0xFF, 0xFF, 0xFF, 0xFF, 0xFF, 0xFF, 0xFF, 0xFF, 0xFF, 0xFF, 0xFF, 0xFF,
    0xFF, 0xFF, 0xFF, 0xFF, 0xFF, 0xFF, 0xFF, 0xFF, 0xFF, 0xFF, 0xFF, 0xFF, 0xFF, 0xFF, 0xFF, 0xFF, 0xFF, 0xFF, 0xFF, 0xFF,
    0xFF, 0xFF, 0xFF, 0xFF, 0xFF, 0xFF, 0xFF, 0xFF, 0xFF, 0xFF, 0xFF, 0xFF, 0xFF, 0xFF, 0xFF, 0xFF, 0xFF, 0xFF, 0xFF, 0xFF,
    0xFF, 0xFF, 0xFF, 0xFF, 0xFF, 0xFF, 0xFF, 0xFF, 0xFF, 0xFF, 0xFF, 0xFF, 0xFF, 0xFF, 0xFF, 0xFF, 0xFF, 0xFF, 0xFF, 0xFF,
    0xFF, 0xFF, 0xFF, 0xFF, 0xFF, 0xFF, 0xFF, 0xFF, 0xFF, 0xFF, 0xFF, 0xFF, 0xFF, 0xFF, 0xFF, 0xFF, 0xFF, 0xFF, 0xFF, 0xFF,
    }
  },
};
const uint8_t ALBUM_COUNT = sizeof(ALBUMS) / sizeof(ALBUMS[0]);
